layer,qhead,domain,n_steps,d_mean,d_ratio,D,tight_frac,selfloop,H0,H1,dH,dH_move,hub_id,hub_mass,hub_key_frac,hub_ws_frac,hub_pos_mean,tight_in_hub,esc_pct,h_esc,h_st_esc,f_step,local_mass,cov2_oracle,cov2_flow,cov2_static,cov2_recency,cov4_oracle,cov4_flow,cov4_static,cov4_recency,cov8_oracle,cov8_flow,cov8_static,cov8_recency
0,0,code,19960,7.9949,1.373,11.4287,0.0,0.1112,5.5644,4.707,0.8574,0.736,5,0.167,0.0173,0.194,0.314,0.0,0.984,0.64,0.578,1.474,0.086,0.594,0.228,0.208,0.242,0.773,0.519,0.53,0.447,0.92,0.596,0.537,0.697
0,0,dialogue,19960,7.4333,1.276,11.4287,0.0,0.1112,5.5644,4.707,0.8574,0.736,5,0.167,0.013,0.088,0.281,0.0,0.992,0.874,0.69,1.35,0.083,0.641,0.193,0.138,0.185,0.813,0.626,0.612,0.408,0.943,0.724,0.619,0.722
0,0,fiction,19960,6.9922,1.201,11.4287,0.0,0.1112,5.5644,4.707,0.8574,0.736,5,0.167,0.0182,0.028,0.281,0.0,0.989,0.623,0.619,1.345,0.117,0.514,0.228,0.225,0.214,0.712,0.505,0.515,0.406,0.894,0.609,0.532,0.674
0,0,math,19960,7.109,1.221,11.4287,0.0,0.1112,5.5644,4.707,0.8574,0.736,5,0.167,0.0169,0.127,0.322,0.0,0.983,0.77,0.72,1.449,0.095,0.573,0.242,0.22,0.215,0.773,0.589,0.604,0.402,0.918,0.7,0.637,0.64
0,0,news,19960,6.6843,1.148,11.4287,0.0,0.1112,5.5644,4.707,0.8574,0.736,5,0.167,0.0412,0.058,0.292,0.0,0.976,0.808,0.61,1.399,0.079,0.563,0.365,0.359,0.191,0.762,0.637,0.623,0.365,0.917,0.741,0.677,0.619
0,0,val,5988,5.8243,1.0,11.4287,0.0,0.1112,5.5644,4.707,0.8574,0.736,5,0.167,0.0412,0.0,0.264,0.0,0.994,0.609,0.575,1.59,0.073,0.432,0.254,0.26,0.137,0.632,0.468,0.455,0.265,0.828,0.659,0.633,0.473
0,1,code,19960,9.4912,1.142,11.7444,0.0,0.2894,5.8064,2.8325,2.9738,2.9304,33,0.047,0.0109,0.041,0.038,0.0,0.944,0.745,0.064,0.769,0.336,0.597,0.441,0.308,0.497,0.765,0.635,0.352,0.704,0.892,0.804,0.417,0.847
0,1,dialogue,19960,8.8176,1.061,11.7444,0.0,0.2894,5.8064,2.8325,2.9738,2.9304,33,0.047,0.0192,0.055,0.04,0.0,0.953,0.863,0.086,0.586,0.28,0.561,0.437,0.29,0.454,0.729,0.647,0.343,0.669,0.867,0.81,0.435,0.83
0,1,fiction,19960,8.2854,0.997,11.7444,0.0,0.2894,5.8064,2.8325,2.9738,2.9304,33,0.047,0.0211,0.002,0.038,0.0,0.962,0.862,0.08,0.687,0.277,0.554,0.419,0.286,0.441,0.721,0.63,0.334,0.66,0.861,0.8,0.423,0.826
0,1,math,19960,8.8798,1.068,11.7444,0.0,0.2894,5.8064,2.8325,2.9738,2.9304,33,0.047,0.0102,0.0,0.04,0.0,0.941,0.673,0.062,0.87,0.315,0.608,0.418,0.309,0.491,0.775,0.603,0.356,0.707,0.9,0.779,0.412,0.851
0,1,news,19960,8.7179,1.049,11.7444,0.0,0.2894,5.8064,2.8325,2.9738,2.9304,33,0.047,0.0298,0.002,0.039,0.0,0.944,0.848,0.093,0.644,0.311,0.553,0.43,0.3,0.457,0.724,0.639,0.339,0.661,0.866,0.809,0.448,0.825
0,1,val,5988,8.3138,1.0,11.7444,0.0,0.2894,5.8064,2.8325,2.9738,2.9304,33,0.047,0.0266,0.0,0.04,0.0,0.955,0.767,0.086,1.166,0.295,0.509,0.366,0.259,0.37,0.678,0.553,0.305,0.539,0.828,0.727,0.41,0.708
0,2,code,19960,8.4792,1.312,10.4822,0.0,0.1718,5.5534,4.0135,1.5399,1.4328,53,0.105,0.0404,0.058,0.097,0.0,0.908,0.687,0.325,1.3,0.228,0.523,0.414,0.341,0.365,0.717,0.564,0.495,0.528,0.878,0.708,0.581,0.696
0,2,dialogue,19960,7.2593,1.123,10.4822,0.0,0.1718,5.5534,4.0135,1.5399,1.4328,53,0.105,0.0658,0.0,0.096,0.0,0.943,0.779,0.419,1.431,0.17,0.459,0.377,0.317,0.31,0.662,0.57,0.5,0.501,0.857,0.746,0.64,0.696
0,2,fiction,19960,7.3349,1.135,10.4822,0.0,0.1718,5.5534,4.0135,1.5399,1.4328,53,0.105,0.0557,0.0,0.1,0.0,0.967,0.721,0.412,1.465,0.159,0.441,0.347,0.29,0.281,0.642,0.536,0.471,0.46,0.843,0.721,0.632,0.668
0,2,math,19960,7.1672,1.109,10.4822,0.0,0.1718,5.5534,4.0135,1.5399,1.4328,53,0.105,0.049,0.037,0.096,0.0,0.964,0.712,0.356,1.327,0.158,0.456,0.36,0.29,0.303,0.657,0.538,0.459,0.492,0.844,0.718,0.584,0.697
0,2,news,19960,6.9027,1.068,10.4822,0.0,0.1718,5.5534,4.0135,1.5399,1.4328,53,0.105,0.0546,0.044,0.099,0.0,0.97,0.797,0.423,1.266,0.147,0.431,0.356,0.294,0.285,0.627,0.545,0.472,0.466,0.825,0.731,0.613,0.671
0,2,val,5988,6.4627,1.0,10.4822,0.0,0.1718,5.5534,4.0135,1.5399,1.4328,53,0.105,0.0398,0.043,0.098,0.0,0.992,0.657,0.396,1.62,0.135,0.358,0.267,0.219,0.208,0.545,0.43,0.369,0.359,0.754,0.627,0.539,0.561
0,3,code,19960,8.5586,1.028,11.2012,0.0,0.3112,5.7387,2.763,2.9757,2.8108,1,0.081,0.0288,0.816,0.042,0.0,0.93,0.791,0.239,1.047,0.177,0.587,0.398,0.219,0.296,0.761,0.617,0.323,0.539,0.898,0.785,0.523,0.786
0,3,dialogue,19960,8.4645,1.016,11.2012,0.0,0.3112,5.7387,2.763,2.9757,2.8108,1,0.081,0.0341,0.453,0.041,0.0,0.916,0.869,0.292,0.86,0.175,0.588,0.451,0.255,0.338,0.765,0.661,0.38,0.575,0.903,0.823,0.594,0.789
0,3,fiction,19960,8.1851,0.983,11.2012,0.0,0.3112,5.7387,2.763,2.9757,2.8108,1,0.081,0.0323,0.448,0.042,0.0,0.911,0.921,0.339,0.901,0.188,0.622,0.491,0.26,0.349,0.795,0.699,0.408,0.559,0.919,0.844,0.658,0.775
0,3,math,19960,8.3584,1.004,11.2012,0.0,0.3112,5.7387,2.763,2.9757,2.8108,1,0.081,0.032,0.479,0.041,0.0,0.927,0.802,0.265,0.966,0.187,0.59,0.415,0.238,0.32,0.77,0.629,0.361,0.537,0.906,0.801,0.574,0.763
0,3,news,19960,8.5941,1.032,11.2012,0.0,0.3112,5.7387,2.763,2.9757,2.8108,1,0.081,0.0239,0.446,0.042,0.0,0.933,0.87,0.289,0.837,0.219,0.573,0.436,0.243,0.335,0.759,0.652,0.375,0.556,0.897,0.823,0.606,0.764
0,3,val,5988,8.3273,1.0,11.2012,0.0,0.3112,5.7387,2.763,2.9757,2.8108,1,0.081,0.0194,0.188,0.041,0.0,0.956,0.648,0.199,1.138,0.21,0.522,0.319,0.198,0.256,0.705,0.508,0.306,0.439,0.858,0.7,0.479,0.651
0,4,code,19960,9.7507,1.035,12.9446,0.0,0.4468,5.7056,2.5187,3.1869,2.3571,5,0.086,0.0096,0.285,0.229,0.0,0.802,0.798,0.104,0.364,0.452,0.702,0.567,0.496,0.644,0.833,0.722,0.529,0.781,0.927,0.842,0.609,0.894
0,4,dialogue,19960,9.9261,1.054,12.9446,0.0,0.4468,5.7056,2.5187,3.1869,2.3571,5,0.086,0.0288,0.123,0.216,0.0,0.835,0.81,0.247,0.602,0.433,0.693,0.577,0.462,0.611,0.842,0.742,0.548,0.788,0.937,0.87,0.647,0.895
0,4,fiction,19960,9.4922,1.007,12.9446,0.0,0.4468,5.7056,2.5187,3.1869,2.3571,5,0.086,0.0292,0.009,0.219,0.0,0.821,0.804,0.297,0.574,0.45,0.693,0.612,0.486,0.628,0.838,0.749,0.584,0.781,0.934,0.865,0.687,0.891
0,4,math,19960,9.5039,1.009,12.9446,0.0,0.4468,5.7056,2.5187,3.1869,2.3571,5,0.086,0.0273,0.081,0.221,0.0,0.817,0.831,0.26,0.528,0.464,0.699,0.611,0.5,0.645,0.844,0.761,0.586,0.802,0.938,0.878,0.679,0.902
0,4,news,19960,9.8168,1.042,12.9446,0.0,0.4468,5.7056,2.5187,3.1869,2.3571,5,0.086,0.0256,0.074,0.218,0.0,0.808,0.837,0.301,0.512,0.48,0.699,0.624,0.516,0.649,0.842,0.767,0.611,0.798,0.937,0.88,0.704,0.896
0,4,val,5988,9.4218,1.0,12.9446,0.0,0.4468,5.7056,2.5187,3.1869,2.3571,5,0.086,0.0258,0.004,0.215,0.0,0.877,0.762,0.299,1.067,0.461,0.631,0.544,0.443,0.541,0.789,0.691,0.545,0.701,0.905,0.828,0.643,0.823
0,5,code,19960,8.6913,1.244,10.9316,0.0,0.1623,5.6451,3.8582,1.787,1.7678,59,0.075,0.037,0.143,0.058,0.0,0.976,0.452,0.142,1.556,0.168,0.473,0.273,0.231,0.308,0.671,0.417,0.286,0.508,0.854,0.598,0.425,0.725
0,5,dialogue,19960,8.01,1.146,10.9316,0.0,0.1623,5.6451,3.8582,1.787,1.7678,59,0.075,0.0432,0.194,0.058,0.0,0.987,0.454,0.126,1.708,0.162,0.395,0.252,0.203,0.253,0.589,0.406,0.284,0.443,0.8,0.602,0.449,0.679
0,5,fiction,19960,7.5776,1.084,10.9316,0.0,0.1623,5.6451,3.8582,1.787,1.7678,59,0.075,0.038,0.029,0.054,0.0,0.988,0.407,0.115,1.565,0.171,0.392,0.226,0.185,0.259,0.581,0.385,0.266,0.455,0.791,0.593,0.411,0.711
0,5,math,19960,8.0437,1.151,10.9316,0.0,0.1623,5.6451,3.8582,1.787,1.7678,59,0.075,0.0324,0.063,0.057,0.0,0.984,0.491,0.231,1.604,0.173,0.436,0.232,0.195,0.268,0.631,0.409,0.298,0.466,0.825,0.613,0.429,0.702
0,5,news,19960,7.6782,1.099,10.9316,0.0,0.1623,5.6451,3.8582,1.787,1.7678,59,0.075,0.0466,0.028,0.054,0.0,0.986,0.581,0.276,1.504,0.164,0.392,0.273,0.204,0.256,0.585,0.442,0.349,0.444,0.795,0.666,0.496,0.681
0,5,val,5988,6.9894,1.0,10.9316,0.0,0.1623,5.6451,3.8582,1.787,1.7678,59,0.075,0.0384,0.004,0.056,0.0,0.99,0.538,0.217,1.723,0.174,0.389,0.242,0.187,0.23,0.573,0.41,0.302,0.394,0.771,0.624,0.464,0.59
0,6,code,19960,7.6811,0.939,16.8673,0.0,0.8642,5.9373,0.7947,5.1426,4.564,13,0.035,0.0262,0.49,0.013,0.0,0.597,0.885,0.036,0.136,0.716,0.866,0.857,0.689,0.857,0.938,0.922,0.704,0.921,0.974,0.965,0.728,0.954
0,6,dialogue,19960,7.5681,0.926,16.8673,0.0,0.8642,5.9373,0.7947,5.1426,4.564,13,0.035,0.027,0.243,0.014,0.0,0.539,0.866,0.031,0.138,0.741,0.863,0.853,0.713,0.853,0.924,0.908,0.727,0.908,0.963,0.952,0.75,0.941
0,6,fiction,19960,7.4569,0.912,16.8673,0.0,0.8642,5.9373,0.7947,5.1426,4.564,13,0.035,0.027,0.196,0.014,0.0,0.548,0.864,0.033,0.138,0.739,0.86,0.849,0.711,0.85,0.924,0.907,0.725,0.907,0.962,0.951,0.748,0.939
0,6,math,19960,7.5872,0.928,16.8673,0.0,0.8642,5.9373,0.7947,5.1426,4.564,13,0.035,0.0267,0.257,0.013,0.0,0.557,0.872,0.032,0.135,0.734,0.859,0.849,0.706,0.849,0.923,0.906,0.721,0.905,0.962,0.951,0.745,0.941
0,6,news,19960,8.1736,1.0,16.8673,0.0,0.8642,5.9373,0.7947,5.1426,4.564,13,0.035,0.0265,0.142,0.013,0.0,0.536,0.858,0.033,0.133,0.748,0.857,0.845,0.72,0.845,0.918,0.9,0.735,0.899,0.959,0.947,0.758,0.934
0,6,val,5988,8.1772,1.0,16.8673,0.0,0.8642,5.9373,0.7947,5.1426,4.564,13,0.035,0.0267,0.159,0.014,0.0,0.558,0.838,0.037,0.162,0.734,0.839,0.824,0.706,0.826,0.904,0.88,0.723,0.883,0.951,0.932,0.747,0.923
0,7,code,19960,9.1957,1.215,11.9492,0.0,0.1733,5.6649,3.5948,2.07,2.0639,6,0.077,0.026,0.052,0.045,0.0,0.913,0.613,0.169,0.951,0.285,0.683,0.442,0.314,0.506,0.865,0.64,0.383,0.749,0.966,0.856,0.491,0.915
0,7,dialogue,19960,8.8556,1.17,11.9492,0.0,0.1733,5.6649,3.5948,2.07,2.0639,6,0.077,0.0286,0.021,0.047,0.0,0.958,0.608,0.161,1.153,0.289,0.609,0.42,0.291,0.443,0.817,0.607,0.359,0.683,0.949,0.81,0.466,0.877
0,7,fiction,19960,8.329,1.1,11.9492,0.0,0.1733,5.6649,3.5948,2.07,2.0639,6,0.077,0.0307,0.007,0.046,0.0,0.954,0.718,0.185,1.224,0.278,0.589,0.389,0.264,0.393,0.799,0.628,0.338,0.627,0.943,0.838,0.492,0.833
0,7,math,19960,8.7083,1.15,11.9492,0.0,0.1733,5.6649,3.5948,2.07,2.0639,6,0.077,0.0256,0.067,0.045,0.0,0.94,0.729,0.171,1.223,0.288,0.637,0.396,0.276,0.42,0.831,0.653,0.348,0.657,0.954,0.855,0.518,0.858
0,7,news,19960,8.1886,1.082,11.9492,0.0,0.1733,5.6649,3.5948,2.07,2.0639,6,0.077,0.0386,0.005,0.045,0.0,0.903,0.847,0.289,1.118,0.285,0.684,0.521,0.32,0.452,0.861,0.748,0.43,0.676,0.964,0.903,0.617,0.865
0,7,val,5988,7.5707,1.0,11.9492,0.0,0.1733,5.6649,3.5948,2.07,2.0639,6,0.077,0.0332,0.003,0.046,0.0,0.941,0.805,0.283,1.39,0.287,0.622,0.442,0.282,0.389,0.806,0.67,0.388,0.605,0.933,0.839,0.563,0.804
0,8,code,19960,10.9294,1.134,12.4639,0.0,0.372,5.6385,3.0338,2.6047,1.9569,8,0.034,0.0565,0.471,0.811,0.0,0.884,0.799,0.111,0.553,0.392,0.646,0.578,0.436,0.579,0.798,0.713,0.487,0.74,0.917,0.819,0.576,0.882
0,8,dialogue,19960,10.309,1.07,12.4639,0.0,0.372,5.6385,3.0338,2.6047,1.9569,8,0.034,0.0536,0.305,0.808,0.0,0.951,0.912,0.101,0.493,0.293,0.602,0.542,0.361,0.495,0.772,0.706,0.418,0.682,0.904,0.844,0.531,0.855
0,8,fiction,19960,10.0036,1.038,12.4639,0.0,0.372,5.6385,3.0338,2.6047,1.9569,8,0.034,0.0478,0.233,0.81,0.0,0.872,0.843,0.122,0.658,0.358,0.598,0.515,0.379,0.505,0.764,0.688,0.449,0.685,0.903,0.835,0.545,0.85
0,8,math,19960,10.2501,1.064,12.4639,0.0,0.372,5.6385,3.0338,2.6047,1.9569,8,0.034,0.0504,0.27,0.809,0.0,0.916,0.84,0.13,0.657,0.352,0.602,0.513,0.375,0.509,0.771,0.69,0.445,0.694,0.907,0.842,0.541,0.858
0,8,news,19960,10.2709,1.066,12.4639,0.0,0.372,5.6385,3.0338,2.6047,1.9569,8,0.034,0.0518,0.201,0.809,0.0,0.878,0.858,0.116,0.536,0.386,0.623,0.553,0.412,0.539,0.78,0.712,0.471,0.704,0.907,0.849,0.564,0.856
0,8,val,5988,9.635,1.0,12.4639,0.0,0.372,5.6385,3.0338,2.6047,1.9569,8,0.034,0.0404,0.063,0.808,0.0,0.907,0.588,0.093,1.341,0.359,0.536,0.406,0.312,0.412,0.691,0.538,0.365,0.547,0.835,0.683,0.442,0.703
0,9,code,19960,9.4995,1.193,11.3063,0.0,0.0854,5.3377,4.5997,0.738,0.721,48,0.076,0.0628,0.033,0.203,0.0,0.964,0.217,0.022,1.611,0.215,0.535,0.271,0.262,0.368,0.735,0.352,0.284,0.59,0.9,0.452,0.349,0.814
0,9,dialogue,19960,8.6612,1.088,11.3063,0.0,0.0854,5.3377,4.5997,0.738,0.721,48,0.076,0.1252,0.064,0.214,0.0,0.971,0.468,0.33,1.468,0.204,0.541,0.347,0.324,0.357,0.752,0.466,0.448,0.598,0.905,0.598,0.55,0.814
0,9,fiction,19960,8.4231,1.058,11.3063,0.0,0.0854,5.3377,4.5997,0.738,0.721,48,0.076,0.0864,0.008,0.208,0.0,0.981,0.482,0.434,1.559,0.189,0.506,0.301,0.273,0.31,0.706,0.432,0.43,0.534,0.878,0.597,0.578,0.789
0,9,math,19960,8.6412,1.085,11.3063,0.0,0.0854,5.3377,4.5997,0.738,0.721,48,0.076,0.1032,0.019,0.222,0.0,0.968,0.33,0.15,1.577,0.212,0.517,0.305,0.304,0.355,0.717,0.423,0.384,0.577,0.888,0.553,0.499,0.806
0,9,news,19960,8.7716,1.102,11.3063,0.0,0.0854,5.3377,4.5997,0.738,0.721,48,0.076,0.0928,0.005,0.204,0.0,0.978,0.372,0.285,1.625,0.199,0.47,0.262,0.252,0.281,0.658,0.417,0.408,0.479,0.843,0.578,0.555,0.723
0,9,val,5988,7.9627,1.0,11.3063,0.0,0.0854,5.3377,4.5997,0.738,0.721,48,0.076,0.0642,0.0,0.216,0.0,0.985,0.296,0.248,1.817,0.197,0.453,0.221,0.213,0.229,0.63,0.349,0.329,0.39,0.812,0.54,0.52,0.619
0,10,code,19960,10.1879,1.103,13.6889,0.0,0.2537,5.7173,3.2985,2.4188,2.3495,1,0.042,0.0084,0.143,0.261,0.0,0.961,0.725,0.043,0.783,0.33,0.598,0.456,0.302,0.498,0.779,0.628,0.317,0.698,0.909,0.8,0.416,0.852
0,10,dialogue,19960,9.7746,1.058,13.6889,0.0,0.2537,5.7173,3.2985,2.4188,2.3495,1,0.042,0.0328,0.002,0.287,0.0,0.977,0.727,0.072,0.95,0.302,0.525,0.392,0.277,0.41,0.718,0.581,0.312,0.618,0.879,0.759,0.424,0.811
0,10,fiction,19960,9.3889,1.016,13.6889,0.0,0.2537,5.7173,3.2985,2.4188,2.3495,1,0.042,0.0552,0.01,0.289,0.0,0.956,0.733,0.07,0.998,0.36,0.563,0.413,0.36,0.459,0.756,0.61,0.392,0.667,0.906,0.8,0.486,0.838
0,10,math,19960,9.5379,1.033,13.6889,0.0,0.2537,5.7173,3.2985,2.4188,2.3495,1,0.042,0.0361,0.195,0.278,0.0,0.957,0.752,0.068,0.927,0.34,0.571,0.427,0.341,0.471,0.759,0.621,0.364,0.669,0.903,0.8,0.478,0.83
0,10,news,19960,9.7899,1.06,13.6889,0.0,0.2537,5.7173,3.2985,2.4188,2.3495,1,0.042,0.0246,0.01,0.262,0.0,0.936,0.76,0.106,0.912,0.397,0.593,0.462,0.34,0.494,0.769,0.652,0.389,0.684,0.905,0.821,0.489,0.833
0,10,val,5988,9.2375,1.0,13.6889,0.0,0.2537,5.7173,3.2985,2.4188,2.3495,1,0.042,0.025,0.012,0.257,0.0,0.95,0.631,0.094,1.594,0.391,0.543,0.377,0.296,0.406,0.717,0.544,0.344,0.584,0.866,0.712,0.438,0.75
0,11,code,19960,10.3554,1.118,12.8963,0.0,0.2569,5.7345,3.1905,2.544,2.3326,59,0.038,0.0089,0.051,0.104,0.0,0.906,0.804,0.095,0.668,0.343,0.666,0.528,0.376,0.562,0.819,0.697,0.428,0.747,0.928,0.811,0.505,0.882
0,11,dialogue,19960,9.9738,1.077,12.8963,0.0,0.2569,5.7345,3.1905,2.544,2.3326,59,0.038,0.0253,0.0,0.106,0.0,0.928,0.833,0.148,0.799,0.354,0.612,0.487,0.354,0.513,0.783,0.682,0.415,0.701,0.908,0.812,0.523,0.856
0,11,fiction,19960,9.5992,1.036,12.8963,0.0,0.2569,5.7345,3.1905,2.544,2.3326,59,0.038,0.0364,0.006,0.103,0.0,0.918,0.797,0.194,0.875,0.351,0.613,0.474,0.35,0.498,0.787,0.681,0.418,0.706,0.915,0.827,0.546,0.862
0,11,math,19960,9.7694,1.054,12.8963,0.0,0.2569,5.7345,3.1905,2.544,2.3326,59,0.038,0.0253,0.057,0.103,0.0,0.926,0.78,0.128,0.88,0.38,0.616,0.489,0.356,0.516,0.785,0.67,0.416,0.706,0.91,0.811,0.512,0.857
0,11,news,19960,9.7575,1.053,12.8963,0.0,0.2569,5.7345,3.1905,2.544,2.3326,59,0.038,0.028,0.002,0.102,0.0,0.919,0.808,0.136,0.779,0.413,0.615,0.505,0.373,0.529,0.785,0.687,0.434,0.71,0.911,0.832,0.529,0.855
0,11,val,5988,9.2648,1.0,12.8963,0.0,0.2569,5.7345,3.1905,2.544,2.3326,59,0.038,0.0265,0.002,0.1,0.0,0.936,0.649,0.142,1.384,0.408,0.568,0.422,0.315,0.436,0.734,0.575,0.374,0.608,0.87,0.734,0.463,0.76
0,12,code,19960,10.0097,1.029,14.0704,0.0,0.3574,5.5635,2.6646,2.8988,2.663,63,0.113,0.0357,0.65,0.076,0.0,0.829,0.726,0.288,0.647,0.455,0.704,0.597,0.456,0.627,0.848,0.733,0.536,0.783,0.942,0.866,0.688,0.896
0,12,dialogue,19960,10.0163,1.03,14.0704,0.0,0.3574,5.5635,2.6646,2.8988,2.663,63,0.113,0.0386,0.192,0.081,0.0,0.821,0.849,0.401,0.559,0.436,0.712,0.646,0.476,0.637,0.869,0.805,0.593,0.803,0.953,0.913,0.787,0.904
0,12,fiction,19960,9.4407,0.97,14.0704,0.0,0.3574,5.5635,2.6646,2.8988,2.663,63,0.113,0.0504,0.206,0.078,0.0,0.785,0.847,0.455,0.67,0.439,0.735,0.669,0.481,0.652,0.886,0.819,0.61,0.798,0.96,0.916,0.81,0.9
0,12,math,19960,9.6694,0.994,14.0704,0.0,0.3574,5.5635,2.6646,2.8988,2.663,63,0.113,0.0469,0.373,0.078,0.0,0.797,0.867,0.449,0.624,0.446,0.748,0.682,0.481,0.669,0.895,0.835,0.609,0.813,0.965,0.931,0.819,0.91
0,12,news,19960,10.0825,1.036,14.0704,0.0,0.3574,5.5635,2.6646,2.8988,2.663,63,0.113,0.0416,0.296,0.078,0.0,0.774,0.889,0.455,0.559,0.472,0.756,0.699,0.492,0.685,0.902,0.853,0.621,0.825,0.966,0.94,0.837,0.917
0,12,val,5988,9.7289,1.0,14.0704,0.0,0.3574,5.5635,2.6646,2.8988,2.663,63,0.113,0.0394,0.084,0.077,0.0,0.807,0.853,0.468,0.94,0.448,0.735,0.637,0.444,0.567,0.885,0.801,0.58,0.733,0.956,0.908,0.799,0.846
0,13,code,19960,10.4016,1.236,12.7451,0.0,0.3491,5.8025,2.5036,3.2989,3.0812,21,0.036,0.0075,0.253,0.108,0.0,0.92,0.87,0.036,0.501,0.382,0.658,0.52,0.409,0.575,0.808,0.727,0.432,0.755,0.912,0.846,0.489,0.873
0,13,dialogue,19960,9.0483,1.075,12.7451,0.0,0.3491,5.8025,2.5036,3.2989,3.0812,21,0.036,0.0133,0.0,0.109,0.0,0.967,0.898,0.092,0.531,0.372,0.598,0.496,0.358,0.53,0.774,0.714,0.409,0.722,0.901,0.857,0.493,0.868
0,13,fiction,19960,9.1265,1.085,12.7451,0.0,0.3491,5.8025,2.5036,3.2989,3.0812,21,0.036,0.019,0.011,0.11,0.0,0.958,0.918,0.114,0.483,0.382,0.606,0.516,0.369,0.552,0.779,0.729,0.43,0.748,0.902,0.87,0.521,0.872
0,13,math,19960,9.2075,1.094,12.7451,0.0,0.3491,5.8025,2.5036,3.2989,3.0812,21,0.036,0.0132,0.163,0.106,0.0,0.949,0.873,0.062,0.598,0.382,0.619,0.502,0.372,0.543,0.786,0.707,0.409,0.735,0.905,0.84,0.479,0.87
0,13,news,19960,8.7724,1.043,12.7451,0.0,0.3491,5.8025,2.5036,3.2989,3.0812,21,0.036,0.0216,0.009,0.107,0.0,0.968,0.903,0.093,0.562,0.363,0.583,0.49,0.347,0.522,0.761,0.702,0.398,0.714,0.893,0.854,0.493,0.855
0,13,val,5988,8.4145,1.0,12.7451,0.0,0.3491,5.8025,2.5036,3.2989,3.0812,21,0.036,0.0234,0.0,0.107,0.0,0.974,0.829,0.09,0.966,0.36,0.565,0.442,0.312,0.461,0.74,0.64,0.366,0.622,0.878,0.805,0.455,0.773
0,14,code,19960,10.3902,0.995,13.0098,0.0,0.6823,5.8637,1.5798,4.284,2.7706,58,0.098,0.0088,0.183,0.162,0.0,0.678,0.818,0.114,0.304,0.572,0.7,0.601,0.571,0.664,0.816,0.745,0.599,0.775,0.91,0.864,0.646,0.87
0,14,dialogue,19960,9.7045,0.929,13.0098,0.0,0.6823,5.8637,1.5798,4.284,2.7706,58,0.098,0.0282,0.009,0.146,0.0,0.886,0.844,0.453,0.583,0.452,0.607,0.552,0.463,0.547,0.774,0.723,0.583,0.718,0.896,0.851,0.644,0.836
0,14,fiction,19960,10.2882,0.985,13.0098,0.0,0.6823,5.8637,1.5798,4.284,2.7706,58,0.098,0.0236,0.006,0.15,0.0,0.767,0.837,0.513,0.523,0.507,0.655,0.61,0.533,0.594,0.801,0.754,0.642,0.736,0.907,0.865,0.694,0.841
0,14,math,19960,10.0543,0.963,13.0098,0.0,0.6823,5.8637,1.5798,4.284,2.7706,58,0.098,0.032,0.087,0.152,0.0,0.76,0.818,0.467,0.615,0.513,0.662,0.61,0.537,0.606,0.809,0.756,0.642,0.748,0.913,0.867,0.697,0.851
0,14,news,19960,10.5008,1.005,13.0098,0.0,0.6823,5.8637,1.5798,4.284,2.7706,58,0.098,0.0146,0.007,0.154,0.0,0.751,0.829,0.331,0.405,0.552,0.67,0.609,0.557,0.627,0.801,0.749,0.628,0.749,0.905,0.864,0.675,0.851
0,14,val,5988,10.4436,1.0,13.0098,0.0,0.6823,5.8637,1.5798,4.284,2.7706,58,0.098,0.0231,0.0,0.151,0.0,0.785,0.832,0.502,0.546,0.5,0.643,0.598,0.527,0.576,0.789,0.741,0.632,0.714,0.899,0.852,0.688,0.825
0,15,code,19960,9.6609,1.366,11.2553,0.0,0.0781,5.4825,4.5671,0.9154,0.913,16,0.115,0.0151,0.023,0.595,0.0,0.95,0.268,0.051,1.307,0.175,0.631,0.288,0.263,0.408,0.802,0.409,0.337,0.591,0.928,0.609,0.517,0.766
0,15,dialogue,19960,8.1388,1.151,11.2553,0.0,0.0781,5.4825,4.5671,0.9154,0.913,16,0.115,0.1314,0.004,0.582,0.0,0.988,0.696,0.52,1.451,0.124,0.572,0.328,0.298,0.297,0.789,0.561,0.533,0.515,0.929,0.752,0.707,0.767
0,15,fiction,19960,7.8604,1.111,11.2553,0.0,0.0781,5.4825,4.5671,0.9154,0.913,16,0.115,0.136,0.003,0.554,0.0,0.982,0.688,0.489,1.436,0.13,0.527,0.311,0.31,0.257,0.739,0.538,0.513,0.454,0.901,0.732,0.703,0.718
0,15,math,19960,8.4495,1.194,11.2553,0.0,0.0781,5.4825,4.5671,0.9154,0.913,16,0.115,0.084,0.018,0.566,0.0,0.987,0.396,0.251,1.634,0.159,0.504,0.26,0.263,0.261,0.708,0.425,0.396,0.453,0.885,0.62,0.548,0.693
0,15,news,19960,7.9365,1.122,11.2553,0.0,0.0781,5.4825,4.5671,0.9154,0.913,16,0.115,0.0707,0.014,0.574,0.0,0.988,0.668,0.528,1.547,0.139,0.459,0.267,0.23,0.225,0.672,0.501,0.459,0.399,0.867,0.7,0.675,0.646
0,15,val,5988,7.0741,1.0,11.2553,0.0,0.0781,5.4825,4.5671,0.9154,0.913,16,0.115,0.0712,0.0,0.535,0.0,0.994,0.574,0.414,1.715,0.13,0.444,0.233,0.206,0.17,0.633,0.424,0.387,0.307,0.818,0.626,0.572,0.52
1,0,code,19960,10.7032,0.976,12.3363,0.0,0.3685,5.6976,2.9771,2.7205,1.6046,43,0.277,0.0604,0.889,0.156,0.0,0.726,0.851,0.742,0.789,0.285,0.702,0.617,0.527,0.522,0.858,0.797,0.75,0.716,0.938,0.88,0.798,0.828
1,0,dialogue,19960,10.8636,0.991,12.3363,0.0,0.3685,5.6976,2.9771,2.7205,1.6046,43,0.277,0.0613,0.522,0.155,0.0,0.7,0.914,0.857,0.724,0.216,0.74,0.637,0.541,0.492,0.892,0.847,0.81,0.702,0.956,0.919,0.851,0.819
1,0,fiction,19960,10.4226,0.951,12.3363,0.0,0.3685,5.6976,2.9771,2.7205,1.6046,43,0.277,0.0608,0.435,0.143,0.0,0.735,0.886,0.814,0.745,0.242,0.706,0.615,0.529,0.494,0.862,0.813,0.779,0.692,0.939,0.893,0.826,0.814
1,0,math,19960,10.3931,0.948,12.3363,0.0,0.3685,5.6976,2.9771,2.7205,1.6046,43,0.277,0.0734,0.45,0.159,0.0,0.73,0.84,0.75,0.839,0.256,0.698,0.599,0.537,0.492,0.856,0.797,0.756,0.683,0.935,0.88,0.809,0.801
1,0,news,19960,11.3421,1.034,12.3363,0.0,0.3685,5.6976,2.9771,2.7205,1.6046,43,0.277,0.0586,0.425,0.155,0.0,0.735,0.855,0.746,0.76,0.306,0.693,0.612,0.527,0.49,0.854,0.796,0.746,0.697,0.938,0.889,0.808,0.825
1,0,val,5988,10.9644,1.0,12.3363,0.0,0.3685,5.6976,2.9771,2.7205,1.6046,43,0.277,0.0585,0.204,0.155,0.0,0.785,0.769,0.627,1.077,0.304,0.644,0.546,0.5,0.408,0.805,0.722,0.671,0.584,0.905,0.822,0.74,0.728
1,1,code,19960,10.955,1.014,12.5202,0.0,0.5896,5.9373,1.8997,4.0375,2.9439,40,0.168,0.0254,0.951,0.079,0.0,0.814,0.894,0.666,0.726,0.361,0.719,0.592,0.437,0.518,0.88,0.799,0.674,0.724,0.955,0.923,0.795,0.819
1,1,dialogue,19960,10.8836,1.007,12.5202,0.0,0.5896,5.9373,1.8997,4.0375,2.9439,40,0.168,0.0268,0.808,0.077,0.0,0.758,0.852,0.658,0.662,0.458,0.756,0.656,0.5,0.592,0.903,0.826,0.716,0.772,0.965,0.929,0.832,0.847
1,1,fiction,19960,10.6776,0.988,12.5202,0.0,0.5896,5.9373,1.8997,4.0375,2.9439,40,0.168,0.0321,0.757,0.079,0.0,0.759,0.846,0.621,0.784,0.448,0.733,0.625,0.5,0.589,0.889,0.802,0.696,0.757,0.96,0.916,0.796,0.833
1,1,math,19960,10.5468,0.976,12.5202,0.0,0.5896,5.9373,1.8997,4.0375,2.9439,40,0.168,0.028,0.638,0.076,0.0,0.774,0.892,0.688,0.705,0.39,0.706,0.598,0.485,0.523,0.865,0.793,0.699,0.692,0.944,0.913,0.803,0.784
1,1,news,19960,10.927,1.011,12.5202,0.0,0.5896,5.9373,1.8997,4.0375,2.9439,40,0.168,0.0208,0.584,0.077,0.0,0.762,0.917,0.724,0.618,0.362,0.707,0.587,0.481,0.466,0.871,0.794,0.715,0.658,0.948,0.92,0.819,0.76
1,1,val,5988,10.8049,1.0,12.5202,0.0,0.5896,5.9373,1.8997,4.0375,2.9439,40,0.168,0.0176,0.136,0.071,0.0,0.82,0.826,0.519,0.64,0.403,0.641,0.517,0.467,0.475,0.796,0.715,0.607,0.64,0.898,0.848,0.692,0.742
1,2,code,19960,9.9071,1.201,11.1225,0.0,0.1178,5.7561,4.1665,1.5897,1.4411,17,0.073,0.023,0.915,0.143,0.0,0.969,0.07,0.069,1.985,0.084,0.661,0.185,0.171,0.281,0.828,0.235,0.203,0.455,0.934,0.309,0.266,0.695
1,2,dialogue,19960,9.2968,1.127,11.1225,0.0,0.1178,5.7561,4.1665,1.5897,1.4411,17,0.073,0.0383,0.715,0.148,0.0,0.982,0.438,0.398,1.646,0.08,0.433,0.211,0.194,0.187,0.638,0.389,0.395,0.326,0.835,0.549,0.472,0.538
1,2,fiction,19960,8.8468,1.072,11.1225,0.0,0.1178,5.7561,4.1665,1.5897,1.4411,17,0.073,0.0353,0.618,0.145,0.0,0.951,0.493,0.481,1.666,0.071,0.474,0.251,0.296,0.161,0.665,0.446,0.489,0.293,0.84,0.61,0.557,0.486
1,2,math,19960,9.0666,1.099,11.1225,0.0,0.1178,5.7561,4.1665,1.5897,1.4411,17,0.073,0.0347,0.501,0.142,0.0,0.99,0.283,0.341,1.843,0.079,0.541,0.165,0.13,0.184,0.738,0.295,0.26,0.336,0.89,0.462,0.399,0.57
1,2,news,19960,9.0951,1.102,11.1225,0.0,0.1178,5.7561,4.1665,1.5897,1.4411,17,0.073,0.0299,0.535,0.143,0.0,0.984,0.494,0.331,1.722,0.141,0.461,0.231,0.198,0.204,0.64,0.406,0.365,0.363,0.815,0.562,0.439,0.581
1,2,val,5988,8.2509,1.0,11.1225,0.0,0.1178,5.7561,4.1665,1.5897,1.4411,17,0.073,0.024,0.159,0.14,0.0,0.995,0.427,0.389,1.887,0.102,0.406,0.162,0.135,0.135,0.574,0.318,0.309,0.244,0.751,0.486,0.457,0.42
1,3,code,19960,12.858,1.046,12.8032,0.0,0.5716,5.886,2.371,3.515,1.7409,32,0.378,0.1302,0.962,0.504,0.0,0.104,0.366,0.043,0.848,0.638,0.946,0.891,0.894,0.74,0.984,0.923,0.895,0.945,0.993,0.944,0.906,0.98
1,3,dialogue,19960,12.4153,1.01,12.8032,0.0,0.5716,5.886,2.371,3.515,1.7409,32,0.378,0.0959,0.779,0.506,0.0,0.125,0.341,0.044,0.694,0.515,0.925,0.875,0.876,0.654,0.973,0.911,0.877,0.926,0.988,0.936,0.893,0.966
1,3,fiction,19960,11.921,0.969,12.8032,0.0,0.5716,5.886,2.371,3.515,1.7409,32,0.378,0.155,0.74,0.501,0.0,0.132,0.348,0.041,0.91,0.531,0.928,0.872,0.876,0.722,0.972,0.907,0.877,0.943,0.987,0.931,0.892,0.965
1,3,math,19960,11.9476,0.972,12.8032,0.0,0.5716,5.886,2.371,3.515,1.7409,32,0.378,0.1097,0.661,0.496,0.0,0.118,0.528,0.047,0.761,0.533,0.912,0.874,0.876,0.686,0.963,0.913,0.877,0.902,0.983,0.941,0.893,0.958
1,3,news,19960,12.507,1.017,12.8032,0.0,0.5716,5.886,2.371,3.515,1.7409,32,0.378,0.0842,0.582,0.497,0.0,0.121,0.591,0.064,0.721,0.498,0.903,0.867,0.868,0.635,0.957,0.909,0.869,0.882,0.981,0.94,0.889,0.952
1,3,val,5988,12.2974,1.0,12.8032,0.0,0.5716,5.886,2.371,3.515,1.7409,32,0.378,0.0704,0.186,0.499,0.0,0.4,0.545,0.275,0.978,0.552,0.819,0.763,0.762,0.589,0.909,0.835,0.814,0.751,0.958,0.899,0.844,0.886
1,4,code,19960,8.782,1.052,14.1443,0.0,0.8536,5.9895,0.8467,5.1428,4.6456,36,0.036,0.0195,0.477,0.01,0.0,0.865,0.971,0.049,0.184,0.468,0.778,0.743,0.451,0.742,0.885,0.87,0.477,0.873,0.94,0.921,0.525,0.924
1,4,dialogue,19960,9.3781,1.124,14.1443,0.0,0.8536,5.9895,0.8467,5.1428,4.6456,36,0.036,0.0193,0.28,0.01,0.0,0.705,0.918,0.044,0.175,0.645,0.834,0.801,0.578,0.8,0.906,0.881,0.599,0.883,0.95,0.93,0.636,0.928
1,4,fiction,19960,9.1827,1.1,14.1443,0.0,0.8536,5.9895,0.8467,5.1428,4.6456,36,0.036,0.0186,0.199,0.009,0.0,0.629,0.946,0.051,0.171,0.64,0.868,0.826,0.584,0.827,0.922,0.904,0.604,0.906,0.957,0.939,0.642,0.933
1,4,math,19960,8.5406,1.023,14.1443,0.0,0.8536,5.9895,0.8467,5.1428,4.6456,36,0.036,0.0189,0.307,0.01,0.0,0.749,0.938,0.045,0.169,0.592,0.806,0.791,0.55,0.792,0.884,0.865,0.573,0.866,0.935,0.913,0.616,0.909
1,4,news,19960,8.5096,1.019,14.1443,0.0,0.8536,5.9895,0.8467,5.1428,4.6456,36,0.036,0.0192,0.154,0.01,0.0,0.77,0.904,0.05,0.163,0.562,0.759,0.741,0.527,0.742,0.845,0.815,0.554,0.816,0.91,0.875,0.604,0.874
1,4,val,5988,8.3471,1.0,14.1443,0.0,0.8536,5.9895,0.8467,5.1428,4.6456,36,0.036,0.0193,0.192,0.01,0.0,0.771,0.924,0.047,0.161,0.567,0.751,0.742,0.532,0.743,0.83,0.812,0.559,0.813,0.895,0.871,0.606,0.868
1,5,code,19960,12.9018,0.979,15.2978,0.0,0.1512,5.9296,3.2261,2.7035,2.7369,21,0.251,0.1649,0.999,0.497,0.0,0.21,0.3,0.229,2.155,0.624,0.91,0.84,0.84,0.628,0.98,0.875,0.865,0.742,0.995,0.907,0.887,0.904
1,5,dialogue,19960,13.4942,1.023,15.2978,0.0,0.1512,5.9296,3.2261,2.7035,2.7369,21,0.251,0.1412,1.0,0.503,0.0,0.098,0.384,0.212,1.956,0.531,0.938,0.889,0.889,0.532,0.988,0.912,0.899,0.667,0.997,0.948,0.912,0.892
1,5,fiction,19960,13.058,0.99,15.2978,0.0,0.1512,5.9296,3.2261,2.7035,2.7369,21,0.251,0.1519,0.966,0.497,0.0,0.157,0.222,0.106,2.026,0.541,0.924,0.855,0.855,0.558,0.983,0.879,0.865,0.707,0.995,0.914,0.883,0.903
1,5,math,19960,13.0917,0.993,15.2978,0.0,0.1512,5.9296,3.2261,2.7035,2.7369,21,0.251,0.1188,0.995,0.498,0.0,0.16,0.277,0.148,2.022,0.543,0.913,0.851,0.851,0.532,0.979,0.878,0.864,0.636,0.993,0.921,0.882,0.82
1,5,news,19960,13.4504,1.02,15.2978,0.0,0.1512,5.9296,3.2261,2.7035,2.7369,21,0.251,0.0841,1.0,0.496,0.0,0.133,0.325,0.122,1.971,0.53,0.922,0.862,0.862,0.491,0.98,0.89,0.873,0.577,0.993,0.932,0.89,0.755
1,5,val,5988,13.1852,1.0,15.2978,0.0,0.1512,5.9296,3.2261,2.7035,2.7369,21,0.251,0.0284,1.0,0.495,0.0,0.547,0.528,0.356,2.084,0.675,0.803,0.669,0.669,0.541,0.923,0.791,0.756,0.576,0.974,0.88,0.811,0.697
1,6,code,19960,8.6704,0.96,12.7012,0.0,0.4775,5.9327,2.3307,3.6019,2.5305,32,0.173,0.0454,0.959,0.066,0.0,0.972,0.678,0.473,0.923,0.245,0.501,0.354,0.298,0.348,0.737,0.567,0.503,0.557,0.915,0.8,0.752,0.737
1,6,dialogue,19960,9.7551,1.08,12.7012,0.0,0.4775,5.9327,2.3307,3.6019,2.5305,32,0.173,0.0225,0.656,0.072,0.0,0.904,0.859,0.735,0.576,0.353,0.574,0.449,0.394,0.437,0.784,0.698,0.638,0.634,0.934,0.878,0.823,0.787
1,6,fiction,19960,9.4241,1.043,12.7012,0.0,0.4775,5.9327,2.3307,3.6019,2.5305,32,0.173,0.0288,0.432,0.068,0.0,0.91,0.41,0.201,0.709,0.388,0.558,0.432,0.398,0.465,0.759,0.573,0.514,0.646,0.914,0.799,0.732,0.764
1,6,math,19960,8.9077,0.986,12.7012,0.0,0.4775,5.9327,2.3307,3.6019,2.5305,32,0.173,0.0398,0.606,0.074,0.0,0.917,0.755,0.523,0.775,0.335,0.546,0.448,0.392,0.428,0.755,0.65,0.571,0.586,0.917,0.843,0.775,0.726
1,6,news,19960,9.3625,1.037,12.7012,0.0,0.4775,5.9327,2.3307,3.6019,2.5305,32,0.173,0.0288,0.53,0.076,0.0,0.906,0.84,0.654,0.598,0.36,0.561,0.466,0.416,0.434,0.767,0.691,0.623,0.586,0.922,0.866,0.798,0.733
1,6,val,5988,9.0322,1.0,12.7012,0.0,0.4775,5.9327,2.3307,3.6019,2.5305,32,0.173,0.0339,0.322,0.076,0.0,0.876,0.747,0.401,0.656,0.382,0.573,0.496,0.438,0.464,0.759,0.664,0.562,0.611,0.905,0.84,0.758,0.715
1,7,code,19960,9.1963,1.138,10.2177,0.0,0.2362,5.4964,3.8905,1.606,1.0984,4,0.164,0.0297,0.709,0.131,0.0,0.967,0.698,0.29,0.845,0.138,0.51,0.348,0.333,0.344,0.723,0.571,0.428,0.543,0.887,0.761,0.662,0.74
1,7,dialogue,19960,8.5411,1.057,10.2177,0.0,0.2362,5.4964,3.8905,1.606,1.0984,4,0.164,0.0383,0.396,0.143,0.0,0.966,0.764,0.301,0.945,0.123,0.514,0.364,0.343,0.319,0.72,0.585,0.429,0.515,0.877,0.774,0.65,0.747
1,7,fiction,19960,8.469,1.048,10.2177,0.0,0.2362,5.4964,3.8905,1.606,1.0984,4,0.164,0.0449,0.459,0.148,0.0,0.951,0.742,0.484,1.004,0.122,0.505,0.389,0.362,0.303,0.709,0.583,0.51,0.505,0.878,0.757,0.662,0.697
1,7,math,19960,8.1215,1.005,10.2177,0.0,0.2362,5.4964,3.8905,1.606,1.0984,4,0.164,0.0418,0.295,0.147,0.0,0.959,0.687,0.36,0.992,0.13,0.472,0.349,0.336,0.305,0.681,0.562,0.464,0.499,0.859,0.747,0.669,0.695
1,7,news,19960,8.5658,1.06,10.2177,0.0,0.2362,5.4964,3.8905,1.606,1.0984,4,0.164,0.0384,0.254,0.151,0.0,0.969,0.68,0.349,1.079,0.142,0.458,0.337,0.32,0.282,0.658,0.541,0.445,0.463,0.837,0.731,0.621,0.677
1,7,val,5988,8.0809,1.0,10.2177,0.0,0.2362,5.4964,3.8905,1.606,1.0984,4,0.164,0.0372,0.118,0.151,0.0,0.985,0.586,0.383,1.523,0.144,0.407,0.281,0.27,0.213,0.594,0.46,0.411,0.367,0.782,0.634,0.548,0.56
1,8,code,19960,9.7841,1.049,15.0837,0.0,0.7942,5.9252,1.0277,4.8975,4.1756,35,0.028,0.024,0.477,0.122,0.0,0.575,0.949,0.067,0.19,0.675,0.898,0.879,0.623,0.88,0.954,0.936,0.645,0.941,0.976,0.965,0.678,0.959
1,8,dialogue,19960,9.5885,1.028,15.0837,0.0,0.7942,5.9252,1.0277,4.8975,4.1756,35,0.028,0.0244,0.209,0.124,0.0,0.75,0.943,0.066,0.167,0.609,0.822,0.807,0.554,0.807,0.905,0.887,0.586,0.889,0.952,0.933,0.63,0.927
1,8,fiction,19960,9.2677,0.993,15.0837,0.0,0.7942,5.9252,1.0277,4.8975,4.1756,35,0.028,0.0244,0.191,0.123,0.0,0.855,0.944,0.078,0.18,0.484,0.734,0.707,0.463,0.704,0.854,0.831,0.505,0.831,0.927,0.902,0.558,0.901
1,8,math,19960,9.2213,0.988,15.0837,0.0,0.7942,5.9252,1.0277,4.8975,4.1756,35,0.028,0.024,0.235,0.122,0.0,0.676,0.945,0.062,0.184,0.624,0.85,0.829,0.577,0.83,0.927,0.908,0.603,0.911,0.966,0.951,0.642,0.947
1,8,news,19960,9.5533,1.024,15.0837,0.0,0.7942,5.9252,1.0277,4.8975,4.1756,35,0.028,0.0238,0.178,0.123,0.0,0.751,0.928,0.077,0.169,0.599,0.785,0.766,0.553,0.767,0.878,0.855,0.588,0.856,0.937,0.913,0.633,0.91
1,8,val,5988,9.3314,1.0,15.0837,0.0,0.7942,5.9252,1.0277,4.8975,4.1756,35,0.028,0.024,0.133,0.123,0.0,0.71,0.923,0.062,0.219,0.607,0.801,0.777,0.572,0.774,0.89,0.864,0.601,0.869,0.946,0.924,0.641,0.923
1,9,code,19960,10.4245,1.037,12.3496,0.0,0.5648,5.9143,1.7725,4.1418,3.4671,57,0.1,0.0126,0.777,0.032,0.0,0.875,0.881,0.119,0.404,0.39,0.686,0.519,0.406,0.598,0.821,0.731,0.457,0.782,0.906,0.859,0.536,0.853
1,9,dialogue,19960,10.9008,1.084,12.3496,0.0,0.5648,5.9143,1.7725,4.1418,3.4671,57,0.1,0.0156,0.597,0.037,0.0,0.843,0.879,0.178,0.474,0.476,0.702,0.583,0.431,0.614,0.842,0.77,0.502,0.782,0.93,0.896,0.626,0.857
1,9,fiction,19960,10.3717,1.032,12.3496,0.0,0.5648,5.9143,1.7725,4.1418,3.4671,57,0.1,0.0203,0.498,0.036,0.0,0.849,0.857,0.149,0.504,0.453,0.694,0.563,0.441,0.615,0.837,0.755,0.504,0.79,0.925,0.889,0.605,0.859
1,9,math,19960,10.0789,1.003,12.3496,0.0,0.5648,5.9143,1.7725,4.1418,3.4671,57,0.1,0.0198,0.443,0.036,0.0,0.884,0.865,0.206,0.523,0.419,0.67,0.551,0.405,0.575,0.82,0.739,0.495,0.74,0.92,0.88,0.629,0.823
1,9,news,19960,10.3661,1.031,12.3496,0.0,0.5648,5.9143,1.7725,4.1418,3.4671,57,0.1,0.0179,0.352,0.036,0.0,0.878,0.857,0.215,0.524,0.402,0.641,0.54,0.408,0.543,0.797,0.716,0.495,0.7,0.91,0.868,0.65,0.791
1,9,val,5988,10.0529,1.0,12.3496,0.0,0.5648,5.9143,1.7725,4.1418,3.4671,57,0.1,0.0162,0.152,0.04,0.0,0.906,0.84,0.245,0.504,0.379,0.612,0.506,0.395,0.506,0.78,0.692,0.486,0.671,0.9,0.852,0.632,0.773
1,10,code,19960,11.4473,0.981,14.3272,0.0,0.7084,5.9317,1.5164,4.4153,2.4075,51,0.179,0.0289,0.896,0.164,0.0,0.521,0.873,0.679,0.515,0.684,0.837,0.776,0.676,0.744,0.932,0.892,0.823,0.876,0.967,0.928,0.842,0.914
1,10,dialogue,19960,11.5635,0.991,14.3272,0.0,0.7084,5.9317,1.5164,4.4153,2.4075,51,0.179,0.0239,0.456,0.161,0.0,0.684,0.791,0.779,0.477,0.589,0.807,0.744,0.616,0.669,0.932,0.862,0.831,0.835,0.969,0.891,0.851,0.886
1,10,fiction,19960,11.3219,0.971,14.3272,0.0,0.7084,5.9317,1.5164,4.4153,2.4075,51,0.179,0.0426,0.462,0.16,0.0,0.631,0.769,0.659,0.678,0.594,0.803,0.722,0.623,0.699,0.923,0.842,0.789,0.846,0.962,0.877,0.813,0.882
1,10,math,19960,11.1068,0.952,14.3272,0.0,0.7084,5.9317,1.5164,4.4153,2.4075,51,0.179,0.032,0.37,0.163,0.0,0.622,0.809,0.733,0.538,0.58,0.796,0.737,0.636,0.675,0.916,0.86,0.813,0.817,0.959,0.896,0.836,0.874
1,10,news,19960,11.7149,1.004,14.3272,0.0,0.7084,5.9317,1.5164,4.4153,2.4075,51,0.179,0.0208,0.27,0.165,0.0,0.686,0.766,0.814,0.438,0.545,0.785,0.726,0.595,0.631,0.905,0.838,0.814,0.795,0.954,0.876,0.839,0.87
1,10,val,5988,11.6659,1.0,14.3272,0.0,0.7084,5.9317,1.5164,4.4153,2.4075,51,0.179,0.0274,0.078,0.158,0.0,0.607,0.804,0.674,0.511,0.578,0.769,0.714,0.648,0.637,0.887,0.831,0.791,0.768,0.945,0.891,0.817,0.851
1,11,code,19960,12.3802,1.025,33.5592,0.0,0.7876,5.9653,0.9671,4.9982,4.6874,18,0.024,0.024,0.483,0.941,0.0,0.032,1.0,0.024,0.295,0.993,0.997,0.985,0.957,0.988,0.999,0.998,0.958,0.989,1.0,0.999,0.96,0.989
1,11,dialogue,19960,12.4111,1.027,33.5592,0.0,0.7876,5.9653,0.9671,4.9982,4.6874,18,0.024,0.024,0.252,0.941,0.0,0.021,1.0,0.028,0.295,0.991,0.996,0.984,0.959,0.985,0.998,0.997,0.96,0.986,1.0,0.999,0.962,0.987
1,11,fiction,19960,12.4087,1.027,33.5592,0.0,0.7876,5.9653,0.9671,4.9982,4.6874,18,0.024,0.024,0.196,0.941,0.0,0.048,1.0,0.024,0.295,0.988,0.996,0.978,0.938,0.982,0.999,0.997,0.94,0.984,1.0,0.999,0.942,0.984
1,11,math,19960,12.2782,1.016,33.5592,0.0,0.7876,5.9653,0.9671,4.9982,4.6874,18,0.024,0.024,0.242,0.941,0.0,0.026,0.998,0.023,0.295,0.988,0.994,0.981,0.953,0.984,0.997,0.995,0.954,0.986,0.999,0.998,0.956,0.986
1,11,news,19960,11.9934,0.993,33.5592,0.0,0.7876,5.9653,0.9671,4.9982,4.6874,18,0.024,0.024,0.188,0.941,0.0,0.023,0.991,0.017,0.295,0.979,0.988,0.973,0.944,0.975,0.994,0.989,0.946,0.977,0.998,0.995,0.948,0.977
1,11,val,5988,12.0833,1.0,33.5592,0.0,0.7876,5.9653,0.9671,4.9982,4.6874,18,0.024,0.024,0.157,0.941,0.0,0.008,1.0,0.0,0.295,0.983,0.99,0.979,0.956,0.98,0.995,0.991,0.957,0.982,0.999,0.996,0.96,0.982
1,12,code,19960,8.1641,1.027,12.9288,0.0,0.5545,5.8577,1.8491,4.0085,3.4904,21,0.067,0.0312,0.62,0.018,0.0,0.939,0.936,0.16,0.564,0.233,0.678,0.589,0.282,0.508,0.859,0.81,0.351,0.794,0.957,0.927,0.489,0.931
1,12,dialogue,19960,9.244,1.163,12.9288,0.0,0.5545,5.8577,1.8491,4.0085,3.4904,21,0.067,0.0292,0.391,0.018,0.0,0.935,0.921,0.166,0.497,0.253,0.674,0.586,0.287,0.529,0.86,0.812,0.353,0.814,0.957,0.932,0.478,0.938
1,12,fiction,19960,9.0703,1.141,12.9288,0.0,0.5545,5.8577,1.8491,4.0085,3.4904,21,0.067,0.0303,0.31,0.018,0.0,0.935,0.892,0.149,0.564,0.259,0.641,0.536,0.276,0.493,0.84,0.773,0.341,0.783,0.949,0.915,0.473,0.92
1,12,math,19960,8.0913,1.018,12.9288,0.0,0.5545,5.8577,1.8491,4.0085,3.4904,21,0.067,0.0302,0.379,0.019,0.0,0.933,0.929,0.189,0.513,0.234,0.646,0.555,0.278,0.493,0.833,0.783,0.351,0.773,0.943,0.913,0.485,0.915
1,12,news,19960,8.3442,1.05,12.9288,0.0,0.5545,5.8577,1.8491,4.0085,3.4904,21,0.067,0.0262,0.252,0.018,0.0,0.941,0.908,0.198,0.526,0.241,0.602,0.511,0.27,0.449,0.797,0.738,0.345,0.726,0.921,0.883,0.474,0.882
1,12,val,5988,7.9459,1.0,12.9288,0.0,0.5545,5.8577,1.8491,4.0085,3.4904,21,0.067,0.0254,0.281,0.019,0.0,0.942,0.915,0.175,0.531,0.225,0.579,0.493,0.271,0.433,0.774,0.719,0.335,0.701,0.908,0.869,0.46,0.864
1,13,code,19960,10.9035,0.926,13.1328,0.0,0.4598,5.866,2.3448,3.5212,2.778,11,0.224,0.0328,0.919,0.362,0.0,0.875,0.91,0.463,0.766,0.33,0.68,0.532,0.446,0.511,0.86,0.799,0.653,0.667,0.966,0.925,0.845,0.802
1,13,dialogue,19960,11.8457,1.006,13.1328,0.0,0.4598,5.866,2.3448,3.5212,2.778,11,0.224,0.0331,0.638,0.362,0.0,0.74,0.89,0.45,0.638,0.491,0.728,0.589,0.513,0.592,0.882,0.82,0.698,0.722,0.972,0.938,0.861,0.826
1,13,fiction,19960,11.4415,0.972,13.1328,0.0,0.4598,5.866,2.3448,3.5212,2.778,11,0.224,0.045,0.633,0.343,0.0,0.753,0.828,0.407,0.69,0.479,0.718,0.575,0.514,0.591,0.875,0.787,0.676,0.733,0.967,0.92,0.822,0.834
1,13,math,19960,11.2593,0.957,13.1328,0.0,0.4598,5.866,2.3448,3.5212,2.778,11,0.224,0.0402,0.549,0.35,0.0,0.8,0.868,0.444,0.706,0.418,0.7,0.571,0.507,0.549,0.873,0.804,0.687,0.693,0.97,0.928,0.847,0.815
1,13,news,19960,12.2086,1.037,13.1328,0.0,0.4598,5.866,2.3448,3.5212,2.778,11,0.224,0.0352,0.487,0.36,0.0,0.777,0.864,0.43,0.603,0.45,0.712,0.58,0.521,0.557,0.878,0.807,0.69,0.705,0.969,0.935,0.842,0.821
1,13,val,5988,11.7692,1.0,13.1328,0.0,0.4598,5.866,2.3448,3.5212,2.778,11,0.224,0.0357,0.151,0.345,0.0,0.761,0.825,0.402,0.742,0.45,0.712,0.585,0.544,0.543,0.873,0.797,0.681,0.691,0.961,0.916,0.82,0.819
1,14,code,19960,9.5386,1.027,12.238,0.0,0.2667,5.8742,3.0341,2.8401,2.6367,23,0.137,0.0258,0.918,0.056,0.0,0.941,0.724,0.253,0.961,0.19,0.5,0.361,0.277,0.31,0.688,0.543,0.387,0.508,0.849,0.73,0.579,0.697
1,14,dialogue,19960,9.6706,1.041,12.238,0.0,0.2667,5.8742,3.0341,2.8401,2.6367,23,0.137,0.0284,0.675,0.062,0.0,0.923,0.688,0.178,0.779,0.244,0.52,0.397,0.332,0.383,0.701,0.562,0.408,0.585,0.858,0.764,0.556,0.763
1,14,fiction,19960,9.2093,0.992,12.238,0.0,0.2667,5.8742,3.0341,2.8401,2.6367,23,0.137,0.0337,0.564,0.059,0.0,0.916,0.744,0.238,0.89,0.237,0.503,0.398,0.343,0.369,0.689,0.57,0.437,0.543,0.852,0.766,0.611,0.714
1,14,math,19960,9.1421,0.984,12.238,0.0,0.2667,5.8742,3.0341,2.8401,2.6367,23,0.137,0.0328,0.576,0.061,0.0,0.913,0.782,0.319,0.986,0.192,0.512,0.388,0.335,0.317,0.697,0.577,0.451,0.495,0.857,0.764,0.651,0.67
1,14,news,19960,9.6938,1.044,12.238,0.0,0.2667,5.8742,3.0341,2.8401,2.6367,23,0.137,0.0272,0.521,0.061,0.0,0.903,0.751,0.239,0.87,0.312,0.54,0.433,0.369,0.404,0.725,0.618,0.455,0.592,0.873,0.798,0.623,0.743
1,14,val,5988,9.2866,1.0,12.238,0.0,0.2667,5.8742,3.0341,2.8401,2.6367,23,0.137,0.0244,0.207,0.059,0.0,0.932,0.708,0.224,1.132,0.276,0.487,0.364,0.308,0.321,0.659,0.541,0.395,0.493,0.814,0.715,0.529,0.663
1,15,code,19960,12.3842,0.957,13.8504,0.0,0.1507,5.7984,4.117,1.6814,1.5301,49,0.27,0.1418,0.98,0.201,0.0,0.442,0.864,0.854,1.21,0.468,0.883,0.785,0.69,0.625,0.977,0.919,0.918,0.775,0.996,0.943,0.933,0.879
1,15,dialogue,19960,14.0389,1.085,13.8504,0.0,0.1507,5.7984,4.117,1.6814,1.5301,49,0.27,0.062,0.728,0.2,0.0,0.53,0.894,0.887,1.242,0.474,0.887,0.752,0.619,0.494,0.979,0.92,0.922,0.661,0.996,0.943,0.928,0.847
1,15,fiction,19960,12.8696,0.995,13.8504,0.0,0.1507,5.7984,4.117,1.6814,1.5301,49,0.27,0.06,0.439,0.201,0.0,0.677,0.88,0.874,1.286,0.459,0.872,0.679,0.54,0.527,0.97,0.888,0.887,0.7,0.993,0.913,0.898,0.878
1,15,math,19960,12.829,0.992,13.8504,0.0,0.1507,5.7984,4.117,1.6814,1.5301,49,0.27,0.09,0.68,0.213,0.0,0.658,0.908,0.904,1.298,0.422,0.865,0.706,0.574,0.506,0.97,0.902,0.902,0.661,0.993,0.926,0.914,0.828
1,15,news,19960,13.4197,1.037,13.8504,0.0,0.1507,5.7984,4.117,1.6814,1.5301,49,0.27,0.056,0.566,0.21,0.0,0.678,0.91,0.906,1.298,0.457,0.872,0.683,0.538,0.479,0.97,0.9,0.901,0.611,0.993,0.924,0.908,0.786
1,15,val,5988,12.9378,1.0,13.8504,0.0,0.1507,5.7984,4.117,1.6814,1.5301,49,0.27,0.0507,0.332,0.222,0.0,0.666,0.706,0.687,1.396,0.539,0.767,0.602,0.565,0.466,0.905,0.781,0.767,0.563,0.973,0.877,0.857,0.7
2,0,code,19960,10.6576,1.215,11.9503,0.0,0.1883,5.6363,3.3039,2.3324,2.312,2,0.126,0.0095,0.847,0.033,0.0,0.942,0.236,0.2,1.356,0.091,0.523,0.195,0.216,0.183,0.705,0.308,0.324,0.34,0.864,0.509,0.414,0.595
2,0,dialogue,19960,9.4582,1.078,11.9503,0.0,0.1883,5.6363,3.3039,2.3324,2.312,2,0.126,0.0106,0.474,0.037,0.0,0.944,0.276,0.182,1.633,0.079,0.48,0.184,0.193,0.13,0.656,0.306,0.298,0.266,0.829,0.494,0.408,0.514
2,0,fiction,19960,9.0212,1.028,11.9503,0.0,0.1883,5.6363,3.3039,2.3324,2.312,2,0.126,0.0148,0.527,0.039,0.0,0.936,0.41,0.281,1.612,0.092,0.438,0.218,0.222,0.15,0.609,0.365,0.359,0.277,0.794,0.562,0.459,0.5
2,0,math,19960,9.5932,1.093,11.9503,0.0,0.1883,5.6363,3.3039,2.3324,2.312,2,0.126,0.0134,0.431,0.047,0.0,0.942,0.3,0.212,1.527,0.105,0.501,0.208,0.223,0.168,0.67,0.337,0.341,0.299,0.832,0.535,0.43,0.52
2,0,news,19960,9.6364,1.098,11.9503,0.0,0.1883,5.6363,3.3039,2.3324,2.312,2,0.126,0.0112,0.321,0.052,0.0,0.938,0.428,0.294,1.465,0.109,0.438,0.225,0.245,0.159,0.607,0.373,0.372,0.289,0.788,0.581,0.505,0.507
2,0,val,5988,8.7748,1.0,11.9503,0.0,0.1883,5.6363,3.3039,2.3324,2.312,2,0.126,0.0122,0.119,0.05,0.0,0.966,0.474,0.261,1.857,0.105,0.468,0.189,0.167,0.118,0.629,0.36,0.289,0.211,0.787,0.557,0.441,0.357
2,1,code,19960,9.894,1.212,10.841,0.0,0.3589,5.7688,2.8882,2.8806,2.5436,48,0.067,0.03,0.66,0.022,0.0,0.877,0.76,0.136,0.808,0.224,0.677,0.516,0.321,0.442,0.835,0.697,0.373,0.698,0.93,0.836,0.49,0.89
2,1,dialogue,19960,9.5275,1.167,10.841,0.0,0.3589,5.7688,2.8882,2.8806,2.5436,48,0.067,0.0272,0.408,0.021,0.0,0.913,0.82,0.139,0.559,0.203,0.691,0.569,0.366,0.482,0.847,0.733,0.427,0.715,0.942,0.851,0.546,0.89
2,1,fiction,19960,8.8651,1.086,10.841,0.0,0.3589,5.7688,2.8882,2.8806,2.5436,48,0.067,0.0267,0.36,0.023,0.0,0.916,0.891,0.178,0.638,0.199,0.651,0.561,0.339,0.443,0.807,0.725,0.419,0.665,0.911,0.828,0.564,0.844
2,1,math,19960,9.0787,1.112,10.841,0.0,0.3589,5.7688,2.8882,2.8806,2.5436,48,0.067,0.026,0.463,0.023,0.0,0.904,0.824,0.147,0.807,0.23,0.671,0.534,0.327,0.443,0.828,0.722,0.388,0.693,0.927,0.847,0.521,0.873
2,1,news,19960,8.5685,1.05,10.841,0.0,0.3589,5.7688,2.8882,2.8806,2.5436,48,0.067,0.0232,0.312,0.024,0.0,0.933,0.812,0.146,0.892,0.237,0.623,0.492,0.307,0.408,0.786,0.684,0.371,0.645,0.899,0.819,0.498,0.842
2,1,val,5988,8.1627,1.0,10.841,0.0,0.3589,5.7688,2.8882,2.8806,2.5436,48,0.067,0.0206,0.325,0.023,0.0,0.945,0.722,0.149,1.157,0.206,0.563,0.402,0.255,0.331,0.728,0.585,0.321,0.521,0.861,0.748,0.443,0.755
2,2,code,19960,10.6571,1.156,10.7755,0.0,0.135,5.7109,3.9142,1.7967,1.5686,28,0.084,0.0044,0.182,0.234,0.0,0.985,0.336,0.271,1.549,0.15,0.479,0.2,0.159,0.255,0.656,0.316,0.269,0.403,0.822,0.515,0.444,0.597
2,2,dialogue,19960,10.0868,1.094,10.7755,0.0,0.135,5.7109,3.9142,1.7967,1.5686,28,0.084,0.0176,0.009,0.243,0.0,0.986,0.383,0.379,1.503,0.144,0.447,0.213,0.176,0.246,0.627,0.355,0.326,0.38,0.808,0.584,0.541,0.576
2,2,fiction,19960,9.4383,1.024,10.7755,0.0,0.135,5.7109,3.9142,1.7967,1.5686,28,0.084,0.0218,0.002,0.226,0.0,0.985,0.465,0.26,1.571,0.14,0.436,0.213,0.184,0.252,0.627,0.361,0.335,0.411,0.821,0.602,0.557,0.62
2,2,math,19960,10.1408,1.1,10.7755,0.0,0.135,5.7109,3.9142,1.7967,1.5686,28,0.084,0.027,0.009,0.227,0.0,0.979,0.439,0.286,1.666,0.175,0.459,0.232,0.195,0.255,0.636,0.375,0.326,0.403,0.814,0.573,0.496,0.592
2,2,news,19960,10.0506,1.09,10.7755,0.0,0.135,5.7109,3.9142,1.7967,1.5686,28,0.084,0.0232,0.002,0.225,0.0,0.968,0.485,0.242,1.617,0.23,0.468,0.265,0.222,0.286,0.644,0.423,0.365,0.44,0.82,0.615,0.506,0.629
2,2,val,5988,9.2171,1.0,10.7755,0.0,0.135,5.7109,3.9142,1.7967,1.5686,28,0.084,0.033,0.0,0.232,0.0,0.984,0.516,0.289,1.894,0.191,0.408,0.237,0.204,0.22,0.574,0.386,0.352,0.344,0.755,0.568,0.499,0.517
2,3,code,19960,12.3175,1.304,11.8386,0.0,0.3286,5.6859,3.047,2.639,2.0714,28,0.173,0.0074,0.703,0.091,0.0,0.839,0.577,0.143,0.736,0.372,0.67,0.434,0.437,0.533,0.809,0.584,0.5,0.689,0.912,0.76,0.606,0.811
2,3,dialogue,19960,10.3843,1.099,11.8386,0.0,0.3286,5.6859,3.047,2.639,2.0714,28,0.173,0.0298,0.654,0.125,0.0,0.887,0.712,0.321,0.73,0.259,0.581,0.424,0.429,0.371,0.757,0.621,0.558,0.552,0.896,0.779,0.657,0.73
2,3,fiction,19960,10.1385,1.073,11.8386,0.0,0.3286,5.6859,3.047,2.639,2.0714,28,0.173,0.0264,0.347,0.125,0.0,0.899,0.742,0.415,0.735,0.266,0.554,0.409,0.401,0.388,0.733,0.615,0.561,0.565,0.88,0.777,0.668,0.724
2,3,math,19960,10.7119,1.134,11.8386,0.0,0.3286,5.6859,3.047,2.639,2.0714,28,0.173,0.03,0.384,0.136,0.0,0.871,0.71,0.363,0.861,0.326,0.609,0.467,0.462,0.44,0.784,0.654,0.587,0.62,0.907,0.797,0.676,0.752
2,3,news,19960,9.9358,1.052,11.8386,0.0,0.3286,5.6859,3.047,2.639,2.0714,28,0.173,0.0282,0.43,0.143,0.0,0.878,0.781,0.485,0.833,0.261,0.595,0.471,0.484,0.362,0.776,0.689,0.629,0.541,0.895,0.81,0.703,0.685
2,3,val,5988,9.4476,1.0,11.8386,0.0,0.3286,5.6859,3.047,2.639,2.0714,28,0.173,0.0236,0.034,0.139,0.0,0.953,0.686,0.405,1.279,0.292,0.508,0.354,0.335,0.318,0.678,0.543,0.482,0.461,0.828,0.695,0.584,0.606
2,4,code,19960,10.3761,1.307,10.8715,0.0,0.2392,5.736,3.7657,1.9703,1.5985,50,0.102,0.0026,0.038,0.14,0.0,0.846,0.734,0.218,1.029,0.279,0.769,0.553,0.341,0.568,0.881,0.676,0.468,0.738,0.948,0.789,0.567,0.866
2,4,dialogue,19960,8.9504,1.127,10.8715,0.0,0.2392,5.736,3.7657,1.9703,1.5985,50,0.102,0.016,0.003,0.147,0.0,0.958,0.811,0.258,1.224,0.159,0.618,0.404,0.229,0.331,0.763,0.579,0.375,0.527,0.88,0.72,0.504,0.733
2,4,fiction,19960,8.653,1.09,10.8715,0.0,0.2392,5.736,3.7657,1.9703,1.5985,50,0.102,0.0188,0.109,0.16,0.0,0.951,0.68,0.272,1.363,0.149,0.607,0.348,0.2,0.291,0.753,0.533,0.356,0.473,0.875,0.688,0.496,0.69
2,4,math,19960,8.9915,1.132,10.8715,0.0,0.2392,5.736,3.7657,1.9703,1.5985,50,0.102,0.0212,0.014,0.156,0.0,0.96,0.671,0.269,1.332,0.181,0.587,0.353,0.235,0.317,0.746,0.538,0.375,0.507,0.877,0.689,0.512,0.716
2,4,news,19960,8.2766,1.042,10.8715,0.0,0.2392,5.736,3.7657,1.9703,1.5985,50,0.102,0.0191,0.039,0.153,0.0,0.968,0.702,0.269,1.626,0.146,0.532,0.294,0.182,0.222,0.68,0.482,0.318,0.39,0.821,0.639,0.465,0.635
2,4,val,5988,7.9418,1.0,10.8715,0.0,0.2392,5.736,3.7657,1.9703,1.5985,50,0.102,0.0216,0.0,0.154,0.0,0.98,0.517,0.301,1.713,0.158,0.427,0.222,0.2,0.208,0.597,0.395,0.319,0.358,0.774,0.604,0.475,0.564
2,5,code,19960,12.8509,1.063,11.7685,0.0,0.2758,5.8414,3.3877,2.4536,2.1112,12,0.366,0.0184,0.9,0.054,0.0,0.841,0.363,0.289,0.995,0.098,0.733,0.363,0.363,0.173,0.887,0.467,0.406,0.387,0.966,0.641,0.619,0.623
2,5,dialogue,19960,12.5474,1.038,11.7685,0.0,0.2758,5.8414,3.3877,2.4536,2.1112,12,0.366,0.0204,0.713,0.052,0.0,0.819,0.407,0.407,0.903,0.094,0.694,0.388,0.389,0.156,0.859,0.489,0.43,0.331,0.953,0.691,0.675,0.545
2,5,fiction,19960,11.792,0.976,11.7685,0.0,0.2758,5.8414,3.3877,2.4536,2.1112,12,0.366,0.023,0.664,0.05,0.0,0.81,0.501,0.531,1.153,0.108,0.669,0.455,0.455,0.15,0.841,0.592,0.539,0.298,0.942,0.77,0.78,0.471
2,5,math,19960,12.4146,1.027,11.7685,0.0,0.2758,5.8414,3.3877,2.4536,2.1112,12,0.366,0.0201,0.674,0.056,0.0,0.814,0.414,0.416,1.04,0.106,0.729,0.418,0.418,0.147,0.883,0.539,0.485,0.304,0.962,0.707,0.699,0.512
2,5,news,19960,12.3243,1.02,11.7685,0.0,0.2758,5.8414,3.3877,2.4536,2.1112,12,0.366,0.0222,0.591,0.076,0.0,0.7,0.72,0.635,1.105,0.114,0.766,0.569,0.571,0.121,0.9,0.733,0.695,0.237,0.966,0.835,0.838,0.42
2,5,val,5988,12.0853,1.0,11.7685,0.0,0.2758,5.8414,3.3877,2.4536,2.1112,12,0.366,0.0179,0.268,0.065,0.0,0.853,0.563,0.466,1.39,0.112,0.722,0.392,0.385,0.094,0.86,0.6,0.558,0.183,0.943,0.725,0.666,0.334
2,6,code,19960,11.6976,1.366,10.4816,0.0,0.1195,5.6977,3.6912,2.0066,2.0436,11,0.175,0.0033,0.121,0.176,0.0,0.951,0.182,0.025,1.869,0.212,0.619,0.246,0.211,0.316,0.774,0.299,0.23,0.472,0.901,0.41,0.35,0.682
2,6,dialogue,19960,10.0374,1.172,10.4816,0.0,0.1195,5.6977,3.6912,2.0066,2.0436,11,0.175,0.0158,0.019,0.18,0.0,0.969,0.528,0.245,1.503,0.186,0.57,0.275,0.212,0.249,0.737,0.432,0.325,0.368,0.886,0.606,0.553,0.573
2,6,fiction,19960,9.226,1.077,10.4816,0.0,0.1195,5.6977,3.6912,2.0066,2.0436,11,0.175,0.0229,0.037,0.186,0.0,0.971,0.583,0.321,1.458,0.2,0.474,0.271,0.235,0.226,0.654,0.455,0.373,0.365,0.827,0.638,0.55,0.567
2,6,math,19960,10.0705,1.176,10.4816,0.0,0.1195,5.6977,3.6912,2.0066,2.0436,11,0.175,0.0239,0.023,0.188,0.0,0.963,0.456,0.219,1.752,0.237,0.549,0.285,0.243,0.261,0.715,0.428,0.345,0.425,0.863,0.579,0.507,0.606
2,6,news,19960,9.4708,1.106,10.4816,0.0,0.1195,5.6977,3.6912,2.0066,2.0436,11,0.175,0.0208,0.017,0.194,0.0,0.967,0.551,0.308,1.641,0.239,0.489,0.291,0.259,0.229,0.665,0.469,0.396,0.366,0.827,0.623,0.557,0.53
2,6,val,5988,8.564,1.0,10.4816,0.0,0.1195,5.6977,3.6912,2.0066,2.0436,11,0.175,0.0276,0.0,0.196,0.0,0.97,0.654,0.377,1.855,0.204,0.468,0.295,0.246,0.172,0.637,0.488,0.387,0.288,0.8,0.649,0.546,0.451
2,7,code,19960,10.7128,1.279,9.9735,0.0,0.0626,5.6948,3.8494,1.8453,1.9175,24,0.231,0.0483,0.931,0.341,0.0,0.954,0.482,0.456,1.837,0.089,0.669,0.278,0.308,0.171,0.848,0.511,0.544,0.308,0.949,0.621,0.571,0.522
2,7,dialogue,19960,9.7217,1.161,9.9735,0.0,0.0626,5.6948,3.8494,1.8453,1.9175,24,0.231,0.0576,0.73,0.35,0.0,0.919,0.335,0.285,1.812,0.067,0.698,0.374,0.379,0.13,0.848,0.489,0.499,0.22,0.939,0.634,0.604,0.469
2,7,fiction,19960,9.1456,1.092,9.9735,0.0,0.0626,5.6948,3.8494,1.8453,1.9175,24,0.231,0.0718,0.679,0.322,0.0,0.939,0.467,0.392,1.656,0.08,0.607,0.387,0.397,0.177,0.773,0.533,0.542,0.326,0.901,0.678,0.633,0.562
2,7,math,19960,9.6744,1.155,9.9735,0.0,0.0626,5.6948,3.8494,1.8453,1.9175,24,0.231,0.05,0.496,0.316,0.0,0.913,0.355,0.322,1.893,0.103,0.702,0.354,0.375,0.171,0.844,0.487,0.511,0.312,0.935,0.623,0.585,0.523
2,7,news,19960,9.3863,1.12,9.9735,0.0,0.0626,5.6948,3.8494,1.8453,1.9175,24,0.231,0.0444,0.443,0.319,0.0,0.865,0.574,0.54,1.741,0.092,0.693,0.474,0.491,0.131,0.826,0.634,0.659,0.243,0.917,0.742,0.706,0.425
2,7,val,5988,8.3771,1.0,9.9735,0.0,0.0626,5.6948,3.8494,1.8453,1.9175,24,0.231,0.0329,0.003,0.315,0.0,0.978,0.437,0.38,1.883,0.095,0.605,0.262,0.247,0.106,0.749,0.428,0.41,0.196,0.872,0.614,0.566,0.354
2,8,code,19960,11.2335,1.273,11.235,0.0,0.4691,5.7984,2.4117,3.3867,2.5248,29,0.163,0.0066,0.805,0.073,0.0,0.796,0.68,0.07,0.397,0.41,0.671,0.484,0.471,0.607,0.79,0.65,0.514,0.734,0.889,0.767,0.572,0.834
2,8,dialogue,19960,9.9145,1.123,11.235,0.0,0.4691,5.7984,2.4117,3.3867,2.5248,29,0.163,0.0179,0.612,0.093,0.0,0.844,0.768,0.127,0.458,0.291,0.588,0.441,0.442,0.481,0.727,0.636,0.505,0.642,0.848,0.773,0.57,0.772
2,8,fiction,19960,9.5702,1.084,11.235,0.0,0.4691,5.7984,2.4117,3.3867,2.5248,29,0.163,0.0216,0.507,0.091,0.0,0.908,0.746,0.287,0.568,0.189,0.519,0.367,0.361,0.356,0.671,0.567,0.451,0.542,0.811,0.717,0.532,0.701
2,8,math,19960,9.7536,1.105,11.235,0.0,0.4691,5.7984,2.4117,3.3867,2.5248,29,0.163,0.0236,0.488,0.1,0.0,0.88,0.768,0.329,0.585,0.269,0.561,0.435,0.42,0.426,0.716,0.623,0.512,0.593,0.846,0.761,0.591,0.732
2,8,news,19960,9.182,1.04,11.235,0.0,0.4691,5.7984,2.4117,3.3867,2.5248,29,0.163,0.0228,0.501,0.101,0.0,0.886,0.848,0.605,0.628,0.173,0.543,0.424,0.403,0.316,0.704,0.621,0.54,0.503,0.836,0.765,0.636,0.662
2,8,val,5988,8.8263,1.0,11.235,0.0,0.4691,5.7984,2.4117,3.3867,2.5248,29,0.163,0.0174,0.115,0.09,0.0,0.959,0.706,0.416,0.993,0.181,0.436,0.305,0.285,0.256,0.597,0.488,0.385,0.415,0.757,0.668,0.522,0.596
2,9,code,19960,9.7602,1.22,10.081,0.0,0.1303,5.7173,4.1418,1.5755,1.4255,43,0.133,0.009,0.556,0.179,0.0,0.93,0.159,0.188,0.968,0.164,0.509,0.289,0.291,0.364,0.695,0.363,0.438,0.51,0.868,0.492,0.487,0.693
2,9,dialogue,19960,8.7004,1.088,10.081,0.0,0.1303,5.7173,4.1418,1.5755,1.4255,43,0.133,0.0204,0.236,0.193,0.0,0.978,0.525,0.488,1.34,0.153,0.397,0.201,0.201,0.233,0.576,0.397,0.424,0.376,0.771,0.537,0.511,0.572
2,9,fiction,19960,8.8628,1.108,10.081,0.0,0.1303,5.7173,4.1418,1.5755,1.4255,43,0.133,0.0236,0.04,0.186,0.0,0.971,0.548,0.347,1.469,0.126,0.479,0.297,0.284,0.185,0.659,0.477,0.435,0.33,0.829,0.605,0.531,0.558
2,9,math,19960,8.7229,1.091,10.081,0.0,0.1303,5.7173,4.1418,1.5755,1.4255,43,0.133,0.0226,0.066,0.21,0.0,0.963,0.45,0.405,1.259,0.17,0.419,0.235,0.235,0.26,0.6,0.408,0.427,0.405,0.789,0.548,0.511,0.597
2,9,news,19960,8.6743,1.084,10.081,0.0,0.1303,5.7173,4.1418,1.5755,1.4255,43,0.133,0.0198,0.03,0.234,0.0,0.969,0.695,0.596,1.342,0.199,0.435,0.226,0.224,0.247,0.605,0.448,0.45,0.389,0.774,0.573,0.529,0.585
2,9,val,5988,7.999,1.0,10.081,0.0,0.1303,5.7173,4.1418,1.5755,1.4255,43,0.133,0.0258,0.0,0.239,0.0,0.964,0.499,0.315,1.688,0.197,0.361,0.235,0.232,0.198,0.522,0.381,0.352,0.316,0.705,0.53,0.479,0.488
2,10,code,19960,10.5081,1.134,12.5828,0.0,0.8086,5.9692,1.0962,4.873,3.6778,55,0.069,0.0153,0.441,0.009,0.0,0.773,0.799,0.078,0.174,0.425,0.656,0.581,0.509,0.582,0.766,0.714,0.539,0.667,0.853,0.809,0.594,0.745
2,10,dialogue,19960,9.5087,1.026,12.5828,0.0,0.8086,5.9692,1.0962,4.873,3.6778,55,0.069,0.018,0.306,0.011,0.0,0.786,0.8,0.091,0.182,0.407,0.628,0.546,0.518,0.548,0.742,0.69,0.55,0.625,0.835,0.793,0.612,0.71
2,10,fiction,19960,9.4225,1.017,12.5828,0.0,0.8086,5.9692,1.0962,4.873,3.6778,55,0.069,0.0173,0.228,0.01,0.0,0.87,0.806,0.094,0.176,0.336,0.582,0.515,0.444,0.514,0.704,0.657,0.482,0.605,0.808,0.763,0.554,0.696
2,10,math,19960,9.7005,1.047,12.5828,0.0,0.8086,5.9692,1.0962,4.873,3.6778,55,0.069,0.0176,0.33,0.018,0.0,0.782,0.749,0.11,0.181,0.423,0.63,0.56,0.508,0.562,0.742,0.685,0.544,0.64,0.837,0.785,0.607,0.723
2,10,news,19960,9.1313,0.986,12.5828,0.0,0.8086,5.9692,1.0962,4.873,3.6778,55,0.069,0.0186,0.232,0.017,0.0,0.87,0.687,0.085,0.184,0.32,0.561,0.452,0.468,0.454,0.694,0.619,0.505,0.545,0.807,0.739,0.573,0.645
2,10,val,5988,9.2641,1.0,12.5828,0.0,0.8086,5.9692,1.0962,4.873,3.6778,55,0.069,0.0164,0.143,0.009,0.0,0.864,0.729,0.1,0.302,0.362,0.543,0.498,0.398,0.498,0.656,0.598,0.442,0.595,0.77,0.705,0.524,0.692
2,11,code,19960,11.2155,1.221,10.3482,0.0,0.4421,5.755,2.831,2.924,2.1598,59,0.159,0.016,0.835,0.045,0.0,0.909,0.735,0.149,0.689,0.197,0.569,0.404,0.304,0.395,0.725,0.608,0.389,0.581,0.86,0.77,0.511,0.75
2,11,dialogue,19960,9.5885,1.043,10.3482,0.0,0.4421,5.755,2.831,2.924,2.1598,59,0.159,0.0222,0.434,0.045,0.0,0.932,0.821,0.145,0.483,0.149,0.522,0.39,0.299,0.326,0.698,0.6,0.391,0.536,0.852,0.777,0.51,0.726
2,11,fiction,19960,9.3552,1.018,10.3482,0.0,0.4421,5.755,2.831,2.924,2.1598,59,0.159,0.0235,0.338,0.047,0.0,0.923,0.812,0.16,0.489,0.161,0.492,0.39,0.322,0.344,0.66,0.586,0.42,0.514,0.822,0.755,0.547,0.687
2,11,math,19960,9.9648,1.084,10.3482,0.0,0.4421,5.755,2.831,2.924,2.1598,59,0.159,0.0259,0.498,0.049,0.0,0.927,0.706,0.157,0.831,0.174,0.498,0.361,0.303,0.31,0.674,0.551,0.397,0.481,0.834,0.723,0.512,0.669
2,11,news,19960,9.8149,1.068,10.3482,0.0,0.4421,5.755,2.831,2.924,2.1598,59,0.159,0.0227,0.41,0.051,0.0,0.913,0.733,0.14,0.857,0.153,0.466,0.36,0.34,0.248,0.64,0.549,0.426,0.39,0.809,0.719,0.54,0.576
2,11,val,5988,9.1889,1.0,10.3482,0.0,0.4421,5.755,2.831,2.924,2.1598,59,0.159,0.0222,0.133,0.048,0.0,0.954,0.609,0.13,1.328,0.15,0.415,0.298,0.278,0.205,0.584,0.457,0.355,0.327,0.758,0.632,0.473,0.501
2,12,code,19960,10.7088,0.99,11.7679,0.0,0.7156,5.9475,1.4704,4.477,2.8679,39,0.131,0.0154,0.941,0.047,0.0,0.833,0.764,0.455,0.504,0.32,0.6,0.459,0.446,0.451,0.762,0.65,0.537,0.623,0.882,0.815,0.67,0.739
2,12,dialogue,19960,10.7097,0.99,11.7679,0.0,0.7156,5.9475,1.4704,4.477,2.8679,39,0.131,0.0161,0.804,0.05,0.0,0.827,0.844,0.669,0.436,0.302,0.595,0.485,0.48,0.419,0.761,0.676,0.59,0.583,0.882,0.84,0.751,0.7
2,12,fiction,19960,10.5525,0.975,11.7679,0.0,0.7156,5.9475,1.4704,4.477,2.8679,39,0.131,0.0186,0.651,0.045,0.0,0.839,0.787,0.56,0.551,0.301,0.586,0.467,0.459,0.424,0.752,0.637,0.541,0.588,0.871,0.805,0.708,0.694
2,12,math,19960,10.9523,1.012,11.7679,0.0,0.7156,5.9475,1.4704,4.477,2.8679,39,0.131,0.0173,0.684,0.048,0.0,0.802,0.822,0.599,0.455,0.334,0.611,0.487,0.482,0.446,0.775,0.685,0.607,0.591,0.889,0.842,0.737,0.709
2,12,news,19960,10.9623,1.013,11.7679,0.0,0.7156,5.9475,1.4704,4.477,2.8679,39,0.131,0.0176,0.624,0.058,0.0,0.812,0.904,0.8,0.408,0.247,0.597,0.443,0.484,0.332,0.77,0.672,0.661,0.497,0.883,0.849,0.779,0.651
2,12,val,5988,10.8208,1.0,11.7679,0.0,0.7156,5.9475,1.4704,4.477,2.8679,39,0.131,0.0116,0.219,0.049,0.0,0.88,0.722,0.517,0.418,0.31,0.499,0.395,0.372,0.389,0.652,0.556,0.488,0.525,0.793,0.722,0.596,0.653
2,13,code,19960,9.9302,1.066,10.8753,0.0,0.5004,5.9166,2.8707,3.0458,1.3788,48,0.116,0.0278,1.0,0.499,0.0,0.933,0.437,0.443,1.351,0.215,0.54,0.367,0.446,0.335,0.716,0.563,0.488,0.517,0.843,0.703,0.613,0.721
2,13,dialogue,19960,10.7122,1.149,10.8753,0.0,0.5004,5.9166,2.8707,3.0458,1.3788,48,0.116,0.022,1.0,0.423,0.0,0.751,0.431,0.525,0.902,0.443,0.675,0.535,0.565,0.565,0.824,0.688,0.596,0.716,0.907,0.806,0.704,0.845
2,13,fiction,19960,10.3561,1.111,10.8753,0.0,0.5004,5.9166,2.8707,3.0458,1.3788,48,0.116,0.0161,0.857,0.426,0.0,0.831,0.593,0.248,1.048,0.366,0.61,0.46,0.446,0.477,0.739,0.611,0.485,0.612,0.846,0.715,0.566,0.748
2,13,math,19960,9.9125,1.064,10.8753,0.0,0.5004,5.9166,2.8707,3.0458,1.3788,48,0.116,0.0175,1.0,0.472,0.0,0.871,0.435,0.481,1.189,0.318,0.613,0.436,0.483,0.421,0.772,0.614,0.523,0.581,0.871,0.744,0.64,0.743
2,13,news,19960,9.7839,1.05,10.8753,0.0,0.5004,5.9166,2.8707,3.0458,1.3788,48,0.116,0.0202,1.0,0.452,0.0,0.871,0.473,0.429,1.146,0.295,0.623,0.435,0.5,0.395,0.777,0.635,0.54,0.556,0.871,0.752,0.641,0.742
2,13,val,5988,9.319,1.0,10.8753,0.0,0.5004,5.9166,2.8707,3.0458,1.3788,48,0.116,0.0096,1.0,0.489,0.0,0.93,0.503,0.099,1.46,0.312,0.519,0.368,0.342,0.369,0.645,0.489,0.394,0.502,0.772,0.596,0.476,0.638
2,14,code,19960,10.8057,1.166,10.6957,0.0,0.3279,5.744,2.8862,2.8578,2.3196,2,0.174,0.0229,0.841,0.172,0.0,0.802,0.527,0.186,0.549,0.42,0.634,0.494,0.509,0.525,0.784,0.622,0.564,0.671,0.896,0.777,0.678,0.78
2,14,dialogue,19960,9.5167,1.027,10.6957,0.0,0.3279,5.744,2.8862,2.8578,2.3196,2,0.174,0.043,0.548,0.185,0.0,0.939,0.766,0.351,0.714,0.195,0.53,0.441,0.467,0.316,0.719,0.62,0.524,0.53,0.863,0.79,0.717,0.686
2,14,fiction,19960,9.3594,1.01,10.6957,0.0,0.3279,5.744,2.8862,2.8578,2.3196,2,0.174,0.0594,0.436,0.182,0.0,0.921,0.726,0.362,0.767,0.214,0.551,0.45,0.473,0.356,0.735,0.62,0.528,0.539,0.872,0.779,0.727,0.685
2,14,math,19960,10.018,1.081,10.6957,0.0,0.3279,5.744,2.8862,2.8578,2.3196,2,0.174,0.042,0.331,0.189,0.0,0.804,0.634,0.332,0.592,0.348,0.612,0.521,0.535,0.464,0.772,0.663,0.6,0.622,0.891,0.806,0.727,0.745
2,14,news,19960,9.4896,1.024,10.6957,0.0,0.3279,5.744,2.8862,2.8578,2.3196,2,0.174,0.0354,0.31,0.192,0.0,0.908,0.799,0.48,0.694,0.214,0.551,0.458,0.482,0.314,0.732,0.674,0.597,0.504,0.873,0.82,0.751,0.674
2,14,val,5988,9.2648,1.0,10.6957,0.0,0.3279,5.744,2.8862,2.8578,2.3196,2,0.174,0.0322,0.003,0.199,0.0,0.96,0.766,0.491,0.914,0.25,0.458,0.366,0.355,0.308,0.646,0.567,0.497,0.451,0.819,0.741,0.669,0.599
2,15,code,19960,5.7812,1.121,18.7604,0.0,0.8717,5.9963,0.7438,5.2525,4.8739,23,0.026,0.0162,0.461,0.008,0.0,0.656,0.922,0.043,0.143,0.675,0.894,0.887,0.637,0.887,0.964,0.948,0.65,0.948,0.981,0.978,0.681,0.963
2,15,dialogue,19960,5.1416,0.997,18.7604,0.0,0.8717,5.9963,0.7438,5.2525,4.8739,23,0.026,0.0161,0.236,0.008,0.0,0.814,0.953,0.043,0.143,0.606,0.862,0.855,0.589,0.855,0.953,0.937,0.604,0.937,0.977,0.973,0.639,0.958
2,15,fiction,19960,5.2335,1.014,18.7604,0.0,0.8717,5.9963,0.7438,5.2525,4.8739,23,0.026,0.0154,0.192,0.008,0.0,0.885,0.965,0.046,0.155,0.536,0.865,0.86,0.535,0.861,0.975,0.96,0.551,0.962,0.99,0.988,0.59,0.974
2,15,math,19960,5.253,1.018,18.7604,0.0,0.8717,5.9963,0.7438,5.2525,4.8739,23,0.026,0.0162,0.306,0.008,0.0,0.802,0.948,0.042,0.141,0.621,0.853,0.849,0.592,0.849,0.945,0.931,0.607,0.931,0.972,0.968,0.641,0.955
2,15,news,19960,5.0779,0.984,18.7604,0.0,0.8717,5.9963,0.7438,5.2525,4.8739,23,0.026,0.0163,0.126,0.008,0.0,0.869,0.955,0.04,0.136,0.594,0.832,0.827,0.572,0.827,0.933,0.92,0.588,0.919,0.967,0.962,0.623,0.95
2,15,val,5988,5.1589,1.0,18.7604,0.0,0.8717,5.9963,0.7438,5.2525,4.8739,23,0.026,0.0168,0.182,0.008,0.0,0.879,0.934,0.039,0.133,0.603,0.809,0.806,0.576,0.806,0.911,0.899,0.592,0.898,0.954,0.947,0.628,0.937
3,0,code,19960,9.2739,1.242,9.2694,0.0,0.1851,5.8672,3.7472,2.1201,2.0251,25,0.076,0.0286,0.703,0.09,0.0,0.979,0.347,0.118,1.344,0.081,0.372,0.155,0.211,0.15,0.554,0.298,0.298,0.273,0.75,0.483,0.38,0.472
3,0,dialogue,19960,8.4044,1.126,9.2694,0.0,0.1851,5.8672,3.7472,2.1201,2.0251,25,0.076,0.0228,0.401,0.1,0.0,0.987,0.685,0.569,1.442,0.072,0.409,0.213,0.202,0.143,0.603,0.436,0.437,0.252,0.792,0.637,0.581,0.442
3,0,fiction,19960,8.7465,1.171,9.2694,0.0,0.1851,5.8672,3.7472,2.1201,2.0251,25,0.076,0.0196,0.579,0.105,0.0,0.986,0.408,0.436,1.521,0.076,0.359,0.171,0.148,0.131,0.531,0.317,0.313,0.237,0.722,0.524,0.493,0.428
3,0,math,19960,8.3502,1.118,9.2694,0.0,0.1851,5.8672,3.7472,2.1201,2.0251,25,0.076,0.0262,0.547,0.123,0.0,0.979,0.544,0.36,1.445,0.088,0.426,0.203,0.226,0.159,0.611,0.393,0.383,0.286,0.791,0.585,0.494,0.491
3,0,news,19960,8.2765,1.108,9.2694,0.0,0.1851,5.8672,3.7472,2.1201,2.0251,25,0.076,0.0236,0.512,0.126,0.0,0.989,0.627,0.268,1.312,0.145,0.413,0.255,0.221,0.228,0.595,0.445,0.349,0.394,0.779,0.629,0.471,0.6
3,0,val,5988,7.467,1.0,9.2694,0.0,0.1851,5.8672,3.7472,2.1201,2.0251,25,0.076,0.0162,0.693,0.089,0.0,0.993,0.586,0.455,1.608,0.094,0.333,0.187,0.15,0.135,0.505,0.357,0.33,0.24,0.696,0.548,0.471,0.398
3,1,code,19960,10.4611,1.092,10.8764,0.0,0.4605,5.9402,2.2895,3.6507,3.0188,29,0.357,0.007,0.403,0.271,0.0,0.857,0.732,0.272,0.74,0.254,0.695,0.502,0.51,0.371,0.859,0.725,0.599,0.539,0.949,0.881,0.698,0.648
3,1,dialogue,19960,9.928,1.036,10.8764,0.0,0.4605,5.9402,2.2895,3.6507,3.0188,29,0.357,0.0185,0.181,0.376,0.0,0.942,0.753,0.324,0.742,0.233,0.643,0.464,0.467,0.346,0.827,0.705,0.582,0.539,0.936,0.86,0.698,0.726
3,1,fiction,19960,9.4094,0.982,10.8764,0.0,0.4605,5.9402,2.2895,3.6507,3.0188,29,0.357,0.0232,0.11,0.392,0.0,0.94,0.778,0.386,0.755,0.214,0.619,0.5,0.507,0.316,0.798,0.722,0.637,0.5,0.921,0.869,0.752,0.686
3,1,math,19960,9.6894,1.011,10.8764,0.0,0.4605,5.9402,2.2895,3.6507,3.0188,29,0.357,0.0214,0.199,0.38,0.0,0.877,0.775,0.352,0.706,0.293,0.66,0.525,0.523,0.391,0.836,0.749,0.647,0.56,0.941,0.89,0.76,0.714
3,1,news,19960,9.7424,1.017,10.8764,0.0,0.4605,5.9402,2.2895,3.6507,3.0188,29,0.357,0.0288,0.166,0.399,0.0,0.893,0.813,0.377,0.727,0.246,0.667,0.568,0.576,0.327,0.837,0.78,0.683,0.52,0.942,0.902,0.799,0.734
3,1,val,5988,9.5823,1.0,10.8764,0.0,0.4605,5.9402,2.2895,3.6507,3.0188,29,0.357,0.0326,0.077,0.426,0.0,0.891,0.77,0.373,0.859,0.254,0.676,0.572,0.563,0.324,0.834,0.765,0.685,0.512,0.937,0.889,0.805,0.712
3,2,code,19960,10.0703,1.007,11.0947,0.0,0.5629,5.9245,2.4842,3.4403,2.2152,30,0.164,0.008,0.612,0.084,0.0,0.891,0.678,0.099,0.565,0.179,0.595,0.421,0.473,0.284,0.736,0.654,0.523,0.418,0.848,0.764,0.588,0.56
3,2,dialogue,19960,10.6482,1.065,11.0947,0.0,0.5629,5.9245,2.4842,3.4403,2.2152,30,0.164,0.0087,0.736,0.106,0.0,0.592,0.767,0.138,0.324,0.467,0.733,0.613,0.612,0.585,0.824,0.781,0.659,0.676,0.901,0.856,0.704,0.765
3,2,fiction,19960,10.4857,1.048,11.0947,0.0,0.5629,5.9245,2.4842,3.4403,2.2152,30,0.164,0.0086,0.602,0.066,0.0,0.714,0.765,0.106,0.565,0.392,0.707,0.547,0.537,0.527,0.815,0.748,0.582,0.648,0.894,0.832,0.638,0.74
3,2,math,19960,10.0752,1.007,11.0947,0.0,0.5629,5.9245,2.4842,3.4403,2.2152,30,0.164,0.0132,0.709,0.226,0.0,0.79,0.711,0.115,0.682,0.308,0.668,0.504,0.52,0.422,0.792,0.713,0.57,0.561,0.883,0.807,0.627,0.699
3,2,news,19960,10.3215,1.032,11.0947,0.0,0.5629,5.9245,2.4842,3.4403,2.2152,30,0.164,0.0208,0.782,0.327,0.0,0.754,0.709,0.099,0.705,0.352,0.696,0.539,0.561,0.461,0.816,0.746,0.602,0.625,0.896,0.831,0.658,0.777
3,2,val,5988,10.002,1.0,11.0947,0.0,0.5629,5.9245,2.4842,3.4403,2.2152,30,0.164,0.0086,0.327,0.092,0.0,0.865,0.567,0.129,0.975,0.28,0.595,0.432,0.432,0.353,0.72,0.61,0.493,0.475,0.833,0.723,0.573,0.602
3,3,code,19960,10.7887,1.015,13.985,0.0,0.7011,5.9719,1.357,4.6149,4.0773,60,0.07,0.0116,0.42,0.039,0.0,0.455,0.945,0.048,0.294,0.689,0.856,0.76,0.678,0.789,0.94,0.901,0.69,0.857,0.972,0.952,0.716,0.887
3,3,dialogue,19960,10.7366,1.01,13.985,0.0,0.7011,5.9719,1.357,4.6149,4.0773,60,0.07,0.0114,0.397,0.024,0.0,0.383,0.918,0.047,0.254,0.732,0.858,0.746,0.727,0.771,0.927,0.898,0.738,0.819,0.96,0.939,0.76,0.848
3,3,fiction,19960,10.899,1.026,13.985,0.0,0.7011,5.9719,1.357,4.6149,4.0773,60,0.07,0.0157,0.328,0.072,0.0,0.498,0.87,0.056,0.314,0.652,0.824,0.705,0.664,0.735,0.904,0.86,0.68,0.803,0.948,0.917,0.709,0.841
3,3,math,19960,10.7511,1.012,13.985,0.0,0.7011,5.9719,1.357,4.6149,4.0773,60,0.07,0.015,0.405,0.063,0.0,0.456,0.927,0.05,0.302,0.697,0.857,0.752,0.682,0.782,0.936,0.898,0.694,0.848,0.969,0.946,0.721,0.878
3,3,news,19960,10.8315,1.019,13.985,0.0,0.7011,5.9719,1.357,4.6149,4.0773,60,0.07,0.0198,0.358,0.08,0.0,0.524,0.856,0.047,0.324,0.608,0.802,0.655,0.672,0.698,0.907,0.857,0.685,0.774,0.955,0.919,0.712,0.824
3,3,val,5988,10.6251,1.0,13.985,0.0,0.7011,5.9719,1.357,4.6149,4.0773,60,0.07,0.0152,0.24,0.055,0.0,0.534,0.887,0.059,0.314,0.659,0.823,0.724,0.641,0.755,0.902,0.858,0.658,0.823,0.948,0.918,0.69,0.863
3,4,code,19960,8.7491,1.075,13.5319,0.0,0.5646,5.937,1.662,4.275,3.9524,1,0.043,0.0136,0.147,0.015,0.0,0.978,0.811,0.143,0.351,0.296,0.551,0.452,0.295,0.465,0.74,0.656,0.378,0.667,0.882,0.831,0.435,0.81
3,4,dialogue,19960,8.486,1.043,13.5319,0.0,0.5646,5.937,1.662,4.275,3.9524,1,0.043,0.0145,0.059,0.017,0.0,0.949,0.898,0.064,0.342,0.305,0.56,0.473,0.312,0.473,0.735,0.674,0.356,0.681,0.872,0.826,0.42,0.83
3,4,fiction,19960,8.5401,1.049,13.5319,0.0,0.5646,5.937,1.662,4.275,3.9524,1,0.043,0.0132,0.0,0.017,0.0,0.963,0.89,0.079,0.376,0.317,0.567,0.484,0.32,0.492,0.744,0.686,0.372,0.696,0.875,0.832,0.435,0.829
3,4,math,19960,8.5154,1.046,13.5319,0.0,0.5646,5.937,1.662,4.275,3.9524,1,0.043,0.0158,0.076,0.017,0.0,0.951,0.882,0.092,0.359,0.352,0.601,0.524,0.349,0.522,0.774,0.716,0.402,0.723,0.897,0.853,0.461,0.848
3,4,news,19960,8.476,1.042,13.5319,0.0,0.5646,5.937,1.662,4.275,3.9524,1,0.043,0.0192,0.021,0.017,0.0,0.914,0.844,0.13,0.343,0.421,0.64,0.571,0.402,0.574,0.801,0.74,0.471,0.744,0.911,0.872,0.524,0.851
3,4,val,5988,8.1376,1.0,13.5319,0.0,0.5646,5.937,1.662,4.275,3.9524,1,0.043,0.0164,0.052,0.016,0.0,0.951,0.836,0.155,0.471,0.363,0.581,0.506,0.346,0.499,0.744,0.679,0.413,0.678,0.872,0.827,0.474,0.81
3,5,code,19960,10.6099,1.009,16.1059,0.0,0.8646,5.968,0.7967,5.1713,4.6142,61,0.135,0.0041,0.671,0.017,0.0,0.315,0.923,0.052,0.167,0.72,0.87,0.801,0.806,0.789,0.946,0.923,0.819,0.821,0.972,0.959,0.836,0.846
3,5,dialogue,19960,10.3922,0.988,16.1059,0.0,0.8646,5.968,0.7967,5.1713,4.6142,61,0.135,0.0056,0.667,0.027,0.0,0.411,0.917,0.049,0.167,0.627,0.804,0.756,0.767,0.692,0.899,0.876,0.785,0.729,0.942,0.92,0.811,0.768
3,5,fiction,19960,10.628,1.01,16.1059,0.0,0.8646,5.968,0.7967,5.1713,4.6142,61,0.135,0.0054,0.706,0.079,0.0,0.459,0.892,0.051,0.177,0.59,0.793,0.728,0.738,0.671,0.893,0.862,0.757,0.719,0.941,0.916,0.783,0.768
3,5,math,19960,10.6237,1.01,16.1059,0.0,0.8646,5.968,0.7967,5.1713,4.6142,61,0.135,0.0063,0.794,0.18,0.0,0.382,0.87,0.06,0.182,0.662,0.829,0.771,0.775,0.724,0.913,0.885,0.793,0.766,0.953,0.93,0.816,0.808
3,5,news,19960,10.6605,1.013,16.1059,0.0,0.8646,5.968,0.7967,5.1713,4.6142,61,0.135,0.01,0.809,0.186,0.0,0.402,0.817,0.058,0.2,0.605,0.807,0.766,0.771,0.665,0.898,0.87,0.79,0.719,0.945,0.917,0.814,0.786
3,5,val,5988,10.5186,1.0,16.1059,0.0,0.8646,5.968,0.7967,5.1713,4.6142,61,0.135,0.0041,0.598,0.142,0.0,0.401,0.846,0.082,0.171,0.671,0.823,0.775,0.769,0.727,0.904,0.874,0.79,0.765,0.947,0.926,0.817,0.808
3,6,code,19960,10.4435,1.363,9.9346,0.0,0.1844,5.8566,3.6911,2.1655,1.972,28,0.087,0.0001,1.0,0.275,0.0,0.943,0.375,0.519,1.312,0.124,0.52,0.244,0.17,0.277,0.697,0.347,0.385,0.421,0.854,0.533,0.487,0.607
3,6,dialogue,19960,9.1531,1.194,9.9346,0.0,0.1844,5.8566,3.6911,2.1655,1.972,28,0.087,0.0,0.0,0.184,0.0,0.986,0.32,0.444,1.368,0.095,0.421,0.178,0.114,0.189,0.602,0.272,0.257,0.302,0.785,0.463,0.424,0.479
3,6,fiction,19960,8.8449,1.154,9.9346,0.0,0.1844,5.8566,3.6911,2.1655,1.972,28,0.087,0.0,0.0,0.0,0.0,0.992,0.355,0.471,1.705,0.091,0.412,0.143,0.088,0.162,0.596,0.25,0.258,0.29,0.785,0.437,0.411,0.514
3,6,math,19960,8.906,1.162,9.9346,0.0,0.1844,5.8566,3.6911,2.1655,1.972,28,0.087,0.0004,1.0,0.264,0.0,0.984,0.312,0.482,1.599,0.122,0.452,0.188,0.124,0.218,0.634,0.286,0.282,0.364,0.811,0.466,0.449,0.557
3,6,news,19960,8.7128,1.137,9.9346,0.0,0.1844,5.8566,3.6911,2.1655,1.972,28,0.087,0.0001,1.0,0.51,0.0,0.992,0.568,0.469,1.499,0.148,0.434,0.238,0.126,0.228,0.61,0.381,0.329,0.373,0.785,0.557,0.469,0.554
3,6,val,5988,7.663,1.0,9.9346,0.0,0.1844,5.8566,3.6911,2.1655,1.972,28,0.087,0.0221,1.0,0.194,0.0,0.988,0.488,0.387,1.754,0.111,0.384,0.208,0.174,0.148,0.551,0.354,0.334,0.257,0.727,0.541,0.488,0.419
3,7,code,19960,10.8636,1.126,11.2607,0.0,0.1914,5.7,3.9043,1.7957,1.5234,61,0.13,0.0434,0.69,0.068,0.0,0.876,0.457,0.191,1.261,0.189,0.55,0.359,0.371,0.326,0.724,0.488,0.461,0.471,0.877,0.648,0.602,0.665
3,7,dialogue,19960,10.1279,1.049,11.2607,0.0,0.1914,5.7,3.9043,1.7957,1.5234,61,0.13,0.064,0.315,0.062,0.0,0.851,0.47,0.393,1.286,0.109,0.537,0.378,0.4,0.241,0.722,0.533,0.535,0.353,0.883,0.7,0.655,0.517
3,7,fiction,19960,9.7897,1.014,11.2607,0.0,0.1914,5.7,3.9043,1.7957,1.5234,61,0.13,0.0608,0.368,0.091,0.0,0.89,0.572,0.379,1.264,0.115,0.51,0.353,0.374,0.25,0.7,0.532,0.523,0.396,0.871,0.694,0.66,0.6
3,7,math,19960,10.1634,1.053,11.2607,0.0,0.1914,5.7,3.9043,1.7957,1.5234,61,0.13,0.0564,0.389,0.077,0.0,0.891,0.467,0.282,1.304,0.176,0.544,0.363,0.366,0.306,0.726,0.512,0.495,0.458,0.881,0.686,0.617,0.649
3,7,news,19960,10.5797,1.096,11.2607,0.0,0.1914,5.7,3.9043,1.7957,1.5234,61,0.13,0.0438,0.385,0.07,0.0,0.896,0.492,0.212,1.311,0.296,0.556,0.381,0.364,0.36,0.722,0.531,0.463,0.524,0.866,0.685,0.565,0.696
3,7,val,5988,9.6509,1.0,11.2607,0.0,0.1914,5.7,3.9043,1.7957,1.5234,61,0.13,0.0293,0.164,0.059,0.0,0.949,0.493,0.35,1.625,0.205,0.468,0.302,0.297,0.235,0.644,0.461,0.431,0.356,0.812,0.614,0.527,0.519
3,8,code,19960,9.484,0.997,13.6811,0.0,0.8247,5.9358,0.942,4.9939,4.1465,1,0.042,0.0204,0.453,0.011,0.0,0.814,0.905,0.048,0.203,0.538,0.733,0.705,0.544,0.71,0.833,0.787,0.577,0.8,0.903,0.862,0.616,0.857
3,8,dialogue,19960,9.6399,1.013,13.6811,0.0,0.8247,5.9358,0.942,4.9939,4.1465,1,0.042,0.0208,0.209,0.011,0.0,0.589,0.924,0.041,0.197,0.681,0.83,0.802,0.652,0.809,0.889,0.859,0.675,0.858,0.935,0.909,0.704,0.89
3,8,fiction,19960,9.9214,1.043,13.6811,0.0,0.8247,5.9358,0.942,4.9939,4.1465,1,0.042,0.0218,0.142,0.012,0.0,0.613,0.905,0.05,0.201,0.654,0.815,0.783,0.632,0.788,0.882,0.848,0.656,0.85,0.929,0.901,0.687,0.883
3,8,math,19960,9.405,0.989,13.6811,0.0,0.8247,5.9358,0.942,4.9939,4.1465,1,0.042,0.0217,0.255,0.012,0.0,0.681,0.896,0.055,0.203,0.628,0.784,0.753,0.61,0.76,0.86,0.822,0.64,0.824,0.918,0.884,0.674,0.868
3,8,news,19960,9.6815,1.018,13.6811,0.0,0.8247,5.9358,0.942,4.9939,4.1465,1,0.042,0.023,0.133,0.012,0.0,0.769,0.841,0.081,0.214,0.577,0.713,0.68,0.563,0.688,0.802,0.756,0.604,0.757,0.88,0.834,0.644,0.818
3,8,val,5988,9.5117,1.0,13.6811,0.0,0.8247,5.9358,0.942,4.9939,4.1465,1,0.042,0.0222,0.171,0.012,0.0,0.731,0.79,0.125,0.215,0.597,0.726,0.683,0.581,0.692,0.807,0.756,0.629,0.752,0.883,0.836,0.666,0.808
3,9,code,19960,10.1513,1.037,10.5859,0.0,0.5417,5.9094,2.3601,3.5493,2.39,24,0.16,0.0148,0.642,0.075,0.0,0.914,0.662,0.108,0.653,0.209,0.54,0.413,0.417,0.322,0.701,0.599,0.483,0.484,0.834,0.717,0.523,0.645
3,9,dialogue,19960,10.5633,1.079,10.5859,0.0,0.5417,5.9094,2.3601,3.5493,2.39,24,0.16,0.018,0.808,0.102,0.0,0.819,0.679,0.087,0.527,0.281,0.586,0.489,0.495,0.39,0.718,0.644,0.542,0.532,0.83,0.735,0.583,0.672
3,9,fiction,19960,10.8066,1.104,10.5859,0.0,0.5417,5.9094,2.3601,3.5493,2.39,24,0.16,0.0202,0.7,0.148,0.0,0.803,0.672,0.073,0.637,0.321,0.625,0.504,0.507,0.431,0.758,0.674,0.552,0.58,0.859,0.77,0.594,0.717
3,9,math,19960,10.1364,1.035,10.5859,0.0,0.5417,5.9094,2.3601,3.5493,2.39,24,0.16,0.0221,0.767,0.153,0.0,0.858,0.646,0.082,0.64,0.274,0.593,0.487,0.492,0.386,0.742,0.657,0.546,0.546,0.854,0.758,0.585,0.697
3,9,news,19960,10.2676,1.049,10.5859,0.0,0.5417,5.9094,2.3601,3.5493,2.39,24,0.16,0.0257,0.626,0.159,0.0,0.802,0.645,0.079,0.636,0.297,0.645,0.563,0.575,0.384,0.779,0.71,0.622,0.534,0.873,0.802,0.658,0.696
3,9,val,5988,9.7896,1.0,10.5859,0.0,0.5417,5.9094,2.3601,3.5493,2.39,24,0.16,0.0127,0.445,0.068,0.0,0.92,0.522,0.153,1.002,0.279,0.516,0.407,0.408,0.333,0.658,0.547,0.473,0.457,0.795,0.691,0.567,0.599
3,10,code,19960,9.8959,1.087,14.2925,0.0,0.7857,5.9567,1.0906,4.8661,4.1965,60,0.133,0.002,1.0,0.017,0.0,0.846,0.902,0.052,0.222,0.332,0.704,0.558,0.475,0.558,0.865,0.803,0.504,0.721,0.941,0.912,0.552,0.796
3,10,dialogue,19960,9.5529,1.049,14.2925,0.0,0.7857,5.9567,1.0906,4.8661,4.1965,60,0.133,0.002,1.0,0.03,0.0,0.834,0.94,0.053,0.183,0.371,0.733,0.639,0.494,0.638,0.888,0.844,0.524,0.788,0.954,0.936,0.568,0.846
3,10,fiction,19960,9.5966,1.054,14.2925,0.0,0.7857,5.9567,1.0906,4.8661,4.1965,60,0.133,0.002,1.0,0.017,0.0,0.879,0.927,0.058,0.212,0.312,0.682,0.571,0.451,0.564,0.851,0.8,0.484,0.737,0.933,0.908,0.536,0.809
3,10,math,19960,9.5885,1.053,14.2925,0.0,0.7857,5.9567,1.0906,4.8661,4.1965,60,0.133,0.002,1.0,0.107,0.0,0.847,0.912,0.063,0.213,0.375,0.705,0.597,0.483,0.599,0.863,0.81,0.518,0.749,0.937,0.911,0.568,0.816
3,10,news,19960,9.0756,0.997,14.2925,0.0,0.7857,5.9567,1.0906,4.8661,4.1965,60,0.133,0.002,1.0,0.069,0.0,0.914,0.894,0.065,0.227,0.27,0.629,0.485,0.458,0.483,0.812,0.761,0.502,0.649,0.91,0.883,0.559,0.734
3,10,val,5988,9.105,1.0,14.2925,0.0,0.7857,5.9567,1.0906,4.8661,4.1965,60,0.133,0.002,1.0,0.149,0.0,0.898,0.886,0.079,0.225,0.312,0.643,0.525,0.455,0.525,0.805,0.758,0.502,0.678,0.9,0.869,0.562,0.758
3,11,code,19960,9.4911,1.092,8.7896,0.0,0.2614,5.8601,3.6306,2.2294,1.6882,9,0.123,0.0122,0.763,0.019,0.0,0.938,0.655,0.112,0.681,0.269,0.49,0.373,0.37,0.368,0.669,0.554,0.429,0.51,0.831,0.69,0.536,0.673
3,11,dialogue,19960,9.123,1.049,8.7896,0.0,0.2614,5.8601,3.6306,2.2294,1.6882,9,0.123,0.0153,0.49,0.022,0.0,0.925,0.556,0.114,0.884,0.304,0.49,0.391,0.391,0.34,0.645,0.534,0.456,0.451,0.798,0.66,0.546,0.601
3,11,fiction,19960,9.2546,1.064,8.7896,0.0,0.2614,5.8601,3.6306,2.2294,1.6882,9,0.123,0.0186,0.375,0.045,0.0,0.92,0.617,0.128,0.923,0.332,0.517,0.399,0.394,0.377,0.664,0.561,0.468,0.499,0.809,0.697,0.563,0.637
3,11,math,19960,9.2101,1.059,8.7896,0.0,0.2614,5.8601,3.6306,2.2294,1.6882,9,0.123,0.0158,0.497,0.044,0.0,0.938,0.575,0.099,0.928,0.325,0.509,0.38,0.373,0.389,0.67,0.541,0.433,0.524,0.821,0.68,0.535,0.674
3,11,news,19960,9.1658,1.054,8.7896,0.0,0.2614,5.8601,3.6306,2.2294,1.6882,9,0.123,0.0158,0.47,0.048,0.0,0.941,0.456,0.087,1.211,0.309,0.513,0.388,0.395,0.326,0.683,0.536,0.447,0.461,0.825,0.667,0.526,0.611
3,11,val,5988,8.694,1.0,8.7896,0.0,0.2614,5.8601,3.6306,2.2294,1.6882,9,0.123,0.013,0.254,0.043,0.0,0.963,0.454,0.119,1.645,0.309,0.462,0.31,0.305,0.283,0.615,0.454,0.39,0.411,0.768,0.607,0.502,0.552
3,12,code,19960,10.3802,1.048,10.4072,0.0,0.4072,5.8322,2.8983,2.9339,2.1562,26,0.161,0.005,0.99,0.365,0.0,0.948,0.455,0.12,1.107,0.25,0.529,0.352,0.373,0.317,0.706,0.489,0.414,0.472,0.852,0.663,0.512,0.635
3,12,dialogue,19960,10.6476,1.075,10.4072,0.0,0.4072,5.8322,2.8983,2.9339,2.1562,26,0.161,0.0035,1.0,0.262,0.0,0.902,0.616,0.323,0.827,0.297,0.574,0.414,0.414,0.361,0.746,0.558,0.494,0.496,0.875,0.719,0.61,0.657
3,12,fiction,19960,10.5053,1.06,10.4072,0.0,0.4072,5.8322,2.8983,2.9339,2.1562,26,0.161,0.006,0.85,0.417,0.0,0.865,0.592,0.268,0.744,0.36,0.613,0.47,0.483,0.406,0.762,0.599,0.538,0.532,0.872,0.759,0.635,0.661
3,12,math,19960,10.4841,1.058,10.4072,0.0,0.4072,5.8322,2.8983,2.9339,2.1562,26,0.161,0.0095,0.989,0.523,0.0,0.916,0.559,0.239,1.028,0.356,0.612,0.415,0.412,0.408,0.775,0.564,0.477,0.56,0.889,0.741,0.594,0.709
3,12,news,19960,10.4152,1.051,10.4072,0.0,0.4072,5.8322,2.8983,2.9339,2.1562,26,0.161,0.016,0.988,0.51,0.0,0.901,0.589,0.281,0.98,0.326,0.633,0.489,0.499,0.366,0.792,0.632,0.571,0.528,0.894,0.798,0.679,0.726
3,12,val,5988,9.9083,1.0,10.4072,0.0,0.4072,5.8322,2.8983,2.9339,2.1562,26,0.161,0.0089,1.0,0.519,0.0,0.931,0.517,0.237,1.245,0.353,0.573,0.397,0.388,0.364,0.73,0.547,0.491,0.502,0.856,0.717,0.582,0.65
3,13,code,19960,10.2036,1.069,11.8008,0.0,0.2929,5.9113,2.6485,3.2628,3.3237,55,0.23,0.0042,0.635,0.015,0.0,0.904,0.559,0.123,0.85,0.096,0.702,0.351,0.371,0.209,0.857,0.583,0.435,0.425,0.952,0.797,0.52,0.649
3,13,dialogue,19960,9.8343,1.03,11.8008,0.0,0.2929,5.9113,2.6485,3.2628,3.3237,55,0.23,0.0044,0.494,0.028,0.0,0.963,0.711,0.181,0.813,0.083,0.639,0.319,0.317,0.2,0.814,0.594,0.414,0.418,0.932,0.825,0.525,0.664
3,13,fiction,19960,9.5812,1.004,11.8008,0.0,0.2929,5.9113,2.6485,3.2628,3.3237,55,0.23,0.0048,0.484,0.013,0.0,0.956,0.759,0.341,0.811,0.085,0.588,0.354,0.379,0.17,0.775,0.633,0.511,0.351,0.914,0.83,0.642,0.557
3,13,math,19960,9.7517,1.022,11.8008,0.0,0.2929,5.9113,2.6485,3.2628,3.3237,55,0.23,0.0045,0.622,0.123,0.0,0.938,0.645,0.276,0.871,0.105,0.652,0.335,0.329,0.207,0.824,0.586,0.45,0.42,0.938,0.805,0.573,0.646
3,13,news,19960,9.8343,1.03,11.8008,0.0,0.2929,5.9113,2.6485,3.2628,3.3237,55,0.23,0.0047,0.511,0.079,0.0,0.954,0.759,0.416,0.905,0.086,0.648,0.405,0.409,0.154,0.818,0.66,0.551,0.335,0.933,0.847,0.686,0.545
3,13,val,5988,9.5442,1.0,11.8008,0.0,0.2929,5.9113,2.6485,3.2628,3.3237,55,0.23,0.0045,0.544,0.121,0.0,0.964,0.671,0.379,0.993,0.097,0.63,0.35,0.324,0.168,0.806,0.601,0.491,0.347,0.928,0.799,0.627,0.572
3,14,code,19960,10.3046,1.174,10.8884,0.0,0.4181,5.8114,3.1618,2.6496,1.8496,18,0.107,0.0066,0.692,0.016,0.0,0.89,0.703,0.129,0.786,0.221,0.632,0.457,0.357,0.402,0.797,0.648,0.424,0.595,0.913,0.776,0.468,0.773
3,14,dialogue,19960,9.8225,1.119,10.8884,0.0,0.4181,5.8114,3.1618,2.6496,1.8496,18,0.107,0.008,0.553,0.035,0.0,0.902,0.842,0.163,0.444,0.258,0.616,0.529,0.383,0.49,0.767,0.669,0.473,0.644,0.896,0.78,0.526,0.791
3,14,fiction,19960,9.6508,1.099,10.8884,0.0,0.4181,5.8114,3.1618,2.6496,1.8496,18,0.107,0.0082,0.467,0.02,0.0,0.899,0.755,0.125,0.67,0.241,0.637,0.501,0.372,0.444,0.788,0.657,0.444,0.612,0.905,0.77,0.49,0.774
3,14,math,19960,9.5143,1.084,10.8884,0.0,0.4181,5.8114,3.1618,2.6496,1.8496,18,0.107,0.0096,0.521,0.056,0.0,0.893,0.716,0.14,0.784,0.238,0.64,0.481,0.352,0.431,0.795,0.64,0.419,0.625,0.909,0.772,0.471,0.789
3,14,news,19960,9.4537,1.077,10.8884,0.0,0.4181,5.8114,3.1618,2.6496,1.8496,18,0.107,0.0144,0.497,0.088,0.0,0.924,0.658,0.111,1.001,0.229,0.576,0.414,0.386,0.354,0.743,0.609,0.443,0.529,0.873,0.737,0.496,0.718
3,14,val,5988,8.779,1.0,10.8884,0.0,0.4181,5.8114,3.1618,2.6496,1.8496,18,0.107,0.0107,0.302,0.064,0.0,0.964,0.523,0.121,1.543,0.199,0.469,0.314,0.287,0.266,0.633,0.463,0.354,0.402,0.794,0.616,0.452,0.574
3,15,code,19960,11.1594,1.006,13.1917,0.0,0.7341,5.9689,1.478,4.4908,2.6443,10,0.212,0.0063,1.0,0.519,0.0,0.471,0.726,0.172,0.322,0.513,0.793,0.675,0.695,0.607,0.901,0.844,0.742,0.696,0.953,0.909,0.766,0.772
3,15,dialogue,19960,10.8785,0.98,13.1917,0.0,0.7341,5.9689,1.478,4.4908,2.6443,10,0.212,0.0133,1.0,0.486,0.0,0.546,0.824,0.359,0.326,0.526,0.75,0.702,0.702,0.597,0.882,0.845,0.785,0.695,0.938,0.906,0.805,0.796
3,15,fiction,19960,11.0822,0.999,13.1917,0.0,0.7341,5.9689,1.478,4.4908,2.6443,10,0.212,0.0164,1.0,0.53,0.0,0.655,0.795,0.395,0.46,0.466,0.728,0.643,0.65,0.561,0.864,0.808,0.744,0.684,0.932,0.885,0.768,0.803
3,15,math,19960,11.0442,0.995,13.1917,0.0,0.7341,5.9689,1.478,4.4908,2.6443,10,0.212,0.0176,1.0,0.543,0.0,0.531,0.806,0.397,0.354,0.521,0.772,0.705,0.701,0.608,0.893,0.85,0.788,0.722,0.948,0.915,0.808,0.831
3,15,news,19960,11.2746,1.016,13.1917,0.0,0.7341,5.9689,1.478,4.4908,2.6443,10,0.212,0.0262,1.0,0.542,0.0,0.582,0.838,0.589,0.394,0.445,0.757,0.712,0.702,0.534,0.892,0.853,0.825,0.686,0.951,0.92,0.842,0.846
3,15,val,5988,11.0975,1.0,13.1917,0.0,0.7341,5.9689,1.478,4.4908,2.6443,10,0.212,0.0074,1.0,0.47,0.0,0.671,0.789,0.434,0.383,0.479,0.719,0.661,0.642,0.538,0.843,0.794,0.746,0.622,0.918,0.872,0.771,0.707
4,0,code,19960,11.9461,1.261,11.0952,0.0,0.3325,5.7299,3.1128,2.6171,2.2731,32,0.51,0.004,0.658,0.017,0.0,0.858,0.12,0.512,1.165,0.121,0.628,0.335,0.345,0.296,0.792,0.409,0.381,0.443,0.913,0.506,0.585,0.618
4,0,dialogue,19960,10.7613,1.136,11.0952,0.0,0.3325,5.7299,3.1128,2.6171,2.2731,32,0.51,0.004,0.538,0.03,0.0,0.702,0.644,0.379,0.783,0.099,0.636,0.514,0.528,0.195,0.767,0.692,0.653,0.316,0.88,0.801,0.741,0.463
4,0,fiction,19960,10.5992,1.119,11.0952,0.0,0.3325,5.7299,3.1128,2.6171,2.2731,32,0.51,0.0038,0.584,0.017,0.0,0.518,0.658,0.222,0.904,0.083,0.765,0.599,0.647,0.16,0.861,0.784,0.717,0.271,0.932,0.857,0.778,0.407
4,0,math,19960,10.7048,1.13,11.0952,0.0,0.3325,5.7299,3.1128,2.6171,2.2731,32,0.51,0.0038,0.649,0.104,0.0,0.783,0.486,0.332,1.086,0.121,0.655,0.46,0.464,0.229,0.793,0.621,0.56,0.362,0.9,0.722,0.671,0.514
4,0,news,19960,10.1737,1.074,11.0952,0.0,0.3325,5.7299,3.1128,2.6171,2.2731,32,0.51,0.004,0.525,0.069,0.0,0.346,0.731,0.247,1.075,0.082,0.836,0.726,0.743,0.138,0.906,0.857,0.799,0.219,0.953,0.91,0.838,0.318
4,0,val,5988,9.4761,1.0,11.0952,0.0,0.3325,5.7299,3.1128,2.6171,2.2731,32,0.51,0.0041,0.598,0.142,0.0,0.533,0.66,0.278,1.387,0.096,0.755,0.625,0.613,0.129,0.847,0.761,0.706,0.216,0.918,0.847,0.777,0.326
4,1,code,19960,11.0931,1.218,10.6755,0.0,0.0778,5.6173,3.7969,1.8204,1.805,44,0.503,0.004,0.658,0.017,0.0,0.595,0.247,0.302,1.648,0.035,0.821,0.589,0.591,0.095,0.929,0.654,0.698,0.165,0.978,0.749,0.75,0.308
4,1,dialogue,19960,10.3097,1.132,10.6755,0.0,0.0778,5.6173,3.7969,1.8204,1.805,44,0.503,0.004,0.538,0.03,0.0,0.714,0.262,0.281,1.602,0.041,0.744,0.526,0.526,0.077,0.872,0.615,0.614,0.145,0.952,0.737,0.714,0.275
4,1,fiction,19960,9.7333,1.069,10.6755,0.0,0.0778,5.6173,3.7969,1.8204,1.805,44,0.503,0.0038,0.584,0.017,0.0,0.525,0.328,0.34,1.681,0.037,0.798,0.652,0.653,0.058,0.885,0.725,0.737,0.109,0.951,0.805,0.788,0.202
4,1,math,19960,10.2101,1.121,10.6755,0.0,0.0778,5.6173,3.7969,1.8204,1.805,44,0.503,0.0038,0.649,0.104,0.0,0.702,0.245,0.254,1.828,0.052,0.771,0.492,0.494,0.082,0.88,0.574,0.584,0.155,0.95,0.699,0.697,0.281
4,1,news,19960,10.1022,1.109,10.6755,0.0,0.0778,5.6173,3.7969,1.8204,1.805,44,0.503,0.004,0.525,0.069,0.0,0.351,0.32,0.325,1.685,0.052,0.857,0.727,0.728,0.054,0.92,0.787,0.797,0.097,0.963,0.851,0.841,0.171
4,1,val,5988,9.1057,1.0,10.6755,0.0,0.0778,5.6173,3.7969,1.8204,1.805,44,0.503,0.0041,0.598,0.142,0.0,0.65,0.392,0.298,1.914,0.06,0.8,0.525,0.515,0.055,0.887,0.66,0.632,0.108,0.948,0.765,0.717,0.206
4,2,code,19960,11.4295,1.092,11.9737,0.0,0.3393,5.8195,3.1209,2.6986,1.9838,17,0.194,0.004,0.658,0.017,0.0,0.719,0.553,0.197,0.637,0.206,0.688,0.508,0.57,0.326,0.835,0.678,0.623,0.45,0.932,0.808,0.691,0.588
4,2,dialogue,19960,10.9346,1.045,11.9737,0.0,0.3393,5.8195,3.1209,2.6986,1.9838,17,0.194,0.004,0.538,0.03,0.0,0.902,0.627,0.367,0.704,0.228,0.591,0.448,0.453,0.335,0.771,0.628,0.583,0.465,0.903,0.777,0.694,0.613
4,2,fiction,19960,10.671,1.02,11.9737,0.0,0.3393,5.8195,3.1209,2.6986,1.9838,17,0.194,0.0038,0.584,0.017,0.0,0.769,0.668,0.326,0.935,0.212,0.663,0.492,0.53,0.307,0.811,0.67,0.633,0.428,0.915,0.813,0.706,0.578
4,2,math,19960,10.9878,1.05,11.9737,0.0,0.3393,5.8195,3.1209,2.6986,1.9838,17,0.194,0.0038,0.649,0.104,0.0,0.87,0.579,0.35,0.952,0.235,0.618,0.418,0.415,0.36,0.786,0.598,0.547,0.511,0.909,0.745,0.633,0.668
4,2,news,19960,10.9586,1.047,11.9737,0.0,0.3393,5.8195,3.1209,2.6986,1.9838,17,0.194,0.004,0.525,0.069,0.0,0.831,0.628,0.353,1.044,0.252,0.651,0.499,0.508,0.334,0.806,0.675,0.613,0.461,0.911,0.803,0.7,0.591
4,2,val,5988,10.465,1.0,11.9737,0.0,0.3393,5.8195,3.1209,2.6986,1.9838,17,0.194,0.0041,0.598,0.142,0.0,0.848,0.576,0.365,1.349,0.238,0.641,0.455,0.445,0.295,0.792,0.623,0.565,0.423,0.902,0.759,0.66,0.553
4,3,code,19960,10.719,1.243,10.1883,0.0,0.1902,5.8033,3.857,1.9463,1.7288,19,0.342,0.004,0.658,0.017,0.0,0.905,0.331,0.361,1.471,0.079,0.583,0.399,0.424,0.135,0.751,0.549,0.569,0.236,0.889,0.669,0.646,0.431
4,3,dialogue,19960,9.7085,1.126,10.1883,0.0,0.1902,5.8033,3.857,1.9463,1.7288,19,0.342,0.004,0.538,0.03,0.0,0.969,0.707,0.426,1.261,0.092,0.478,0.25,0.259,0.176,0.686,0.532,0.476,0.298,0.866,0.73,0.707,0.493
4,3,fiction,19960,9.6636,1.121,10.1883,0.0,0.1902,5.8033,3.857,1.9463,1.7288,19,0.342,0.0038,0.584,0.017,0.0,0.939,0.628,0.361,1.374,0.09,0.533,0.326,0.352,0.169,0.725,0.577,0.533,0.281,0.882,0.744,0.72,0.456
4,3,math,19960,9.9969,1.159,10.1883,0.0,0.1902,5.8033,3.857,1.9463,1.7288,19,0.342,0.0038,0.649,0.104,0.0,0.947,0.524,0.407,1.46,0.098,0.54,0.323,0.329,0.185,0.725,0.529,0.517,0.307,0.877,0.687,0.651,0.479
4,3,news,19960,9.5467,1.107,10.1883,0.0,0.1902,5.8033,3.857,1.9463,1.7288,19,0.342,0.004,0.525,0.069,0.0,0.851,0.645,0.31,1.261,0.115,0.644,0.51,0.52,0.174,0.793,0.693,0.633,0.285,0.907,0.82,0.761,0.422
4,3,val,5988,8.6219,1.0,10.1883,0.0,0.1902,5.8033,3.857,1.9463,1.7288,19,0.342,0.0041,0.598,0.142,0.0,0.872,0.546,0.371,1.564,0.095,0.596,0.438,0.435,0.138,0.749,0.608,0.568,0.227,0.875,0.75,0.71,0.353
4,4,code,19960,10.6046,1.323,9.3555,0.0,0.119,5.7963,4.0443,1.752,1.648,45,0.254,0.004,0.658,0.017,0.0,0.907,0.141,0.07,2.21,0.185,0.61,0.389,0.393,0.218,0.78,0.439,0.453,0.328,0.908,0.529,0.511,0.489
4,4,dialogue,19960,9.7966,1.222,9.3555,0.0,0.119,5.7963,4.0443,1.752,1.648,45,0.254,0.004,0.538,0.03,0.0,0.958,0.16,0.048,2.677,0.139,0.58,0.346,0.347,0.129,0.716,0.407,0.38,0.205,0.843,0.504,0.476,0.349
4,4,fiction,19960,9.4018,1.173,9.3555,0.0,0.119,5.7963,4.0443,1.752,1.648,45,0.254,0.0038,0.584,0.017,0.0,0.927,0.128,0.032,2.755,0.148,0.591,0.395,0.397,0.103,0.707,0.441,0.426,0.178,0.824,0.527,0.487,0.307
4,4,math,19960,9.6577,1.205,9.3555,0.0,0.119,5.7963,4.0443,1.752,1.648,45,0.254,0.0038,0.649,0.104,0.0,0.954,0.185,0.083,2.65,0.208,0.549,0.32,0.323,0.168,0.693,0.393,0.383,0.266,0.823,0.504,0.469,0.404
4,4,news,19960,9.0251,1.126,9.3555,0.0,0.119,5.7963,4.0443,1.752,1.648,45,0.254,0.004,0.525,0.069,0.0,0.896,0.177,0.075,2.515,0.21,0.634,0.485,0.49,0.15,0.742,0.547,0.535,0.228,0.842,0.633,0.617,0.329
4,4,val,5988,8.0142,1.0,9.3555,0.0,0.119,5.7963,4.0443,1.752,1.648,45,0.254,0.0041,0.598,0.142,0.0,0.932,0.306,0.082,2.61,0.186,0.543,0.349,0.341,0.115,0.661,0.452,0.391,0.186,0.783,0.576,0.491,0.293
4,5,code,19960,11.0303,1.045,13.1816,0.0,0.7193,5.9194,1.4277,4.4917,3.507,50,0.5,0.004,0.658,0.017,0.0,0.552,0.799,0.054,0.381,0.15,0.835,0.614,0.642,0.309,0.954,0.857,0.663,0.466,0.992,0.964,0.697,0.541
4,5,dialogue,19960,10.754,1.019,13.1816,0.0,0.7193,5.9194,1.4277,4.4917,3.507,50,0.5,0.004,0.538,0.03,0.0,0.645,0.804,0.107,0.5,0.141,0.807,0.619,0.638,0.263,0.939,0.848,0.688,0.441,0.991,0.962,0.724,0.524
4,5,fiction,19960,10.4299,0.988,13.1816,0.0,0.7193,5.9194,1.4277,4.4917,3.507,50,0.5,0.0038,0.584,0.017,0.0,0.541,0.851,0.081,0.426,0.138,0.805,0.641,0.672,0.254,0.93,0.857,0.71,0.4,0.985,0.962,0.741,0.478
4,5,math,19960,10.6074,1.005,13.1816,0.0,0.7193,5.9194,1.4277,4.4917,3.507,50,0.5,0.0038,0.649,0.104,0.0,0.572,0.83,0.109,0.383,0.208,0.815,0.63,0.638,0.351,0.943,0.859,0.684,0.499,0.989,0.964,0.72,0.575
4,5,news,19960,10.6764,1.011,13.1816,0.0,0.7193,5.9194,1.4277,4.4917,3.507,50,0.5,0.004,0.525,0.069,0.0,0.411,0.834,0.11,0.363,0.163,0.836,0.724,0.732,0.266,0.947,0.893,0.77,0.381,0.991,0.975,0.798,0.46
4,5,val,5988,10.5564,1.0,13.1816,0.0,0.7193,5.9194,1.4277,4.4917,3.507,50,0.5,0.0041,0.598,0.142,0.0,0.46,0.834,0.129,0.375,0.192,0.841,0.709,0.7,0.307,0.952,0.888,0.74,0.434,0.992,0.972,0.772,0.515
4,6,code,19960,10.7441,1.057,19.0586,0.0,0.8671,5.9777,0.7784,5.1993,4.6946,56,0.072,0.004,0.658,0.017,0.0,0.4,0.98,0.051,0.151,0.707,0.931,0.901,0.705,0.9,0.984,0.964,0.714,0.933,0.994,0.988,0.734,0.941
4,6,dialogue,19960,10.2098,1.004,19.0586,0.0,0.8671,5.9777,0.7784,5.1993,4.6946,56,0.072,0.004,0.538,0.03,0.0,0.359,0.996,0.051,0.148,0.738,0.899,0.862,0.762,0.861,0.975,0.962,0.772,0.878,0.986,0.98,0.788,0.889
4,6,fiction,19960,10.3673,1.02,19.0586,0.0,0.8671,5.9777,0.7784,5.1993,4.6946,56,0.072,0.0038,0.584,0.017,0.0,0.398,0.987,0.05,0.15,0.693,0.896,0.857,0.734,0.855,0.966,0.95,0.744,0.883,0.983,0.974,0.762,0.895
4,6,math,19960,10.4185,1.025,19.0586,0.0,0.8671,5.9777,0.7784,5.1993,4.6946,56,0.072,0.0039,0.641,0.104,0.0,0.353,0.989,0.054,0.149,0.751,0.934,0.903,0.746,0.903,0.983,0.969,0.756,0.924,0.992,0.987,0.773,0.931
4,6,news,19960,10.3093,1.014,19.0586,0.0,0.8671,5.9777,0.7784,5.1993,4.6946,56,0.072,0.004,0.525,0.069,0.0,0.366,0.991,0.057,0.152,0.714,0.907,0.873,0.743,0.872,0.974,0.959,0.754,0.897,0.987,0.98,0.772,0.908
4,6,val,5988,10.1653,1.0,19.0586,0.0,0.8671,5.9777,0.7784,5.1993,4.6946,56,0.072,0.0041,0.598,0.142,0.0,0.345,0.99,0.047,0.15,0.722,0.919,0.878,0.751,0.878,0.979,0.965,0.76,0.898,0.99,0.983,0.776,0.908
4,7,code,19960,12.0029,1.115,11.0814,0.0,0.1152,5.6704,4.3614,1.3091,1.1967,19,0.493,0.004,0.658,0.017,0.0,0.685,0.268,0.146,1.839,0.09,0.786,0.556,0.556,0.117,0.895,0.642,0.616,0.204,0.961,0.702,0.685,0.341
4,7,dialogue,19960,11.0245,1.024,11.0814,0.0,0.1152,5.6704,4.3614,1.3091,1.1967,19,0.493,0.004,0.538,0.03,0.0,0.663,0.396,0.197,1.471,0.082,0.765,0.613,0.613,0.112,0.877,0.705,0.679,0.179,0.954,0.755,0.724,0.298
4,7,fiction,19960,10.7244,0.996,11.0814,0.0,0.1152,5.6704,4.3614,1.3091,1.1967,19,0.493,0.0038,0.584,0.017,0.0,0.624,0.358,0.19,1.782,0.082,0.763,0.629,0.629,0.103,0.864,0.708,0.694,0.167,0.942,0.758,0.732,0.274
4,7,math,19960,11.4744,1.065,11.0814,0.0,0.1152,5.6704,4.3614,1.3091,1.1967,19,0.493,0.0038,0.649,0.104,0.0,0.811,0.259,0.153,2.085,0.121,0.724,0.451,0.451,0.132,0.845,0.541,0.526,0.227,0.932,0.618,0.618,0.366
4,7,news,19960,11.762,1.092,11.0814,0.0,0.1152,5.6704,4.3614,1.3091,1.1967,19,0.493,0.004,0.525,0.069,0.0,0.559,0.234,0.127,2.19,0.113,0.814,0.663,0.663,0.08,0.892,0.72,0.716,0.135,0.947,0.779,0.775,0.22
4,7,val,5988,10.7697,1.0,11.0814,0.0,0.1152,5.6704,4.3614,1.3091,1.1967,19,0.493,0.0041,0.598,0.142,0.0,0.729,0.332,0.193,2.231,0.127,0.764,0.531,0.531,0.078,0.859,0.635,0.608,0.136,0.928,0.735,0.698,0.231
4,8,code,19960,11.8329,1.293,10.6182,0.0,0.0773,5.6889,3.965,1.7239,1.7819,32,0.56,0.004,0.658,0.017,0.0,0.541,0.229,0.173,2.36,0.053,0.832,0.602,0.602,0.126,0.92,0.658,0.662,0.207,0.971,0.743,0.71,0.355
4,8,dialogue,19960,10.1345,1.107,10.6182,0.0,0.0773,5.6889,3.965,1.7239,1.7819,32,0.56,0.004,0.538,0.03,0.0,0.676,0.22,0.118,2.21,0.048,0.766,0.591,0.591,0.078,0.866,0.65,0.655,0.156,0.942,0.755,0.745,0.289
4,8,fiction,19960,9.6065,1.049,10.6182,0.0,0.0773,5.6889,3.965,1.7239,1.7819,32,0.56,0.0038,0.584,0.017,0.0,0.429,0.252,0.211,2.262,0.04,0.808,0.704,0.704,0.053,0.876,0.754,0.755,0.1,0.94,0.822,0.833,0.19
4,8,math,19960,10.1325,1.107,10.6182,0.0,0.0773,5.6889,3.965,1.7239,1.7819,32,0.56,0.0038,0.649,0.104,0.0,0.685,0.246,0.212,2.399,0.064,0.755,0.53,0.53,0.103,0.856,0.604,0.61,0.186,0.935,0.71,0.685,0.324
4,8,news,19960,9.948,1.087,10.6182,0.0,0.0773,5.6889,3.965,1.7239,1.7819,32,0.56,0.004,0.525,0.069,0.0,0.259,0.271,0.219,2.508,0.057,0.863,0.76,0.76,0.053,0.914,0.802,0.805,0.095,0.956,0.848,0.838,0.163
4,8,val,5988,9.1545,1.0,10.6182,0.0,0.0773,5.6889,3.965,1.7239,1.7819,32,0.56,0.0041,0.598,0.142,0.0,0.566,0.354,0.18,2.485,0.066,0.795,0.594,0.593,0.059,0.87,0.676,0.648,0.108,0.93,0.753,0.714,0.195
4,9,code,19960,10.1114,1.153,9.9254,0.0,0.3496,5.8047,3.2699,2.5348,1.6601,30,0.271,0.004,0.658,0.017,0.0,0.902,0.641,0.165,0.742,0.127,0.585,0.44,0.465,0.259,0.762,0.625,0.511,0.412,0.891,0.756,0.605,0.584
4,9,dialogue,19960,9.4017,1.072,9.9254,0.0,0.3496,5.8047,3.2699,2.5348,1.6601,30,0.271,0.004,0.538,0.03,0.0,0.918,0.808,0.277,0.551,0.099,0.558,0.406,0.432,0.273,0.74,0.645,0.51,0.447,0.88,0.773,0.636,0.627
4,9,fiction,19960,9.2563,1.055,9.9254,0.0,0.3496,5.8047,3.2699,2.5348,1.6601,30,0.271,0.0038,0.584,0.017,0.0,0.88,0.573,0.581,1.048,0.074,0.579,0.369,0.399,0.225,0.766,0.591,0.576,0.415,0.899,0.75,0.717,0.609
4,9,math,19960,9.4597,1.079,9.9254,0.0,0.3496,5.8047,3.2699,2.5348,1.6601,30,0.271,0.0038,0.649,0.104,0.0,0.934,0.636,0.244,0.994,0.143,0.544,0.391,0.402,0.276,0.724,0.578,0.475,0.432,0.868,0.719,0.611,0.612
4,9,news,19960,9.3737,1.069,9.9254,0.0,0.3496,5.8047,3.2699,2.5348,1.6601,30,0.271,0.004,0.525,0.069,0.0,0.944,0.707,0.49,0.999,0.131,0.566,0.449,0.455,0.236,0.749,0.651,0.604,0.388,0.882,0.781,0.688,0.563
4,9,val,5988,8.7709,1.0,9.9254,0.0,0.3496,5.8047,3.2699,2.5348,1.6601,30,0.271,0.0041,0.598,0.142,0.0,0.941,0.488,0.238,1.425,0.131,0.534,0.414,0.412,0.188,0.69,0.549,0.499,0.303,0.831,0.683,0.609,0.463
4,10,code,19960,12.4037,1.447,10.6632,0.0,0.168,5.7685,3.9749,1.7936,1.5976,60,0.317,0.004,0.658,0.017,0.0,0.701,0.26,0.124,1.257,0.368,0.791,0.483,0.479,0.569,0.897,0.572,0.538,0.725,0.962,0.693,0.577,0.833
4,10,dialogue,19960,9.8555,1.149,10.6632,0.0,0.168,5.7685,3.9749,1.7936,1.5976,60,0.317,0.004,0.538,0.03,0.0,0.76,0.498,0.839,1.377,0.069,0.699,0.53,0.573,0.134,0.833,0.679,0.64,0.224,0.923,0.782,0.793,0.354
4,10,fiction,19960,9.4417,1.101,10.6632,0.0,0.168,5.7685,3.9749,1.7936,1.5976,60,0.317,0.0038,0.584,0.017,0.0,0.777,0.475,0.812,1.85,0.063,0.718,0.51,0.55,0.129,0.819,0.654,0.584,0.218,0.903,0.767,0.788,0.36
4,10,math,19960,10.0555,1.173,10.6632,0.0,0.168,5.7685,3.9749,1.7936,1.5976,60,0.317,0.0038,0.649,0.104,0.0,0.963,0.381,0.32,1.609,0.156,0.514,0.283,0.272,0.258,0.697,0.412,0.354,0.405,0.858,0.568,0.576,0.58
4,10,news,19960,9.5481,1.113,10.6632,0.0,0.168,5.7685,3.9749,1.7936,1.5976,60,0.317,0.004,0.525,0.069,0.0,0.732,0.331,0.341,1.634,0.095,0.728,0.573,0.602,0.12,0.851,0.683,0.634,0.208,0.932,0.752,0.738,0.345
4,10,val,5988,8.575,1.0,10.6632,0.0,0.168,5.7685,3.9749,1.7936,1.5976,60,0.317,0.0041,0.598,0.142,0.0,0.84,0.389,0.407,1.912,0.088,0.599,0.473,0.478,0.094,0.718,0.575,0.562,0.163,0.839,0.69,0.686,0.272
4,11,code,19960,11.1261,1.3,10.5021,0.0,0.2107,5.7949,3.6372,2.1578,1.999,18,0.33,0.004,0.658,0.017,0.0,0.61,0.253,0.216,1.244,0.115,0.745,0.613,0.652,0.186,0.855,0.692,0.72,0.274,0.934,0.774,0.739,0.402
4,11,dialogue,19960,9.4226,1.101,10.5021,0.0,0.2107,5.7949,3.6372,2.1578,1.999,18,0.33,0.004,0.538,0.03,0.0,0.907,0.781,0.496,1.243,0.068,0.56,0.386,0.424,0.144,0.744,0.634,0.554,0.242,0.893,0.785,0.695,0.411
4,11,fiction,19960,9.4216,1.101,10.5021,0.0,0.2107,5.7949,3.6372,2.1578,1.999,18,0.33,0.0038,0.584,0.017,0.0,0.618,0.601,0.392,1.404,0.066,0.723,0.586,0.635,0.106,0.829,0.733,0.717,0.177,0.92,0.848,0.815,0.309
4,11,math,19960,9.6255,1.125,10.5021,0.0,0.2107,5.7949,3.6372,2.1578,1.999,18,0.33,0.0038,0.649,0.104,0.0,0.828,0.575,0.453,1.637,0.097,0.651,0.458,0.475,0.174,0.802,0.641,0.59,0.275,0.91,0.763,0.704,0.412
4,11,news,19960,9.7122,1.135,10.5021,0.0,0.2107,5.7949,3.6372,2.1578,1.999,18,0.33,0.004,0.525,0.069,0.0,0.66,0.392,0.2,1.475,0.146,0.711,0.602,0.611,0.193,0.82,0.692,0.681,0.283,0.907,0.784,0.743,0.393
4,11,val,5988,8.5561,1.0,10.5021,0.0,0.2107,5.7949,3.6372,2.1578,1.999,18,0.33,0.0041,0.598,0.142,0.0,0.956,0.481,0.313,1.835,0.113,0.52,0.348,0.343,0.143,0.671,0.498,0.458,0.229,0.815,0.658,0.618,0.363
4,12,code,19960,8.5785,1.191,8.5413,0.0,0.0495,5.7716,4.5072,1.2643,1.2518,23,0.348,0.004,0.658,0.017,0.0,0.978,0.267,0.193,2.099,0.078,0.501,0.402,0.404,0.107,0.644,0.466,0.462,0.187,0.795,0.596,0.612,0.321
4,12,dialogue,19960,8.4738,1.176,8.5413,0.0,0.0495,5.7716,4.5072,1.2643,1.2518,23,0.348,0.004,0.538,0.03,0.0,0.963,0.349,0.318,2.153,0.077,0.53,0.39,0.391,0.107,0.66,0.476,0.494,0.18,0.782,0.614,0.588,0.293
4,12,fiction,19960,8.495,1.179,8.5413,0.0,0.0495,5.7716,4.5072,1.2643,1.2518,23,0.348,0.0038,0.584,0.017,0.0,0.978,0.253,0.227,2.241,0.082,0.48,0.379,0.38,0.083,0.597,0.443,0.433,0.149,0.729,0.553,0.548,0.263
4,12,math,19960,7.9826,1.108,8.5413,0.0,0.0495,5.7716,4.5072,1.2643,1.2518,23,0.348,0.0038,0.649,0.104,0.0,0.983,0.393,0.4,2.201,0.085,0.466,0.34,0.34,0.091,0.591,0.426,0.428,0.164,0.732,0.559,0.547,0.286
4,12,news,19960,7.7756,1.079,8.5413,0.0,0.0495,5.7716,4.5072,1.2643,1.2518,23,0.348,0.004,0.525,0.069,0.0,0.988,0.477,0.535,2.212,0.08,0.486,0.378,0.377,0.075,0.608,0.471,0.462,0.138,0.74,0.603,0.599,0.247
4,12,val,5988,7.2031,1.0,8.5413,0.0,0.0495,5.7716,4.5072,1.2643,1.2518,23,0.348,0.0041,0.598,0.142,0.0,0.965,0.336,0.294,2.156,0.086,0.501,0.412,0.411,0.072,0.6,0.475,0.455,0.129,0.718,0.576,0.563,0.224
4,13,code,19960,12.0253,1.102,10.936,0.0,0.5384,5.893,2.5915,3.3015,1.9833,62,0.297,0.004,0.658,0.017,0.0,0.774,0.649,0.16,0.503,0.088,0.68,0.485,0.505,0.209,0.823,0.699,0.57,0.357,0.923,0.818,0.635,0.52
4,13,dialogue,19960,12.4831,1.144,10.936,0.0,0.5384,5.893,2.5915,3.3015,1.9833,62,0.297,0.004,0.538,0.03,0.0,0.873,0.811,0.159,0.302,0.126,0.636,0.389,0.384,0.356,0.79,0.687,0.469,0.541,0.908,0.822,0.555,0.699
4,13,fiction,19960,11.7763,1.08,10.936,0.0,0.5384,5.893,2.5915,3.3015,1.9833,62,0.297,0.0038,0.584,0.017,0.0,0.805,0.764,0.158,0.419,0.11,0.664,0.476,0.486,0.291,0.807,0.724,0.557,0.449,0.91,0.83,0.629,0.591
4,13,math,19960,11.9859,1.099,10.936,0.0,0.5384,5.893,2.5915,3.3015,1.9833,62,0.297,0.0038,0.649,0.104,0.0,0.848,0.651,0.165,0.606,0.124,0.653,0.428,0.426,0.281,0.802,0.657,0.506,0.444,0.911,0.773,0.576,0.604
4,13,news,19960,11.5195,1.056,10.936,0.0,0.5384,5.893,2.5915,3.3015,1.9833,62,0.297,0.004,0.525,0.069,0.0,0.768,0.622,0.147,0.789,0.111,0.681,0.551,0.566,0.197,0.804,0.711,0.629,0.309,0.9,0.806,0.678,0.443
4,13,val,5988,10.9081,1.0,10.936,0.0,0.5384,5.893,2.5915,3.3015,1.9833,62,0.297,0.0041,0.598,0.142,0.0,0.825,0.56,0.169,1.132,0.118,0.635,0.452,0.445,0.189,0.771,0.617,0.522,0.297,0.883,0.735,0.603,0.457
4,14,code,19960,10.5752,1.08,15.3209,0.0,0.8123,5.953,1.0487,4.9043,4.2629,29,0.366,0.004,0.658,0.017,0.0,0.549,0.948,0.071,0.213,0.276,0.828,0.604,0.632,0.496,0.962,0.926,0.647,0.624,0.991,0.982,0.675,0.679
4,14,dialogue,19960,10.606,1.083,15.3209,0.0,0.8123,5.953,1.0487,4.9043,4.2629,29,0.366,0.004,0.538,0.03,0.0,0.457,0.95,0.078,0.2,0.422,0.833,0.69,0.699,0.609,0.969,0.949,0.713,0.693,0.992,0.987,0.738,0.729
4,14,fiction,19960,10.5185,1.074,15.3209,0.0,0.8123,5.953,1.0487,4.9043,4.2629,29,0.366,0.0038,0.584,0.017,0.0,0.487,0.961,0.077,0.207,0.311,0.836,0.651,0.675,0.509,0.962,0.939,0.688,0.616,0.99,0.983,0.714,0.665
4,14,math,19960,10.3623,1.058,15.3209,0.0,0.8123,5.953,1.0487,4.9043,4.2629,29,0.366,0.0038,0.649,0.104,0.0,0.557,0.951,0.083,0.21,0.377,0.833,0.643,0.635,0.601,0.965,0.934,0.653,0.709,0.992,0.984,0.682,0.751
4,14,news,19960,10.0523,1.026,15.3209,0.0,0.8123,5.953,1.0487,4.9043,4.2629,29,0.366,0.004,0.525,0.069,0.0,0.486,0.942,0.094,0.214,0.295,0.823,0.675,0.687,0.478,0.959,0.933,0.705,0.584,0.991,0.984,0.733,0.639
4,14,val,5988,9.796,1.0,15.3209,0.0,0.8123,5.953,1.0487,4.9043,4.2629,29,0.366,0.0041,0.598,0.142,0.0,0.445,0.972,0.11,0.198,0.304,0.855,0.71,0.7,0.495,0.969,0.95,0.721,0.591,0.992,0.987,0.751,0.637
4,15,code,19960,12.2825,1.04,17.6293,0.0,0.5495,5.9521,1.7515,4.2006,4.0878,24,0.026,0.0244,0.448,0.205,0.0,0.153,0.685,0.078,0.884,0.966,0.963,0.9,0.861,0.934,0.985,0.943,0.872,0.953,0.994,0.979,0.885,0.957
4,15,dialogue,19960,11.9278,1.01,17.6293,0.0,0.5495,5.9521,1.7515,4.2006,4.0878,24,0.026,0.024,0.262,0.2,0.0,0.259,0.725,0.073,0.89,0.929,0.929,0.859,0.816,0.883,0.962,0.909,0.83,0.912,0.982,0.956,0.849,0.921
4,15,fiction,19960,12.0738,1.022,17.6293,0.0,0.5495,5.9521,1.7515,4.2006,4.0878,24,0.026,0.0242,0.176,0.2,0.0,0.324,0.71,0.076,0.896,0.921,0.92,0.829,0.778,0.867,0.958,0.892,0.795,0.905,0.98,0.948,0.816,0.915
4,15,math,19960,12.1146,1.026,17.6293,0.0,0.5495,5.9521,1.7515,4.2006,4.0878,24,0.026,0.0244,0.26,0.201,0.0,0.218,0.707,0.076,0.888,0.939,0.939,0.872,0.831,0.901,0.968,0.919,0.844,0.926,0.985,0.961,0.861,0.933
4,15,news,19960,11.8165,1.001,17.6293,0.0,0.5495,5.9521,1.7515,4.2006,4.0878,24,0.026,0.024,0.159,0.199,0.0,0.329,0.722,0.078,0.891,0.906,0.908,0.83,0.784,0.856,0.949,0.887,0.801,0.89,0.975,0.941,0.823,0.902
4,15,val,5988,11.8084,1.0,17.6293,0.0,0.5495,5.9521,1.7515,4.2006,4.0878,24,0.026,0.0244,0.154,0.201,0.0,0.281,0.706,0.084,0.889,0.915,0.916,0.847,0.805,0.869,0.953,0.897,0.821,0.9,0.978,0.946,0.84,0.912
5,0,code,19960,11.8594,1.081,15.9775,0.0,0.8219,5.9622,1.0988,4.8634,3.7008,31,0.321,0.004,0.658,0.017,0.0,0.341,0.87,0.064,0.202,0.347,0.892,0.723,0.751,0.467,0.978,0.944,0.76,0.544,0.994,0.981,0.784,0.593
5,0,dialogue,19960,11.2702,1.028,15.9775,0.0,0.8219,5.9622,1.0988,4.8634,3.7008,31,0.321,0.004,0.538,0.03,0.0,0.224,0.949,0.068,0.176,0.439,0.896,0.812,0.831,0.527,0.98,0.965,0.84,0.566,0.992,0.987,0.856,0.603
5,0,fiction,19960,11.5809,1.056,15.9775,0.0,0.8219,5.9622,1.0988,4.8634,3.7008,31,0.321,0.0038,0.584,0.017,0.0,0.32,0.917,0.062,0.176,0.451,0.892,0.747,0.766,0.582,0.978,0.951,0.776,0.639,0.993,0.985,0.797,0.677
5,0,math,19960,11.631,1.06,15.9775,0.0,0.8219,5.9622,1.0988,4.8634,3.7008,31,0.321,0.0039,0.641,0.104,0.0,0.333,0.908,0.065,0.182,0.494,0.899,0.754,0.756,0.619,0.98,0.951,0.768,0.676,0.993,0.984,0.789,0.713
5,0,news,19960,11.1579,1.017,15.9775,0.0,0.8219,5.9622,1.0988,4.8634,3.7008,31,0.321,0.004,0.525,0.069,0.0,0.291,0.916,0.07,0.184,0.472,0.895,0.786,0.785,0.587,0.979,0.957,0.795,0.634,0.994,0.985,0.817,0.674
5,0,val,5988,10.9678,1.0,15.9775,0.0,0.8219,5.9622,1.0988,4.8634,3.7008,31,0.321,0.0041,0.598,0.142,0.0,0.322,0.874,0.077,0.301,0.466,0.903,0.771,0.762,0.578,0.98,0.94,0.775,0.64,0.993,0.97,0.801,0.679
5,1,code,19960,11.9292,1.268,10.5891,0.0,0.3347,5.7692,3.3693,2.3999,1.7628,11,0.59,0.004,0.658,0.017,0.0,0.363,0.468,0.126,0.909,0.107,0.834,0.731,0.74,0.168,0.918,0.812,0.758,0.254,0.968,0.866,0.777,0.377
5,1,dialogue,19960,10.4988,1.116,10.5891,0.0,0.3347,5.7692,3.3693,2.3999,1.7628,11,0.59,0.004,0.538,0.03,0.0,0.48,0.731,0.111,0.901,0.128,0.777,0.67,0.677,0.205,0.87,0.781,0.698,0.306,0.94,0.849,0.73,0.423
5,1,fiction,19960,10.3047,1.096,10.5891,0.0,0.3347,5.7692,3.3693,2.3999,1.7628,11,0.59,0.0038,0.584,0.017,0.0,0.34,0.51,0.093,1.053,0.109,0.813,0.737,0.752,0.153,0.886,0.798,0.768,0.222,0.944,0.849,0.802,0.322
5,1,math,19960,10.7595,1.144,10.5891,0.0,0.3347,5.7692,3.3693,2.3999,1.7628,11,0.59,0.0039,0.641,0.104,0.0,0.467,0.469,0.149,1.223,0.161,0.772,0.663,0.668,0.207,0.869,0.748,0.692,0.298,0.94,0.818,0.746,0.413
5,1,news,19960,10.1891,1.083,10.5891,0.0,0.3347,5.7692,3.3693,2.3999,1.7628,11,0.59,0.004,0.525,0.069,0.0,0.351,0.329,0.135,1.5,0.13,0.828,0.742,0.745,0.146,0.902,0.797,0.768,0.216,0.953,0.852,0.805,0.306
5,1,val,5988,9.4064,1.0,10.5891,0.0,0.3347,5.7692,3.3693,2.3999,1.7628,11,0.59,0.0041,0.598,0.142,0.0,0.405,0.477,0.211,1.762,0.137,0.791,0.694,0.694,0.118,0.866,0.771,0.737,0.182,0.928,0.841,0.794,0.27
5,2,code,19960,11.4652,1.199,10.608,0.0,0.3238,5.8807,3.4491,2.4316,1.9415,31,0.285,0.004,0.658,0.017,0.0,0.801,0.43,0.139,1.229,0.109,0.667,0.506,0.539,0.174,0.814,0.645,0.591,0.289,0.92,0.747,0.664,0.446
5,2,dialogue,19960,10.844,1.134,10.608,0.0,0.3238,5.8807,3.4491,2.4316,1.9415,31,0.285,0.004,0.538,0.03,0.0,0.924,0.524,0.263,1.018,0.136,0.543,0.362,0.351,0.239,0.721,0.514,0.463,0.393,0.873,0.657,0.515,0.559
5,2,fiction,19960,10.4073,1.088,10.608,0.0,0.3238,5.8807,3.4491,2.4316,1.9415,31,0.285,0.0038,0.584,0.017,0.0,0.896,0.422,0.086,1.178,0.149,0.569,0.392,0.409,0.237,0.745,0.531,0.454,0.383,0.886,0.683,0.508,0.561
5,2,math,19960,10.5363,1.102,10.608,0.0,0.3238,5.8807,3.4491,2.4316,1.9415,31,0.285,0.0039,0.641,0.104,0.0,0.889,0.435,0.115,1.2,0.146,0.606,0.435,0.444,0.226,0.776,0.577,0.502,0.367,0.902,0.715,0.57,0.539
5,2,news,19960,10.3203,1.079,10.608,0.0,0.3238,5.8807,3.4491,2.4316,1.9415,31,0.285,0.004,0.525,0.069,0.0,0.881,0.436,0.068,1.166,0.262,0.614,0.422,0.427,0.322,0.79,0.57,0.465,0.481,0.913,0.74,0.531,0.644
5,2,val,5988,9.5626,1.0,10.608,0.0,0.3238,5.8807,3.4491,2.4316,1.9415,31,0.285,0.0041,0.598,0.142,0.0,0.899,0.456,0.226,1.379,0.153,0.55,0.399,0.398,0.189,0.709,0.541,0.468,0.31,0.851,0.701,0.598,0.474
5,3,code,19960,11.4627,1.019,16.051,0.0,0.8415,5.9515,0.8665,5.085,4.5317,42,0.352,0.004,0.658,0.017,0.0,0.385,0.77,0.072,0.174,0.452,0.844,0.72,0.736,0.555,0.941,0.896,0.752,0.632,0.977,0.947,0.776,0.691
5,3,dialogue,19960,11.1022,0.987,16.051,0.0,0.8415,5.9515,0.8665,5.085,4.5317,42,0.352,0.004,0.538,0.03,0.0,0.363,0.869,0.071,0.165,0.362,0.835,0.742,0.763,0.459,0.933,0.909,0.78,0.541,0.971,0.953,0.803,0.602
5,3,fiction,19960,11.2127,0.997,16.051,0.0,0.8415,5.9515,0.8665,5.085,4.5317,42,0.352,0.0038,0.584,0.017,0.0,0.367,0.859,0.067,0.182,0.332,0.837,0.727,0.752,0.433,0.93,0.902,0.768,0.517,0.968,0.95,0.793,0.581
5,3,math,19960,11.295,1.005,16.051,0.0,0.8415,5.9515,0.8665,5.085,4.5317,42,0.352,0.0039,0.641,0.104,0.0,0.394,0.814,0.08,0.171,0.477,0.844,0.726,0.729,0.587,0.936,0.897,0.749,0.661,0.972,0.948,0.775,0.712
5,3,news,19960,11.4263,1.016,16.051,0.0,0.8415,5.9515,0.8665,5.085,4.5317,42,0.352,0.004,0.525,0.069,0.0,0.223,0.838,0.101,0.176,0.367,0.878,0.815,0.828,0.432,0.952,0.931,0.844,0.492,0.979,0.965,0.862,0.546
5,3,val,5988,11.2435,1.0,16.051,0.0,0.8415,5.9515,0.8665,5.085,4.5317,42,0.352,0.0041,0.598,0.142,0.0,0.285,0.834,0.111,0.173,0.406,0.87,0.796,0.794,0.487,0.947,0.92,0.814,0.549,0.976,0.957,0.841,0.601
5,4,code,19960,13.7194,1.241,11.3866,0.0,0.0746,5.7526,4.0657,1.6869,1.7337,9,0.664,0.0254,0.531,0.368,0.0,0.466,0.088,0.046,2.947,0.035,0.94,0.622,0.624,0.082,0.982,0.646,0.642,0.153,0.994,0.681,0.66,0.293
5,4,dialogue,19960,12.1106,1.095,11.3866,0.0,0.0746,5.7526,4.0657,1.6869,1.7337,9,0.664,0.0799,0.513,0.463,0.0,0.335,0.115,0.032,2.859,0.042,0.935,0.714,0.715,0.117,0.978,0.732,0.725,0.229,0.993,0.785,0.742,0.52
5,4,fiction,19960,11.5573,1.045,11.3866,0.0,0.0746,5.7526,4.0657,1.6869,1.7337,9,0.664,0.0448,0.366,0.438,0.0,0.21,0.149,0.068,2.722,0.043,0.928,0.81,0.811,0.095,0.961,0.831,0.823,0.192,0.982,0.856,0.843,0.391
5,4,math,19960,12.4605,1.127,11.3866,0.0,0.0746,5.7526,4.0657,1.6869,1.7337,9,0.664,0.0407,0.393,0.469,0.0,0.454,0.131,0.081,2.975,0.07,0.915,0.629,0.63,0.099,0.962,0.662,0.661,0.192,0.985,0.715,0.689,0.362
5,4,news,19960,12.1254,1.097,11.3866,0.0,0.0746,5.7526,4.0657,1.6869,1.7337,9,0.664,0.026,0.62,0.476,0.0,0.186,0.194,0.096,2.896,0.062,0.956,0.83,0.832,0.066,0.979,0.851,0.849,0.126,0.991,0.878,0.858,0.25
5,4,val,5988,11.0551,1.0,11.3866,0.0,0.0746,5.7526,4.0657,1.6869,1.7337,9,0.664,0.0346,0.233,0.485,0.0,0.424,0.309,0.117,2.843,0.077,0.93,0.667,0.652,0.071,0.968,0.739,0.679,0.139,0.986,0.794,0.722,0.283
5,5,code,19960,10.7084,1.262,9.2539,0.0,0.1281,5.7638,3.9153,1.8485,1.7731,29,0.247,0.004,0.658,0.017,0.0,0.945,0.24,0.135,2.108,0.103,0.55,0.38,0.38,0.211,0.739,0.472,0.4,0.341,0.896,0.588,0.603,0.536
5,5,dialogue,19960,10.089,1.189,9.2539,0.0,0.1281,5.7638,3.9153,1.8485,1.7731,29,0.247,0.004,0.538,0.03,0.0,0.968,0.314,0.162,2.112,0.1,0.543,0.366,0.365,0.203,0.717,0.473,0.386,0.321,0.867,0.586,0.572,0.497
5,5,fiction,19960,9.7797,1.152,9.2539,0.0,0.1281,5.7638,3.9153,1.8485,1.7731,29,0.247,0.0038,0.584,0.017,0.0,0.935,0.34,0.254,2.109,0.106,0.546,0.428,0.426,0.171,0.712,0.525,0.442,0.285,0.86,0.625,0.605,0.445
5,5,math,19960,9.9528,1.172,9.2539,0.0,0.1281,5.7638,3.9153,1.8485,1.7731,29,0.247,0.0038,0.649,0.104,0.0,0.968,0.31,0.17,2.3,0.122,0.496,0.316,0.317,0.194,0.676,0.429,0.354,0.324,0.843,0.558,0.543,0.497
5,5,news,19960,9.4594,1.114,9.2539,0.0,0.1281,5.7638,3.9153,1.8485,1.7731,29,0.247,0.004,0.525,0.069,0.0,0.964,0.34,0.136,2.348,0.093,0.524,0.422,0.423,0.123,0.667,0.518,0.468,0.215,0.813,0.628,0.635,0.347
5,5,val,5988,8.4886,1.0,9.2539,0.0,0.1281,5.7638,3.9153,1.8485,1.7731,29,0.247,0.0041,0.598,0.142,0.0,0.951,0.378,0.181,2.423,0.1,0.452,0.322,0.322,0.118,0.597,0.432,0.396,0.201,0.753,0.573,0.548,0.33
5,6,code,19960,11.4493,1.018,14.815,0.0,0.7624,5.9446,1.3919,4.5527,3.3294,55,0.406,0.004,0.658,0.017,0.0,0.259,0.861,0.075,0.225,0.259,0.879,0.764,0.802,0.352,0.959,0.928,0.812,0.425,0.984,0.967,0.831,0.496
5,6,dialogue,19960,11.6723,1.038,14.815,0.0,0.7624,5.9446,1.3919,4.5527,3.3294,55,0.406,0.004,0.538,0.03,0.0,0.388,0.805,0.078,0.453,0.508,0.864,0.729,0.738,0.602,0.95,0.902,0.754,0.674,0.978,0.942,0.776,0.723
5,6,fiction,19960,11.7329,1.043,14.815,0.0,0.7624,5.9446,1.3919,4.5527,3.3294,55,0.406,0.0038,0.584,0.017,0.0,0.504,0.82,0.093,0.399,0.404,0.837,0.633,0.639,0.542,0.934,0.866,0.664,0.647,0.974,0.937,0.695,0.714
5,6,math,19960,11.437,1.017,14.815,0.0,0.7624,5.9446,1.3919,4.5527,3.3294,55,0.406,0.0039,0.641,0.104,0.0,0.343,0.825,0.093,0.369,0.376,0.872,0.746,0.757,0.48,0.953,0.911,0.774,0.555,0.98,0.953,0.796,0.61
5,6,news,19960,11.6763,1.038,14.815,0.0,0.7624,5.9446,1.3919,4.5527,3.3294,55,0.406,0.004,0.525,0.069,0.0,0.37,0.872,0.095,0.347,0.371,0.866,0.734,0.736,0.484,0.954,0.914,0.754,0.571,0.983,0.963,0.779,0.625
5,6,val,5988,11.2494,1.0,14.815,0.0,0.7624,5.9446,1.3919,4.5527,3.3294,55,0.406,0.0041,0.598,0.142,0.0,0.423,0.815,0.114,0.413,0.35,0.845,0.714,0.706,0.456,0.932,0.878,0.729,0.542,0.97,0.936,0.769,0.604
5,7,code,19960,11.485,1.252,10.589,0.0,0.238,5.6369,3.622,2.0149,1.6935,1,0.524,0.004,0.658,0.017,0.0,0.477,0.394,0.126,0.495,0.239,0.788,0.696,0.717,0.412,0.916,0.771,0.749,0.515,0.977,0.868,0.776,0.647
5,7,dialogue,19960,10.3143,1.125,10.589,0.0,0.238,5.6369,3.622,2.0149,1.6935,1,0.524,0.004,0.538,0.03,0.0,0.498,0.426,0.162,0.862,0.119,0.773,0.711,0.731,0.164,0.861,0.797,0.783,0.238,0.935,0.863,0.818,0.377
5,7,fiction,19960,9.8522,1.074,10.589,0.0,0.238,5.6369,3.622,2.0149,1.6935,1,0.524,0.0038,0.584,0.017,0.0,0.675,0.434,0.246,1.215,0.109,0.709,0.615,0.642,0.141,0.809,0.723,0.718,0.226,0.904,0.805,0.769,0.384
5,7,math,19960,10.5665,1.152,10.589,0.0,0.238,5.6369,3.622,2.0149,1.6935,1,0.524,0.0039,0.641,0.104,0.0,0.525,0.356,0.152,0.87,0.235,0.765,0.658,0.671,0.341,0.877,0.741,0.712,0.436,0.948,0.83,0.755,0.554
5,7,news,19960,9.9924,1.09,10.589,0.0,0.238,5.6369,3.622,2.0149,1.6935,1,0.524,0.004,0.525,0.069,0.0,0.622,0.523,0.24,1.172,0.165,0.751,0.664,0.67,0.195,0.857,0.771,0.747,0.29,0.935,0.85,0.785,0.405
5,7,val,5988,9.1713,1.0,10.589,0.0,0.238,5.6369,3.622,2.0149,1.6935,1,0.524,0.0041,0.598,0.142,0.0,0.723,0.469,0.227,1.626,0.161,0.713,0.607,0.608,0.147,0.82,0.707,0.682,0.225,0.908,0.811,0.766,0.327
5,8,code,19960,13.4975,1.211,11.3898,0.0,0.1554,5.7666,3.8544,1.9122,1.8412,33,0.258,0.004,0.658,0.017,0.0,0.779,0.328,0.168,1.811,0.077,0.844,0.354,0.376,0.198,0.937,0.525,0.474,0.336,0.981,0.648,0.564,0.537
5,8,dialogue,19960,12.0805,1.084,11.3898,0.0,0.1554,5.7666,3.8544,1.9122,1.8412,33,0.258,0.004,0.538,0.03,0.0,0.872,0.385,0.144,1.577,0.076,0.737,0.361,0.38,0.208,0.875,0.526,0.471,0.325,0.957,0.68,0.574,0.506
5,8,fiction,19960,11.6439,1.045,11.3898,0.0,0.1554,5.7666,3.8544,1.9122,1.8412,33,0.258,0.0038,0.584,0.017,0.0,0.853,0.324,0.104,1.71,0.078,0.693,0.417,0.442,0.16,0.834,0.538,0.504,0.254,0.931,0.664,0.57,0.397
5,8,math,19960,12.3938,1.112,11.3898,0.0,0.1554,5.7666,3.8544,1.9122,1.8412,33,0.258,0.0039,0.641,0.104,0.0,0.87,0.29,0.168,2.093,0.1,0.777,0.307,0.318,0.185,0.886,0.454,0.424,0.311,0.954,0.589,0.525,0.488
5,8,news,19960,11.9893,1.076,11.3898,0.0,0.1554,5.7666,3.8544,1.9122,1.8412,33,0.258,0.004,0.525,0.069,0.0,0.84,0.323,0.159,2.199,0.091,0.748,0.442,0.452,0.127,0.859,0.563,0.536,0.217,0.934,0.668,0.63,0.353
5,8,val,5988,11.1451,1.0,11.3898,0.0,0.1554,5.7666,3.8544,1.9122,1.8412,33,0.258,0.0041,0.598,0.142,0.0,0.88,0.303,0.172,2.38,0.088,0.767,0.328,0.314,0.104,0.869,0.464,0.396,0.187,0.937,0.588,0.504,0.32
5,9,code,19960,11.3919,1.063,14.7274,0.0,0.7521,5.945,1.3527,4.5923,3.2956,52,0.542,0.004,0.658,0.017,0.0,0.271,0.744,0.08,0.297,0.183,0.886,0.755,0.797,0.272,0.96,0.914,0.809,0.356,0.986,0.954,0.824,0.436
5,9,dialogue,19960,10.7842,1.007,14.7274,0.0,0.7521,5.945,1.3527,4.5923,3.2956,52,0.542,0.004,0.538,0.03,0.0,0.206,0.904,0.084,0.27,0.439,0.896,0.818,0.837,0.529,0.97,0.952,0.846,0.578,0.989,0.977,0.86,0.619
5,9,fiction,19960,10.7584,1.004,14.7274,0.0,0.7521,5.945,1.3527,4.5923,3.2956,52,0.542,0.0038,0.584,0.017,0.0,0.318,0.865,0.073,0.343,0.381,0.874,0.745,0.765,0.505,0.958,0.925,0.776,0.581,0.984,0.966,0.796,0.631
5,9,math,19960,10.9574,1.023,14.7274,0.0,0.7521,5.945,1.3527,4.5923,3.2956,52,0.542,0.0039,0.641,0.104,0.0,0.333,0.813,0.088,0.388,0.315,0.868,0.75,0.764,0.425,0.953,0.908,0.779,0.504,0.983,0.955,0.801,0.566
5,9,news,19960,10.9132,1.019,14.7274,0.0,0.7521,5.945,1.3527,4.5923,3.2956,52,0.542,0.004,0.525,0.069,0.0,0.178,0.899,0.15,0.322,0.252,0.909,0.838,0.854,0.328,0.972,0.952,0.868,0.392,0.991,0.979,0.881,0.444
5,9,val,5988,10.7129,1.0,14.7274,0.0,0.7521,5.945,1.3527,4.5923,3.2956,52,0.542,0.0041,0.598,0.142,0.0,0.239,0.878,0.153,0.425,0.262,0.902,0.826,0.823,0.356,0.969,0.94,0.841,0.423,0.99,0.976,0.863,0.478
5,10,code,19960,12.1049,1.252,10.5985,0.0,0.4251,5.9022,3.0006,2.9016,2.2183,52,0.375,0.004,0.658,0.017,0.0,0.619,0.573,0.07,0.757,0.206,0.771,0.555,0.578,0.354,0.895,0.735,0.588,0.491,0.961,0.813,0.62,0.618
5,10,dialogue,19960,11.0582,1.144,10.5985,0.0,0.4251,5.9022,3.0006,2.9016,2.2183,52,0.375,0.004,0.538,0.03,0.0,0.784,0.67,0.163,0.612,0.15,0.633,0.462,0.475,0.274,0.785,0.656,0.536,0.414,0.9,0.757,0.611,0.57
5,10,fiction,19960,10.7003,1.107,10.5985,0.0,0.4251,5.9022,3.0006,2.9016,2.2183,52,0.375,0.0038,0.584,0.017,0.0,0.711,0.704,0.163,0.813,0.168,0.69,0.534,0.555,0.271,0.827,0.725,0.616,0.4,0.918,0.814,0.673,0.529
5,10,math,19960,11.1001,1.148,10.5985,0.0,0.4251,5.9022,3.0006,2.9016,2.2183,52,0.375,0.0039,0.641,0.104,0.0,0.709,0.616,0.145,0.871,0.234,0.717,0.532,0.535,0.351,0.853,0.708,0.584,0.487,0.936,0.799,0.642,0.604
5,10,news,19960,10.4063,1.076,10.5985,0.0,0.4251,5.9022,3.0006,2.9016,2.2183,52,0.375,0.004,0.525,0.069,0.0,0.477,0.572,0.235,1.143,0.123,0.782,0.679,0.688,0.166,0.876,0.796,0.736,0.254,0.937,0.858,0.795,0.358
5,10,val,5988,9.67,1.0,10.5985,0.0,0.4251,5.9022,3.0006,2.9016,2.2183,52,0.375,0.0041,0.598,0.142,0.0,0.742,0.578,0.186,1.333,0.151,0.669,0.518,0.507,0.19,0.797,0.66,0.581,0.302,0.898,0.779,0.662,0.446
5,11,code,19960,13.4898,1.104,13.0036,0.0,0.2161,5.7945,3.3953,2.3992,2.2958,29,0.342,0.0088,0.294,0.113,0.0,0.801,0.257,0.226,1.586,0.156,0.8,0.393,0.4,0.181,0.915,0.511,0.528,0.313,0.971,0.64,0.6,0.533
5,11,dialogue,19960,12.8437,1.051,13.0036,0.0,0.2161,5.7945,3.3953,2.3992,2.2958,29,0.342,0.0261,0.082,0.17,0.0,0.84,0.25,0.154,1.64,0.172,0.728,0.405,0.41,0.157,0.864,0.507,0.51,0.275,0.95,0.632,0.622,0.483
5,11,fiction,19960,12.1675,0.996,13.0036,0.0,0.2161,5.7945,3.3953,2.3992,2.2958,29,0.342,0.0294,0.164,0.175,0.0,0.796,0.286,0.172,1.863,0.186,0.735,0.501,0.508,0.16,0.859,0.598,0.595,0.286,0.942,0.709,0.712,0.477
5,11,math,19960,13.0599,1.069,13.0036,0.0,0.2161,5.7945,3.3953,2.3992,2.2958,29,0.342,0.0226,0.113,0.17,0.0,0.832,0.258,0.167,1.772,0.207,0.783,0.39,0.396,0.179,0.894,0.502,0.499,0.307,0.957,0.638,0.603,0.508
5,11,news,19960,12.6263,1.033,13.0036,0.0,0.2161,5.7945,3.3953,2.3992,2.2958,29,0.342,0.018,0.116,0.157,0.0,0.75,0.239,0.14,1.926,0.204,0.784,0.528,0.547,0.138,0.878,0.626,0.624,0.221,0.942,0.718,0.693,0.376
5,11,val,5988,12.2179,1.0,13.0036,0.0,0.2161,5.7945,3.3953,2.3992,2.2958,29,0.342,0.0249,0.098,0.165,0.0,0.832,0.352,0.168,2.298,0.195,0.789,0.406,0.387,0.102,0.891,0.556,0.473,0.182,0.952,0.693,0.583,0.32
5,12,code,19960,11.9778,1.16,10.6182,0.0,0.4364,5.8568,3.2512,2.6056,1.3409,19,0.247,0.004,0.658,0.017,0.0,0.807,0.504,0.143,1.27,0.298,0.713,0.446,0.46,0.354,0.871,0.636,0.529,0.514,0.952,0.739,0.581,0.652
5,12,dialogue,19960,10.981,1.063,10.6182,0.0,0.4364,5.8568,3.2512,2.6056,1.3409,19,0.247,0.004,0.538,0.03,0.0,0.584,0.693,0.053,0.536,0.402,0.782,0.579,0.586,0.513,0.915,0.789,0.606,0.638,0.965,0.858,0.655,0.729
5,12,fiction,19960,10.4036,1.007,10.6182,0.0,0.4364,5.8568,3.2512,2.6056,1.3409,19,0.247,0.0038,0.584,0.017,0.0,0.564,0.628,0.068,0.731,0.438,0.78,0.628,0.64,0.505,0.905,0.787,0.665,0.607,0.956,0.842,0.704,0.688
5,12,math,19960,11.2421,1.088,10.6182,0.0,0.4364,5.8568,3.2512,2.6056,1.3409,19,0.247,0.0039,0.641,0.104,0.0,0.722,0.467,0.111,1.267,0.415,0.745,0.507,0.51,0.447,0.884,0.656,0.56,0.58,0.951,0.736,0.611,0.69
5,12,news,19960,10.6317,1.029,10.6182,0.0,0.4364,5.8568,3.2512,2.6056,1.3409,19,0.247,0.004,0.525,0.069,0.0,0.605,0.409,0.104,1.478,0.415,0.783,0.614,0.622,0.384,0.908,0.727,0.655,0.486,0.96,0.798,0.692,0.578
5,12,val,5988,10.3282,1.0,10.6182,0.0,0.4364,5.8568,3.2512,2.6056,1.3409,19,0.247,0.0041,0.598,0.142,0.0,0.725,0.416,0.112,1.65,0.398,0.739,0.53,0.527,0.351,0.873,0.653,0.569,0.465,0.941,0.736,0.623,0.581
5,13,code,19960,11.446,1.147,11.4315,0.0,0.1957,5.8197,4.31,1.5097,1.0226,15,0.213,0.004,0.658,0.017,0.0,0.853,0.205,0.155,1.492,0.094,0.651,0.523,0.533,0.184,0.802,0.581,0.535,0.304,0.917,0.661,0.59,0.479
5,13,dialogue,19960,11.4816,1.151,11.4315,0.0,0.1957,5.8197,4.31,1.5097,1.0226,15,0.213,0.004,0.538,0.03,0.0,0.964,0.256,0.107,1.343,0.175,0.526,0.339,0.34,0.272,0.709,0.408,0.347,0.409,0.863,0.542,0.429,0.584
5,13,fiction,19960,10.6806,1.07,11.4315,0.0,0.1957,5.8197,4.31,1.5097,1.0226,15,0.213,0.0038,0.584,0.017,0.0,0.939,0.258,0.206,1.719,0.143,0.547,0.372,0.384,0.221,0.725,0.448,0.388,0.346,0.872,0.573,0.489,0.517
5,13,math,19960,10.9168,1.094,11.4315,0.0,0.1957,5.8197,4.31,1.5097,1.0226,15,0.213,0.0038,0.649,0.104,0.0,0.907,0.224,0.131,1.714,0.131,0.588,0.408,0.412,0.226,0.755,0.471,0.414,0.353,0.89,0.572,0.481,0.519
5,13,news,19960,11.0323,1.106,11.4315,0.0,0.1957,5.8197,4.31,1.5097,1.0226,15,0.213,0.004,0.525,0.069,0.0,0.904,0.243,0.17,1.77,0.19,0.591,0.412,0.416,0.246,0.765,0.491,0.426,0.381,0.893,0.603,0.552,0.544
5,13,val,5988,9.978,1.0,11.4315,0.0,0.1957,5.8197,4.31,1.5097,1.0226,15,0.213,0.0041,0.598,0.142,0.0,0.932,0.288,0.223,2.065,0.142,0.552,0.348,0.349,0.181,0.714,0.438,0.375,0.29,0.85,0.566,0.52,0.449
5,14,code,19960,10.0966,1.079,11.5163,0.0,0.6935,5.8781,1.6262,4.252,3.0514,44,0.363,0.004,0.658,0.017,0.0,0.822,0.753,0.089,0.378,0.212,0.621,0.524,0.543,0.336,0.779,0.711,0.585,0.454,0.887,0.832,0.639,0.566
5,14,dialogue,19960,9.5386,1.019,11.5163,0.0,0.6935,5.8781,1.6262,4.252,3.0514,44,0.363,0.004,0.538,0.03,0.0,0.861,0.818,0.079,0.346,0.156,0.615,0.513,0.53,0.277,0.76,0.699,0.573,0.393,0.869,0.823,0.63,0.508
5,14,fiction,19960,9.626,1.029,11.5163,0.0,0.6935,5.8781,1.6262,4.252,3.0514,44,0.363,0.0038,0.584,0.017,0.0,0.855,0.771,0.073,0.502,0.158,0.622,0.502,0.528,0.261,0.763,0.69,0.565,0.38,0.868,0.812,0.62,0.498
5,14,math,19960,9.8002,1.047,11.5163,0.0,0.6935,5.8781,1.6262,4.252,3.0514,44,0.363,0.0039,0.641,0.104,0.0,0.838,0.747,0.101,0.521,0.235,0.623,0.503,0.506,0.354,0.774,0.693,0.555,0.475,0.88,0.815,0.614,0.593
5,14,news,19960,9.7957,1.047,11.5163,0.0,0.6935,5.8781,1.6262,4.252,3.0514,44,0.363,0.004,0.525,0.069,0.0,0.712,0.831,0.115,0.457,0.24,0.7,0.616,0.608,0.351,0.844,0.79,0.65,0.46,0.926,0.891,0.698,0.56
5,14,val,5988,9.3565,1.0,11.5163,0.0,0.6935,5.8781,1.6262,4.252,3.0514,44,0.363,0.0041,0.598,0.142,0.0,0.728,0.803,0.138,0.548,0.232,0.68,0.601,0.589,0.326,0.81,0.755,0.641,0.427,0.898,0.859,0.702,0.532
5,15,code,19960,5.8277,1.317,16.2762,0.0,0.8577,5.9497,0.816,5.1336,4.5203,41,0.027,0.0125,0.42,0.008,0.0,0.969,0.98,0.058,0.177,0.35,0.736,0.692,0.366,0.691,0.91,0.892,0.396,0.901,0.974,0.965,0.436,0.964
5,15,dialogue,19960,4.7579,1.075,16.2762,0.0,0.8577,5.9497,0.816,5.1336,4.5203,41,0.027,0.013,0.207,0.008,0.0,0.969,0.992,0.057,0.157,0.371,0.762,0.736,0.401,0.735,0.93,0.919,0.43,0.923,0.986,0.979,0.466,0.976
5,15,fiction,19960,5.8344,1.318,16.2762,0.0,0.8577,5.9497,0.816,5.1336,4.5203,41,0.027,0.0131,0.115,0.008,0.0,0.888,0.984,0.058,0.17,0.338,0.847,0.794,0.408,0.798,0.972,0.957,0.439,0.964,0.993,0.985,0.47,0.984
5,15,math,19960,4.9877,1.127,16.2762,0.0,0.8577,5.9497,0.816,5.1336,4.5203,41,0.027,0.0132,0.269,0.008,0.0,0.97,0.973,0.061,0.163,0.365,0.73,0.695,0.391,0.7,0.906,0.884,0.422,0.897,0.976,0.965,0.461,0.965
5,15,news,19960,4.7268,1.068,16.2762,0.0,0.8577,5.9497,0.816,5.1336,4.5203,41,0.027,0.0142,0.117,0.008,0.0,0.965,0.972,0.059,0.166,0.361,0.707,0.684,0.388,0.683,0.881,0.861,0.419,0.869,0.967,0.955,0.459,0.956
5,15,val,5988,4.4252,1.0,16.2762,0.0,0.8577,5.9497,0.816,5.1336,4.5203,41,0.027,0.0143,0.129,0.008,0.0,0.967,0.989,0.06,0.157,0.392,0.739,0.723,0.411,0.72,0.9,0.887,0.44,0.891,0.97,0.961,0.478,0.959
6,0,code,19960,10.9392,1.188,10.0649,0.0,0.375,5.7616,3.3272,2.4344,1.5215,29,0.519,0.004,0.658,0.017,0.0,0.479,0.623,0.075,0.539,0.232,0.783,0.712,0.714,0.347,0.893,0.813,0.745,0.434,0.954,0.863,0.771,0.542
6,0,dialogue,19960,9.7324,1.057,10.0649,0.0,0.375,5.7616,3.3272,2.4344,1.5215,29,0.519,0.004,0.538,0.03,0.0,0.394,0.461,0.061,0.691,0.083,0.778,0.745,0.747,0.115,0.851,0.797,0.774,0.173,0.92,0.855,0.815,0.285
6,0,fiction,19960,9.6513,1.048,10.0649,0.0,0.375,5.7616,3.3272,2.4344,1.5215,29,0.519,0.0038,0.584,0.017,0.0,0.639,0.235,0.106,1.174,0.078,0.718,0.657,0.659,0.109,0.802,0.71,0.695,0.184,0.889,0.804,0.756,0.304
6,0,math,19960,10.2221,1.11,10.0649,0.0,0.375,5.7616,3.3272,2.4344,1.5215,29,0.519,0.0039,0.641,0.104,0.0,0.67,0.484,0.115,0.872,0.242,0.722,0.605,0.605,0.337,0.831,0.713,0.648,0.436,0.916,0.804,0.708,0.541
6,0,news,19960,9.934,1.079,10.0649,0.0,0.375,5.7616,3.3272,2.4344,1.5215,29,0.519,0.004,0.525,0.069,0.0,0.594,0.462,0.272,1.322,0.129,0.756,0.67,0.673,0.138,0.845,0.752,0.737,0.213,0.916,0.825,0.781,0.317
6,0,val,5988,9.2083,1.0,10.0649,0.0,0.375,5.7616,3.3272,2.4344,1.5215,29,0.519,0.0041,0.598,0.142,0.0,0.669,0.403,0.207,1.606,0.157,0.719,0.635,0.635,0.147,0.813,0.715,0.699,0.213,0.896,0.803,0.764,0.307
6,1,code,19960,11.7141,1.187,11.1972,0.0,0.7701,5.9217,1.326,4.5957,2.4475,25,0.561,0.004,0.658,0.017,0.0,0.281,0.816,0.044,0.193,0.454,0.877,0.775,0.789,0.556,0.957,0.874,0.796,0.601,0.981,0.952,0.817,0.642
6,1,dialogue,19960,10.5051,1.065,11.1972,0.0,0.7701,5.9217,1.326,4.5957,2.4475,25,0.561,0.004,0.538,0.03,0.0,0.693,0.579,0.103,0.218,0.164,0.668,0.599,0.614,0.227,0.78,0.685,0.645,0.316,0.87,0.796,0.705,0.417
6,1,fiction,19960,10.3365,1.047,11.1972,0.0,0.7701,5.9217,1.326,4.5957,2.4475,25,0.561,0.0039,0.577,0.035,0.0,0.468,0.684,0.519,0.3,0.114,0.761,0.665,0.703,0.153,0.843,0.772,0.772,0.232,0.906,0.861,0.805,0.33
6,1,math,19960,10.8819,1.103,11.1972,0.0,0.7701,5.9217,1.326,4.5957,2.4475,25,0.561,0.0039,0.641,0.104,0.0,0.453,0.788,0.498,0.278,0.33,0.79,0.688,0.695,0.394,0.888,0.811,0.775,0.471,0.943,0.893,0.818,0.551
6,1,news,19960,10.5237,1.066,11.1972,0.0,0.7701,5.9217,1.326,4.5957,2.4475,25,0.561,0.004,0.525,0.069,0.0,0.36,0.793,0.577,0.282,0.172,0.814,0.745,0.751,0.213,0.904,0.851,0.834,0.295,0.954,0.92,0.868,0.391
6,1,val,5988,9.8686,1.0,11.1972,0.0,0.7701,5.9217,1.326,4.5957,2.4475,25,0.561,0.0041,0.598,0.142,0.0,0.303,0.817,0.566,0.326,0.193,0.826,0.769,0.768,0.23,0.901,0.853,0.833,0.293,0.949,0.916,0.871,0.38
6,2,code,19960,10.6786,1.028,16.5854,0.0,0.8704,5.976,0.7561,5.22,4.7617,50,0.272,0.004,0.658,0.017,0.0,0.121,0.988,0.065,0.14,0.736,0.932,0.886,0.899,0.772,0.99,0.983,0.902,0.788,0.996,0.994,0.91,0.805
6,2,dialogue,19960,10.3681,0.998,16.5854,0.0,0.8704,5.976,0.7561,5.22,4.7617,50,0.272,0.004,0.538,0.03,0.0,0.116,0.952,0.078,0.141,0.631,0.917,0.885,0.898,0.67,0.985,0.977,0.903,0.688,0.993,0.989,0.912,0.711
6,2,fiction,19960,10.5746,1.018,16.5854,0.0,0.8704,5.976,0.7561,5.22,4.7617,50,0.272,0.0038,0.584,0.017,0.0,0.153,0.936,0.059,0.139,0.618,0.913,0.861,0.876,0.671,0.98,0.969,0.881,0.692,0.991,0.985,0.891,0.716
6,2,math,19960,10.4622,1.007,16.5854,0.0,0.8704,5.976,0.7561,5.22,4.7617,50,0.272,0.0039,0.641,0.104,0.0,0.126,0.966,0.068,0.142,0.724,0.934,0.89,0.895,0.761,0.988,0.978,0.899,0.777,0.995,0.991,0.909,0.795
6,2,news,19960,10.5354,1.014,16.5854,0.0,0.8704,5.976,0.7561,5.22,4.7617,50,0.272,0.004,0.525,0.069,0.0,0.112,0.951,0.086,0.144,0.622,0.928,0.898,0.902,0.658,0.987,0.979,0.907,0.675,0.995,0.991,0.916,0.699
6,2,val,5988,10.3852,1.0,16.5854,0.0,0.8704,5.976,0.7561,5.22,4.7617,50,0.272,0.0041,0.598,0.142,0.0,0.109,0.972,0.072,0.146,0.667,0.935,0.905,0.904,0.703,0.989,0.981,0.908,0.721,0.996,0.992,0.918,0.744
6,3,code,19960,11.9849,1.16,11.9865,0.0,0.6824,5.8907,1.7922,4.0985,2.6729,25,0.484,0.004,0.658,0.017,0.0,0.518,0.654,0.056,0.435,0.235,0.791,0.614,0.639,0.365,0.912,0.807,0.661,0.483,0.97,0.883,0.683,0.582
6,3,dialogue,19960,10.7203,1.038,11.9865,0.0,0.6824,5.8907,1.7922,4.0985,2.6729,25,0.484,0.004,0.538,0.03,0.0,0.439,0.718,0.092,0.317,0.127,0.775,0.7,0.726,0.203,0.874,0.829,0.758,0.293,0.938,0.881,0.783,0.39
6,3,fiction,19960,10.7657,1.042,11.9865,0.0,0.6824,5.8907,1.7922,4.0985,2.6729,25,0.484,0.0038,0.584,0.017,0.0,0.347,0.697,0.049,0.438,0.108,0.809,0.701,0.744,0.184,0.893,0.839,0.762,0.269,0.947,0.898,0.791,0.363
6,3,math,19960,10.9309,1.058,11.9865,0.0,0.6824,5.8907,1.7922,4.0985,2.6729,25,0.484,0.0039,0.641,0.104,0.0,0.525,0.714,0.068,0.455,0.261,0.775,0.651,0.657,0.383,0.897,0.815,0.685,0.49,0.96,0.893,0.716,0.58
6,3,news,19960,10.6987,1.036,11.9865,0.0,0.6824,5.8907,1.7922,4.0985,2.6729,25,0.484,0.004,0.525,0.069,0.0,0.247,0.722,0.121,0.485,0.156,0.865,0.792,0.806,0.228,0.946,0.901,0.827,0.306,0.981,0.949,0.847,0.389
6,3,val,5988,10.3283,1.0,11.9865,0.0,0.6824,5.8907,1.7922,4.0985,2.6729,25,0.484,0.0041,0.598,0.142,0.0,0.454,0.64,0.118,0.692,0.222,0.793,0.702,0.699,0.289,0.9,0.817,0.728,0.384,0.959,0.905,0.778,0.474
6,4,code,19960,10.9765,1.08,11.3726,0.0,0.6399,5.8944,1.8761,4.0182,2.2177,32,0.402,0.004,0.658,0.017,0.0,0.376,0.699,0.066,0.279,0.243,0.811,0.705,0.739,0.337,0.913,0.839,0.763,0.434,0.963,0.907,0.79,0.529
6,4,dialogue,19960,10.3618,1.02,11.3726,0.0,0.6399,5.8944,1.8761,4.0182,2.2177,32,0.402,0.004,0.538,0.03,0.0,0.338,0.716,0.074,0.367,0.18,0.816,0.745,0.775,0.241,0.898,0.846,0.803,0.326,0.949,0.901,0.829,0.427
6,4,fiction,19960,10.5889,1.042,11.3726,0.0,0.6399,5.8944,1.8761,4.0182,2.2177,32,0.402,0.0038,0.584,0.017,0.0,0.207,0.552,0.061,0.548,0.164,0.855,0.767,0.813,0.214,0.915,0.865,0.83,0.287,0.955,0.9,0.851,0.386
6,4,math,19960,10.464,1.03,11.3726,0.0,0.6399,5.8944,1.8761,4.0182,2.2177,32,0.402,0.0039,0.641,0.104,0.0,0.362,0.689,0.085,0.42,0.352,0.824,0.737,0.748,0.432,0.912,0.847,0.775,0.508,0.957,0.902,0.802,0.584
6,4,news,19960,10.8029,1.063,11.3726,0.0,0.6399,5.8944,1.8761,4.0182,2.2177,32,0.402,0.004,0.525,0.069,0.0,0.198,0.605,0.136,0.528,0.279,0.874,0.812,0.825,0.321,0.939,0.89,0.846,0.384,0.971,0.929,0.866,0.456
6,4,val,5988,10.1636,1.0,11.3726,0.0,0.6399,5.8944,1.8761,4.0182,2.2177,32,0.402,0.0041,0.598,0.142,0.0,0.404,0.547,0.186,0.826,0.306,0.816,0.721,0.72,0.325,0.901,0.817,0.754,0.411,0.952,0.881,0.805,0.49
6,5,code,19960,9.604,1.16,8.7749,0.0,0.3423,5.9022,3.2837,2.6185,2.2116,32,0.093,0.0042,0.643,0.049,0.0,0.96,0.439,0.229,1.11,0.091,0.488,0.19,0.261,0.191,0.677,0.365,0.27,0.332,0.842,0.591,0.477,0.544
6,5,dialogue,19960,9.463,1.143,8.7749,0.0,0.3423,5.9022,3.2837,2.6185,2.2116,32,0.093,0.004,0.538,0.03,0.0,0.967,0.497,0.294,0.761,0.094,0.448,0.191,0.257,0.198,0.629,0.377,0.27,0.341,0.807,0.631,0.486,0.551
6,5,fiction,19960,9.6551,1.166,8.7749,0.0,0.3423,5.9022,3.2837,2.6185,2.2116,32,0.093,0.004,0.595,0.045,0.0,0.965,0.428,0.185,1.058,0.103,0.423,0.18,0.24,0.197,0.602,0.336,0.248,0.333,0.783,0.57,0.456,0.528
6,5,math,19960,9.1964,1.111,8.7749,0.0,0.3423,5.9022,3.2837,2.6185,2.2116,32,0.093,0.0042,0.659,0.171,0.0,0.963,0.528,0.338,1.014,0.123,0.511,0.231,0.237,0.237,0.701,0.428,0.264,0.405,0.861,0.667,0.516,0.628
6,5,news,19960,9.3992,1.135,8.7749,0.0,0.3423,5.9022,3.2837,2.6185,2.2116,32,0.093,0.004,0.525,0.069,0.0,0.976,0.622,0.326,1.029,0.197,0.523,0.283,0.236,0.288,0.71,0.497,0.304,0.486,0.867,0.713,0.522,0.711
6,5,val,5988,8.2797,1.0,8.7749,0.0,0.3423,5.9022,3.2837,2.6185,2.2116,32,0.093,0.0041,0.598,0.142,0.0,0.986,0.58,0.355,1.213,0.117,0.417,0.225,0.214,0.171,0.596,0.409,0.331,0.296,0.776,0.621,0.51,0.488
6,6,code,19960,10.4556,1.301,9.0915,0.0,0.1668,5.7526,3.7968,1.9558,1.8793,27,0.244,0.004,0.658,0.017,0.0,0.856,0.135,0.024,1.415,0.152,0.625,0.469,0.51,0.241,0.804,0.516,0.524,0.371,0.928,0.597,0.576,0.527
6,6,dialogue,19960,9.2957,1.157,9.0915,0.0,0.1668,5.7526,3.7968,1.9558,1.8793,27,0.244,0.004,0.538,0.03,0.0,0.964,0.56,0.406,1.364,0.104,0.485,0.303,0.319,0.171,0.688,0.502,0.481,0.282,0.871,0.673,0.627,0.452
6,6,fiction,19960,9.1433,1.138,9.0915,0.0,0.1668,5.7526,3.7968,1.9558,1.8793,27,0.244,0.0038,0.584,0.017,0.0,0.903,0.534,0.691,1.673,0.083,0.594,0.404,0.437,0.128,0.764,0.58,0.647,0.227,0.894,0.746,0.739,0.392
6,6,math,19960,9.297,1.157,9.0915,0.0,0.1668,5.7526,3.7968,1.9558,1.8793,27,0.244,0.0039,0.641,0.104,0.0,0.952,0.527,0.368,1.521,0.176,0.542,0.338,0.348,0.251,0.737,0.528,0.496,0.39,0.89,0.674,0.615,0.553
6,6,news,19960,9.1496,1.138,9.0915,0.0,0.1668,5.7526,3.7968,1.9558,1.8793,27,0.244,0.004,0.525,0.069,0.0,0.878,0.421,0.149,1.549,0.158,0.616,0.49,0.503,0.176,0.754,0.606,0.562,0.27,0.874,0.724,0.666,0.392
6,6,val,5988,8.0372,1.0,9.0915,0.0,0.1668,5.7526,3.7968,1.9558,1.8793,27,0.244,0.0041,0.598,0.142,0.0,0.959,0.491,0.296,1.868,0.131,0.48,0.343,0.339,0.127,0.638,0.483,0.447,0.208,0.798,0.667,0.607,0.336
6,7,code,19960,10.8135,1.02,13.4417,0.0,0.8554,5.9427,0.8569,5.0858,4.3439,23,0.431,0.004,0.658,0.017,0.0,0.387,0.931,0.051,0.167,0.36,0.848,0.722,0.751,0.499,0.971,0.943,0.76,0.572,0.992,0.983,0.776,0.61
6,7,dialogue,19960,10.5316,0.993,13.4417,0.0,0.8554,5.9427,0.8569,5.0858,4.3439,23,0.431,0.004,0.538,0.03,0.0,0.318,0.918,0.069,0.153,0.384,0.858,0.77,0.79,0.504,0.973,0.95,0.799,0.561,0.992,0.984,0.816,0.599
6,7,fiction,19960,10.8033,1.019,13.4417,0.0,0.8554,5.9427,0.8569,5.0858,4.3439,23,0.431,0.0038,0.584,0.017,0.0,0.308,0.915,0.059,0.158,0.381,0.865,0.766,0.789,0.495,0.966,0.945,0.799,0.549,0.986,0.976,0.816,0.584
6,7,math,19960,10.5584,0.996,13.4417,0.0,0.8554,5.9427,0.8569,5.0858,4.3439,23,0.431,0.0039,0.641,0.104,0.0,0.329,0.91,0.067,0.163,0.455,0.87,0.767,0.776,0.569,0.971,0.944,0.787,0.625,0.99,0.979,0.805,0.663
6,7,news,19960,10.9112,1.029,13.4417,0.0,0.8554,5.9427,0.8569,5.0858,4.3439,23,0.431,0.004,0.525,0.069,0.0,0.22,0.825,0.089,0.174,0.321,0.889,0.819,0.831,0.398,0.972,0.944,0.842,0.446,0.99,0.975,0.858,0.499
6,7,val,5988,10.6046,1.0,13.4417,0.0,0.8554,5.9427,0.8569,5.0858,4.3439,23,0.431,0.0041,0.598,0.142,0.0,0.261,0.912,0.079,0.179,0.384,0.885,0.82,0.814,0.475,0.973,0.95,0.827,0.528,0.99,0.981,0.842,0.577
6,8,code,19960,10.8042,1.099,14.0224,0.0,0.7532,5.9513,1.4028,4.5485,2.7793,37,0.38,0.004,0.658,0.017,0.0,0.524,0.772,0.054,0.377,0.388,0.784,0.646,0.658,0.523,0.924,0.848,0.671,0.632,0.978,0.932,0.696,0.701
6,8,dialogue,19960,10.0565,1.023,14.0224,0.0,0.7532,5.9513,1.4028,4.5485,2.7793,37,0.38,0.004,0.538,0.03,0.0,0.456,0.801,0.06,0.472,0.305,0.769,0.693,0.707,0.389,0.913,0.861,0.721,0.493,0.974,0.94,0.75,0.568
6,8,fiction,19960,9.8116,0.998,14.0224,0.0,0.7532,5.9513,1.4028,4.5485,2.7793,37,0.38,0.0038,0.584,0.017,0.0,0.442,0.754,0.045,0.554,0.296,0.788,0.707,0.728,0.376,0.914,0.856,0.74,0.462,0.967,0.933,0.78,0.532
6,8,math,19960,10.1367,1.031,14.0224,0.0,0.7532,5.9513,1.4028,4.5485,2.7793,37,0.38,0.0039,0.641,0.104,0.0,0.522,0.807,0.06,0.452,0.428,0.787,0.675,0.676,0.547,0.92,0.858,0.692,0.643,0.975,0.935,0.723,0.708
6,8,news,19960,9.9947,1.016,14.0224,0.0,0.7532,5.9513,1.4028,4.5485,2.7793,37,0.38,0.004,0.525,0.069,0.0,0.379,0.797,0.079,0.45,0.299,0.811,0.747,0.751,0.386,0.933,0.888,0.766,0.47,0.98,0.95,0.791,0.541
6,8,val,5988,9.8333,1.0,14.0224,0.0,0.7532,5.9513,1.4028,4.5485,2.7793,37,0.38,0.0041,0.598,0.142,0.0,0.489,0.795,0.08,0.492,0.347,0.783,0.709,0.705,0.446,0.916,0.861,0.722,0.537,0.971,0.937,0.762,0.613
6,9,code,19960,10.5138,1.198,11.209,0.0,0.6857,5.9082,1.6965,4.2117,3.0771,35,0.426,0.004,0.658,0.017,0.0,0.639,0.823,0.063,0.339,0.152,0.745,0.588,0.617,0.3,0.879,0.822,0.639,0.44,0.951,0.908,0.669,0.543
6,9,dialogue,19960,10.0956,1.151,11.209,0.0,0.6857,5.9082,1.6965,4.2117,3.0771,35,0.426,0.004,0.538,0.03,0.0,0.788,0.836,0.073,0.328,0.141,0.685,0.51,0.529,0.32,0.834,0.769,0.556,0.488,0.93,0.882,0.599,0.608
6,9,fiction,19960,10.0215,1.142,11.209,0.0,0.6857,5.9082,1.6965,4.2117,3.0771,35,0.426,0.0038,0.584,0.017,0.0,0.772,0.833,0.071,0.384,0.153,0.659,0.534,0.561,0.274,0.807,0.751,0.593,0.409,0.906,0.852,0.633,0.531
6,9,math,19960,9.7002,1.106,11.209,0.0,0.6857,5.9082,1.6965,4.2117,3.0771,35,0.426,0.0039,0.641,0.104,0.0,0.709,0.827,0.08,0.365,0.176,0.688,0.554,0.563,0.324,0.833,0.77,0.596,0.466,0.924,0.872,0.638,0.58
6,9,news,19960,9.2219,1.051,11.209,0.0,0.6857,5.9082,1.6965,4.2117,3.0771,35,0.426,0.004,0.525,0.069,0.0,0.552,0.866,0.097,0.395,0.151,0.762,0.675,0.677,0.269,0.892,0.85,0.707,0.389,0.957,0.931,0.736,0.485
6,9,val,5988,8.7742,1.0,11.209,0.0,0.6857,5.9082,1.6965,4.2117,3.0771,35,0.426,0.0041,0.598,0.142,0.0,0.726,0.807,0.091,0.567,0.166,0.686,0.591,0.583,0.272,0.825,0.761,0.618,0.4,0.921,0.879,0.671,0.524
6,10,code,19960,9.212,1.047,15.619,0.0,0.7917,5.9638,1.1074,4.8564,4.1334,30,0.147,0.004,0.658,0.017,0.0,0.711,0.957,0.053,0.282,0.448,0.779,0.663,0.554,0.654,0.94,0.898,0.569,0.794,0.988,0.979,0.605,0.838
6,10,dialogue,19960,9.4688,1.077,15.619,0.0,0.7917,5.9638,1.1074,4.8564,4.1334,30,0.147,0.004,0.538,0.03,0.0,0.541,0.959,0.059,0.207,0.53,0.84,0.75,0.643,0.743,0.969,0.944,0.656,0.828,0.993,0.988,0.686,0.851
6,10,fiction,19960,9.3751,1.066,15.619,0.0,0.7917,5.9638,1.1074,4.8564,4.1334,30,0.147,0.0038,0.584,0.017,0.0,0.624,0.962,0.056,0.213,0.466,0.817,0.705,0.592,0.693,0.956,0.923,0.608,0.812,0.991,0.983,0.64,0.846
6,10,math,19960,9.0862,1.033,15.619,0.0,0.7917,5.9638,1.1074,4.8564,4.1334,30,0.147,0.0039,0.641,0.104,0.0,0.659,0.956,0.054,0.245,0.499,0.828,0.724,0.561,0.72,0.957,0.919,0.577,0.848,0.991,0.983,0.614,0.882
6,10,news,19960,8.9357,1.016,15.619,0.0,0.7917,5.9638,1.1074,4.8564,4.1334,30,0.147,0.004,0.525,0.069,0.0,0.629,0.959,0.057,0.233,0.472,0.805,0.68,0.608,0.679,0.96,0.928,0.625,0.793,0.993,0.987,0.656,0.823
6,10,val,5988,8.7954,1.0,15.619,0.0,0.7917,5.9638,1.1074,4.8564,4.1334,30,0.147,0.0041,0.598,0.142,0.0,0.638,0.953,0.054,0.232,0.483,0.818,0.703,0.587,0.7,0.959,0.923,0.602,0.821,0.992,0.985,0.634,0.855
6,11,code,19960,10.1629,1.041,14.5705,0.0,0.5774,5.9512,1.6528,4.2984,3.9961,44,0.387,0.004,0.658,0.017,0.0,0.542,0.872,0.097,0.403,0.326,0.78,0.651,0.674,0.409,0.913,0.857,0.699,0.525,0.969,0.942,0.732,0.613
6,11,dialogue,19960,10.2519,1.05,14.5705,0.0,0.5774,5.9512,1.6528,4.2984,3.9961,44,0.387,0.004,0.538,0.03,0.0,0.61,0.878,0.093,0.441,0.388,0.758,0.644,0.655,0.453,0.894,0.845,0.685,0.57,0.956,0.93,0.72,0.647
6,11,fiction,19960,9.9832,1.022,14.5705,0.0,0.5774,5.9512,1.6528,4.2984,3.9961,44,0.387,0.0038,0.584,0.017,0.0,0.529,0.895,0.094,0.436,0.387,0.796,0.658,0.672,0.457,0.913,0.863,0.7,0.559,0.963,0.94,0.735,0.634
6,11,math,19960,9.922,1.016,14.5705,0.0,0.5774,5.9512,1.6528,4.2984,3.9961,44,0.387,0.0039,0.641,0.104,0.0,0.526,0.898,0.102,0.386,0.4,0.8,0.669,0.672,0.487,0.922,0.873,0.703,0.599,0.971,0.949,0.737,0.672
6,11,news,19960,9.9772,1.022,14.5705,0.0,0.5774,5.9512,1.6528,4.2984,3.9961,44,0.387,0.004,0.525,0.069,0.0,0.378,0.88,0.118,0.402,0.37,0.837,0.747,0.751,0.429,0.94,0.902,0.777,0.519,0.977,0.961,0.804,0.585
6,11,val,5988,9.765,1.0,14.5705,0.0,0.5774,5.9512,1.6528,4.2984,3.9961,44,0.387,0.0041,0.598,0.142,0.0,0.453,0.892,0.127,0.46,0.38,0.825,0.726,0.715,0.444,0.93,0.887,0.75,0.537,0.972,0.953,0.784,0.608
6,12,code,19960,11.2826,1.234,10.3127,0.0,0.238,5.7899,3.7245,2.0654,1.786,52,0.21,0.004,0.658,0.017,0.0,0.935,0.45,0.155,1.495,0.181,0.57,0.356,0.385,0.273,0.761,0.531,0.472,0.427,0.901,0.666,0.578,0.62
6,12,dialogue,19960,10.9917,1.202,10.3127,0.0,0.238,5.7899,3.7245,2.0654,1.786,52,0.21,0.004,0.538,0.03,0.0,0.938,0.62,0.167,1.105,0.158,0.583,0.372,0.393,0.299,0.773,0.565,0.485,0.456,0.906,0.703,0.555,0.654
6,12,fiction,19960,10.4155,1.139,10.3127,0.0,0.238,5.7899,3.7245,2.0654,1.786,52,0.21,0.0038,0.584,0.017,0.0,0.913,0.601,0.179,1.272,0.181,0.581,0.389,0.427,0.267,0.759,0.574,0.525,0.4,0.889,0.721,0.602,0.574
6,12,math,19960,10.5649,1.155,10.3127,0.0,0.238,5.7899,3.7245,2.0654,1.786,52,0.21,0.0039,0.641,0.104,0.0,0.955,0.467,0.164,1.623,0.2,0.541,0.344,0.354,0.282,0.731,0.504,0.449,0.426,0.878,0.645,0.539,0.596
6,12,news,19960,9.7185,1.063,10.3127,0.0,0.238,5.7899,3.7245,2.0654,1.786,52,0.21,0.004,0.525,0.069,0.0,0.926,0.507,0.168,1.617,0.208,0.596,0.432,0.448,0.263,0.783,0.605,0.539,0.401,0.909,0.742,0.64,0.565
6,12,val,5988,9.146,1.0,10.3127,0.0,0.238,5.7899,3.7245,2.0654,1.786,52,0.21,0.0041,0.598,0.142,0.0,0.959,0.45,0.182,1.841,0.19,0.525,0.356,0.352,0.22,0.704,0.511,0.463,0.339,0.853,0.651,0.554,0.499
6,13,code,19960,11.4371,1.043,11.388,0.0,0.418,5.9357,3.0709,2.8649,2.3127,44,0.368,0.004,0.658,0.017,0.0,0.736,0.44,0.125,1.069,0.093,0.671,0.505,0.539,0.169,0.808,0.647,0.591,0.3,0.911,0.762,0.636,0.458
6,13,dialogue,19960,12.8771,1.175,11.388,0.0,0.418,5.9357,3.0709,2.8649,2.3127,44,0.368,0.004,0.538,0.03,0.0,0.89,0.599,0.091,0.903,0.205,0.596,0.406,0.409,0.334,0.766,0.607,0.462,0.487,0.893,0.734,0.525,0.646
6,13,fiction,19960,12.4264,1.134,11.388,0.0,0.418,5.9357,3.0709,2.8649,2.3127,44,0.368,0.0038,0.584,0.017,0.0,0.82,0.562,0.081,1.166,0.18,0.634,0.44,0.459,0.279,0.787,0.624,0.499,0.424,0.9,0.75,0.562,0.579
6,13,math,19960,11.5944,1.058,11.388,0.0,0.418,5.9357,3.0709,2.8649,2.3127,44,0.368,0.0039,0.641,0.104,0.0,0.843,0.505,0.116,1.121,0.149,0.619,0.443,0.449,0.244,0.777,0.6,0.502,0.388,0.897,0.745,0.57,0.552
6,13,news,19960,11.5239,1.051,11.388,0.0,0.418,5.9357,3.0709,2.8649,2.3127,44,0.368,0.004,0.525,0.069,0.0,0.669,0.573,0.104,1.202,0.157,0.726,0.6,0.613,0.227,0.857,0.735,0.65,0.345,0.939,0.845,0.698,0.473
6,13,val,5988,10.9624,1.0,11.388,0.0,0.418,5.9357,3.0709,2.8649,2.3127,44,0.368,0.0041,0.598,0.142,0.0,0.825,0.481,0.117,1.264,0.153,0.637,0.466,0.46,0.228,0.784,0.609,0.513,0.358,0.899,0.739,0.593,0.514
6,14,code,19960,10.2658,1.04,12.5479,0.0,0.7062,5.928,1.5209,4.4071,3.3665,49,0.429,0.004,0.658,0.017,0.0,0.499,0.819,0.054,0.403,0.205,0.773,0.677,0.712,0.311,0.896,0.859,0.73,0.41,0.955,0.919,0.754,0.481
6,14,dialogue,19960,10.9754,1.112,12.5479,0.0,0.7062,5.928,1.5209,4.4071,3.3665,49,0.429,0.0054,0.398,0.211,0.0,0.6,0.886,0.065,0.353,0.302,0.761,0.645,0.658,0.451,0.896,0.859,0.681,0.564,0.957,0.92,0.718,0.647
6,14,fiction,19960,10.7027,1.084,12.5479,0.0,0.7062,5.928,1.5209,4.4071,3.3665,49,0.429,0.0048,0.598,0.189,0.0,0.574,0.859,0.056,0.386,0.252,0.762,0.635,0.658,0.398,0.891,0.851,0.679,0.516,0.951,0.917,0.712,0.596
6,14,math,19960,10.0993,1.023,12.5479,0.0,0.7062,5.928,1.5209,4.4071,3.3665,49,0.429,0.0042,0.595,0.162,0.0,0.574,0.813,0.069,0.444,0.282,0.759,0.648,0.656,0.416,0.89,0.839,0.68,0.526,0.953,0.915,0.717,0.6
6,14,news,19960,10.1759,1.031,12.5479,0.0,0.7062,5.928,1.5209,4.4071,3.3665,49,0.429,0.004,0.525,0.069,0.0,0.454,0.852,0.082,0.44,0.242,0.8,0.715,0.72,0.362,0.916,0.883,0.742,0.455,0.965,0.939,0.769,0.524
6,14,val,5988,9.873,1.0,12.5479,0.0,0.7062,5.928,1.5209,4.4071,3.3665,49,0.429,0.0041,0.598,0.142,0.0,0.509,0.837,0.094,0.459,0.252,0.784,0.696,0.687,0.375,0.903,0.86,0.715,0.477,0.959,0.93,0.755,0.554
6,15,code,19960,11.2818,1.058,13.5967,0.0,0.8601,5.9567,0.8113,5.1453,4.6166,29,0.49,0.004,0.658,0.017,0.0,0.216,0.93,0.045,0.147,0.355,0.916,0.802,0.833,0.448,0.981,0.967,0.84,0.495,0.993,0.986,0.852,0.54
6,15,dialogue,19960,10.3802,0.973,13.5967,0.0,0.8601,5.9567,0.8113,5.1453,4.6166,29,0.49,0.004,0.538,0.03,0.0,0.108,0.972,0.06,0.151,0.29,0.928,0.868,0.9,0.346,0.986,0.98,0.906,0.38,0.995,0.991,0.914,0.428
6,15,fiction,19960,10.6506,0.999,13.5967,0.0,0.8601,5.9567,0.8113,5.1453,4.6166,29,0.49,0.0038,0.584,0.017,0.0,0.166,0.956,0.05,0.148,0.308,0.919,0.829,0.862,0.387,0.978,0.968,0.869,0.426,0.991,0.984,0.88,0.473
6,15,math,19960,10.7208,1.005,13.5967,0.0,0.8601,5.9567,0.8113,5.1453,4.6166,29,0.49,0.0039,0.641,0.104,0.0,0.193,0.953,0.061,0.151,0.42,0.924,0.837,0.848,0.503,0.982,0.969,0.857,0.542,0.993,0.987,0.869,0.585
6,15,news,19960,10.7416,1.007,13.5967,0.0,0.8601,5.9567,0.8113,5.1453,4.6166,29,0.49,0.004,0.525,0.069,0.0,0.148,0.918,0.065,0.158,0.326,0.924,0.87,0.878,0.392,0.982,0.973,0.885,0.429,0.993,0.988,0.897,0.482
6,15,val,5988,10.6648,1.0,13.5967,0.0,0.8601,5.9567,0.8113,5.1453,4.6166,29,0.49,0.0041,0.598,0.142,0.0,0.176,0.954,0.099,0.156,0.37,0.926,0.863,0.859,0.452,0.982,0.972,0.871,0.493,0.993,0.989,0.885,0.544
7,0,code,19960,9.7622,1.104,11.025,0.0,0.6012,5.9461,2.0575,3.8886,3.402,52,0.445,0.004,0.658,0.017,0.0,0.569,0.829,0.057,0.537,0.288,0.779,0.644,0.67,0.391,0.914,0.85,0.687,0.523,0.97,0.942,0.722,0.609
7,0,dialogue,19960,9.5536,1.08,11.025,0.0,0.6012,5.9461,2.0575,3.8886,3.402,52,0.445,0.004,0.538,0.03,0.0,0.599,0.899,0.06,0.44,0.251,0.773,0.637,0.656,0.395,0.912,0.864,0.675,0.53,0.97,0.948,0.711,0.616
7,0,fiction,19960,9.6103,1.087,11.025,0.0,0.6012,5.9461,2.0575,3.8886,3.402,52,0.445,0.0038,0.584,0.017,0.0,0.55,0.844,0.057,0.604,0.183,0.77,0.639,0.675,0.273,0.889,0.825,0.692,0.397,0.951,0.922,0.727,0.502
7,0,math,19960,9.3049,1.052,11.025,0.0,0.6012,5.9461,2.0575,3.8886,3.402,52,0.445,0.0039,0.641,0.104,0.0,0.548,0.864,0.077,0.485,0.26,0.776,0.658,0.668,0.381,0.907,0.849,0.69,0.506,0.965,0.937,0.729,0.594
7,0,news,19960,9.2169,1.042,11.025,0.0,0.6012,5.9461,2.0575,3.8886,3.402,52,0.445,0.004,0.525,0.069,0.0,0.501,0.853,0.087,0.622,0.203,0.791,0.702,0.71,0.286,0.918,0.864,0.733,0.406,0.972,0.952,0.764,0.494
7,0,val,5988,8.8437,1.0,11.025,0.0,0.6012,5.9461,2.0575,3.8886,3.402,52,0.445,0.0041,0.598,0.142,0.0,0.628,0.851,0.09,0.616,0.22,0.753,0.655,0.647,0.316,0.889,0.83,0.675,0.455,0.958,0.934,0.718,0.556
7,1,code,19960,11.139,1.234,8.8047,0.0,0.1882,5.8384,4.1955,1.6429,1.3664,40,0.424,0.004,0.658,0.017,0.0,0.862,0.205,0.044,2.16,0.231,0.651,0.496,0.502,0.255,0.818,0.564,0.528,0.387,0.928,0.637,0.607,0.546
7,1,dialogue,19960,10.5207,1.166,8.8047,0.0,0.1882,5.8384,4.1955,1.6429,1.3664,40,0.424,0.0048,0.448,0.168,0.0,0.778,0.157,0.041,1.946,0.156,0.696,0.582,0.595,0.184,0.812,0.635,0.626,0.26,0.901,0.692,0.671,0.381
7,1,fiction,19960,10.3999,1.152,8.8047,0.0,0.1882,5.8384,4.1955,1.6429,1.3664,40,0.424,0.004,0.568,0.086,0.0,0.836,0.227,0.056,2.128,0.182,0.668,0.531,0.547,0.161,0.788,0.61,0.578,0.246,0.886,0.701,0.689,0.376
7,1,math,19960,10.6958,1.185,8.8047,0.0,0.1882,5.8384,4.1955,1.6429,1.3664,40,0.424,0.004,0.617,0.128,0.0,0.865,0.215,0.057,2.125,0.276,0.646,0.49,0.495,0.248,0.787,0.559,0.53,0.356,0.895,0.651,0.622,0.483
7,1,news,19960,10.0467,1.113,8.8047,0.0,0.1882,5.8384,4.1955,1.6429,1.3664,40,0.424,0.004,0.525,0.069,0.0,0.883,0.313,0.195,2.122,0.241,0.633,0.499,0.5,0.184,0.762,0.583,0.547,0.279,0.871,0.68,0.641,0.4
7,1,val,5988,9.0255,1.0,8.8047,0.0,0.1882,5.8384,4.1955,1.6429,1.3664,40,0.424,0.0041,0.598,0.142,0.0,0.889,0.331,0.137,2.376,0.209,0.629,0.5,0.5,0.14,0.741,0.585,0.537,0.21,0.843,0.684,0.624,0.308
7,2,code,19960,11.4957,1.135,10.8155,0.0,0.4657,5.94,2.8828,3.0572,2.329,29,0.483,0.004,0.658,0.017,0.0,0.643,0.422,0.147,1.337,0.146,0.701,0.596,0.618,0.177,0.82,0.702,0.656,0.262,0.912,0.787,0.697,0.381
7,2,dialogue,19960,10.7792,1.064,10.8155,0.0,0.4657,5.94,2.8828,3.0572,2.329,29,0.483,0.004,0.538,0.03,0.0,0.674,0.556,0.106,0.881,0.237,0.678,0.601,0.613,0.286,0.806,0.719,0.648,0.364,0.897,0.8,0.693,0.475
7,2,fiction,19960,10.836,1.07,10.8155,0.0,0.4657,5.94,2.8828,3.0572,2.329,29,0.483,0.0038,0.584,0.017,0.0,0.617,0.655,0.081,0.958,0.253,0.727,0.614,0.631,0.315,0.847,0.76,0.661,0.411,0.922,0.847,0.708,0.516
7,2,math,19960,10.9239,1.079,10.8155,0.0,0.4657,5.94,2.8828,3.0572,2.329,29,0.483,0.0039,0.641,0.104,0.0,0.723,0.53,0.13,1.093,0.236,0.677,0.557,0.564,0.295,0.813,0.686,0.603,0.398,0.908,0.782,0.661,0.516
7,2,news,19960,10.5111,1.038,10.8155,0.0,0.4657,5.94,2.8828,3.0572,2.329,29,0.483,0.004,0.525,0.069,0.0,0.469,0.641,0.125,1.053,0.218,0.787,0.714,0.714,0.257,0.898,0.826,0.748,0.339,0.956,0.9,0.786,0.432
7,2,val,5988,10.1263,1.0,10.8155,0.0,0.4657,5.94,2.8828,3.0572,2.329,29,0.483,0.0041,0.598,0.142,0.0,0.682,0.547,0.115,1.267,0.208,0.702,0.611,0.606,0.232,0.82,0.718,0.653,0.321,0.907,0.814,0.709,0.431
7,3,code,19960,13.3938,1.184,10.7569,0.0,0.27,5.8036,3.8999,1.9036,1.6421,29,0.593,0.004,0.658,0.017,0.0,0.509,0.249,0.32,2.155,0.047,0.867,0.593,0.595,0.097,0.944,0.671,0.688,0.162,0.982,0.744,0.742,0.279
7,3,dialogue,19960,12.4775,1.103,10.7569,0.0,0.27,5.8036,3.8999,1.9036,1.6421,29,0.593,0.004,0.538,0.03,0.0,0.407,0.221,0.283,2.069,0.048,0.868,0.68,0.68,0.097,0.945,0.731,0.766,0.141,0.98,0.799,0.812,0.231
7,3,fiction,19960,12.093,1.069,10.7569,0.0,0.27,5.8036,3.8999,1.9036,1.6421,29,0.593,0.0038,0.584,0.017,0.0,0.328,0.239,0.233,2.005,0.046,0.856,0.746,0.746,0.062,0.922,0.791,0.806,0.104,0.968,0.842,0.858,0.192
7,3,math,19960,12.6095,1.115,10.7569,0.0,0.27,5.8036,3.8999,1.9036,1.6421,29,0.593,0.0039,0.641,0.104,0.0,0.604,0.267,0.306,2.158,0.074,0.816,0.524,0.525,0.119,0.911,0.622,0.638,0.191,0.967,0.714,0.721,0.301
7,3,news,19960,12.1461,1.074,10.7569,0.0,0.27,5.8036,3.8999,1.9036,1.6421,29,0.593,0.004,0.525,0.069,0.0,0.298,0.318,0.307,2.124,0.068,0.888,0.761,0.761,0.074,0.94,0.821,0.824,0.117,0.973,0.869,0.855,0.188
7,3,val,5988,11.3093,1.0,10.7569,0.0,0.27,5.8036,3.8999,1.9036,1.6421,29,0.593,0.0041,0.598,0.142,0.0,0.499,0.374,0.344,2.146,0.08,0.849,0.606,0.606,0.09,0.924,0.718,0.711,0.139,0.969,0.8,0.773,0.217
7,4,code,19960,11.4236,1.275,9.1106,0.0,0.2662,5.7534,4.0064,1.747,1.4245,40,0.339,0.004,0.658,0.017,0.0,0.78,0.14,0.097,1.58,0.074,0.669,0.49,0.514,0.18,0.821,0.555,0.519,0.285,0.93,0.639,0.627,0.434
7,4,dialogue,19960,10.7628,1.201,9.1106,0.0,0.2662,5.7534,4.0064,1.747,1.4245,40,0.339,0.004,0.538,0.03,0.0,0.869,0.244,0.07,1.474,0.074,0.609,0.407,0.414,0.199,0.777,0.467,0.435,0.291,0.906,0.617,0.606,0.46
7,4,fiction,19960,10.227,1.141,9.1106,0.0,0.2662,5.7534,4.0064,1.747,1.4245,40,0.339,0.0038,0.584,0.017,0.0,0.802,0.263,0.041,1.528,0.068,0.661,0.514,0.528,0.158,0.805,0.572,0.532,0.248,0.914,0.707,0.7,0.383
7,4,math,19960,10.596,1.182,9.1106,0.0,0.2662,5.7534,4.0064,1.747,1.4245,40,0.339,0.0039,0.641,0.104,0.0,0.813,0.211,0.092,1.54,0.098,0.648,0.474,0.482,0.182,0.79,0.544,0.501,0.274,0.901,0.658,0.639,0.406
7,4,news,19960,10.1444,1.132,9.1106,0.0,0.2662,5.7534,4.0064,1.747,1.4245,40,0.339,0.004,0.525,0.069,0.0,0.687,0.212,0.118,1.521,0.08,0.698,0.558,0.57,0.137,0.817,0.626,0.601,0.216,0.914,0.714,0.692,0.324
7,4,val,5988,8.9622,1.0,9.1106,0.0,0.2662,5.7534,4.0064,1.747,1.4245,40,0.339,0.0041,0.598,0.142,0.0,0.889,0.436,0.265,1.852,0.088,0.573,0.407,0.404,0.11,0.706,0.533,0.506,0.183,0.837,0.678,0.636,0.298
7,5,code,19960,11.1867,1.061,15.9724,0.0,0.7654,5.9393,1.3635,4.5757,3.6797,48,0.246,0.004,0.658,0.017,0.0,0.528,0.845,0.067,0.315,0.442,0.809,0.649,0.66,0.613,0.947,0.883,0.675,0.715,0.987,0.955,0.708,0.769
7,5,dialogue,19960,10.9342,1.037,15.9724,0.0,0.7654,5.9393,1.3635,4.5757,3.6797,48,0.246,0.004,0.538,0.03,0.0,0.622,0.901,0.06,0.266,0.389,0.78,0.617,0.621,0.591,0.942,0.89,0.636,0.714,0.987,0.969,0.677,0.773
7,5,fiction,19960,11.1266,1.056,15.9724,0.0,0.7654,5.9393,1.3635,4.5757,3.6797,48,0.246,0.0038,0.584,0.017,0.0,0.562,0.869,0.076,0.319,0.366,0.797,0.618,0.634,0.534,0.936,0.873,0.654,0.651,0.982,0.955,0.692,0.717
7,5,math,19960,10.8717,1.031,15.9724,0.0,0.7654,5.9393,1.3635,4.5757,3.6797,48,0.246,0.0039,0.641,0.104,0.0,0.508,0.864,0.065,0.304,0.489,0.823,0.678,0.675,0.646,0.95,0.899,0.689,0.737,0.987,0.966,0.724,0.785
7,5,news,19960,10.8672,1.031,15.9724,0.0,0.7654,5.9393,1.3635,4.5757,3.6797,48,0.246,0.004,0.525,0.069,0.0,0.455,0.897,0.083,0.314,0.454,0.83,0.706,0.708,0.596,0.96,0.921,0.725,0.686,0.993,0.979,0.753,0.732
7,5,val,5988,10.5411,1.0,15.9724,0.0,0.7654,5.9393,1.3635,4.5757,3.6797,48,0.246,0.0041,0.598,0.142,0.0,0.493,0.852,0.083,0.347,0.451,0.818,0.694,0.685,0.595,0.941,0.893,0.704,0.691,0.983,0.961,0.737,0.747
7,6,code,19960,12.1976,1.149,10.8145,0.0,0.3873,5.8319,3.5648,2.2671,1.5234,13,0.357,0.004,0.658,0.017,0.0,0.843,0.41,0.269,1.244,0.075,0.633,0.403,0.446,0.19,0.792,0.588,0.558,0.306,0.915,0.718,0.637,0.477
7,6,dialogue,19960,11.5927,1.092,10.8145,0.0,0.3873,5.8319,3.5648,2.2671,1.5234,13,0.357,0.004,0.531,0.05,0.0,0.842,0.547,0.181,1.116,0.051,0.649,0.447,0.481,0.141,0.795,0.633,0.565,0.236,0.912,0.743,0.646,0.412
7,6,fiction,19960,11.0418,1.04,10.8145,0.0,0.3873,5.8319,3.5648,2.2671,1.5234,13,0.357,0.0039,0.59,0.037,0.0,0.767,0.518,0.186,1.021,0.052,0.676,0.509,0.559,0.142,0.801,0.68,0.634,0.241,0.906,0.779,0.707,0.393
7,6,math,19960,11.6784,1.1,10.8145,0.0,0.3873,5.8319,3.5648,2.2671,1.5234,13,0.357,0.0039,0.641,0.104,0.0,0.872,0.409,0.238,1.213,0.082,0.622,0.399,0.413,0.209,0.78,0.56,0.525,0.325,0.907,0.701,0.615,0.487
7,6,news,19960,11.2412,1.059,10.8145,0.0,0.3873,5.8319,3.5648,2.2671,1.5234,13,0.357,0.004,0.525,0.069,0.0,0.774,0.466,0.191,1.414,0.074,0.705,0.56,0.576,0.152,0.83,0.692,0.652,0.238,0.921,0.79,0.715,0.367
7,6,val,5988,10.6151,1.0,10.8145,0.0,0.3873,5.8319,3.5648,2.2671,1.5234,13,0.357,0.0041,0.598,0.142,0.0,0.894,0.417,0.21,1.771,0.071,0.618,0.428,0.43,0.147,0.764,0.564,0.53,0.23,0.885,0.697,0.625,0.36
7,7,code,19960,12.7989,1.144,11.8733,0.0,0.6245,5.8798,2.1298,3.75,2.779,39,0.562,0.004,0.658,0.017,0.0,0.444,0.674,0.084,0.501,0.132,0.843,0.657,0.692,0.253,0.943,0.847,0.714,0.392,0.982,0.925,0.747,0.484
7,7,dialogue,19960,12.1113,1.083,11.8733,0.0,0.6245,5.8798,2.1298,3.75,2.779,39,0.562,0.0041,0.524,0.07,0.0,0.513,0.741,0.072,0.564,0.113,0.811,0.626,0.662,0.234,0.918,0.826,0.687,0.387,0.969,0.911,0.727,0.499
7,7,fiction,19960,11.6435,1.041,11.8733,0.0,0.6245,5.8798,2.1298,3.75,2.779,39,0.562,0.0038,0.584,0.017,0.0,0.466,0.749,0.067,0.655,0.127,0.799,0.659,0.705,0.226,0.898,0.832,0.73,0.338,0.956,0.904,0.771,0.437
7,7,math,19960,11.8163,1.056,11.8733,0.0,0.6245,5.8798,2.1298,3.75,2.779,39,0.562,0.0039,0.641,0.104,0.0,0.46,0.687,0.105,0.647,0.175,0.813,0.666,0.683,0.282,0.912,0.825,0.715,0.396,0.964,0.907,0.757,0.491
7,7,news,19960,11.5317,1.031,11.8733,0.0,0.6245,5.8798,2.1298,3.75,2.779,39,0.562,0.004,0.525,0.069,0.0,0.236,0.767,0.173,0.716,0.122,0.871,0.792,0.806,0.189,0.944,0.903,0.835,0.272,0.979,0.953,0.859,0.357
7,7,val,5988,11.1847,1.0,11.8733,0.0,0.6245,5.8798,2.1298,3.75,2.779,39,0.562,0.0041,0.598,0.142,0.0,0.355,0.684,0.176,0.819,0.14,0.836,0.748,0.741,0.203,0.918,0.852,0.779,0.299,0.965,0.922,0.817,0.392
7,8,code,19960,10.6735,1.072,12.0661,0.0,0.7911,5.9453,1.2459,4.6994,3.1047,28,0.221,0.004,0.658,0.017,0.0,0.682,0.672,0.057,0.454,0.49,0.722,0.595,0.607,0.565,0.879,0.773,0.624,0.67,0.952,0.884,0.671,0.746
7,8,dialogue,19960,10.4008,1.045,12.0661,0.0,0.7911,5.9453,1.2459,4.6994,3.1047,28,0.221,0.0066,0.326,0.291,0.0,0.592,0.737,0.053,0.372,0.484,0.743,0.645,0.655,0.569,0.9,0.817,0.669,0.675,0.961,0.916,0.715,0.755
7,8,fiction,19960,10.298,1.034,12.0661,0.0,0.7911,5.9453,1.2459,4.6994,3.1047,28,0.221,0.0048,0.552,0.215,0.0,0.59,0.756,0.054,0.386,0.466,0.754,0.651,0.668,0.566,0.904,0.831,0.682,0.658,0.96,0.919,0.722,0.721
7,8,math,19960,10.3368,1.038,12.0661,0.0,0.7911,5.9453,1.2459,4.6994,3.1047,28,0.221,0.0046,0.571,0.243,0.0,0.569,0.731,0.055,0.398,0.547,0.778,0.667,0.668,0.634,0.916,0.835,0.684,0.72,0.968,0.924,0.725,0.778
7,8,news,19960,10.0561,1.01,12.0661,0.0,0.7911,5.9453,1.2459,4.6994,3.1047,28,0.221,0.004,0.525,0.069,0.0,0.458,0.776,0.061,0.349,0.501,0.8,0.722,0.727,0.595,0.942,0.883,0.74,0.669,0.981,0.954,0.77,0.715
7,8,val,5988,9.956,1.0,12.0661,0.0,0.7911,5.9453,1.2459,4.6994,3.1047,28,0.221,0.0041,0.598,0.142,0.0,0.509,0.737,0.054,0.37,0.523,0.784,0.703,0.697,0.603,0.923,0.85,0.711,0.679,0.971,0.933,0.751,0.738
7,9,code,19960,12.1849,1.257,12.2497,0.0,0.4523,5.8081,2.8215,2.9867,2.3294,32,0.451,0.004,0.658,0.017,0.0,0.479,0.552,0.03,0.644,0.478,0.846,0.654,0.664,0.568,0.946,0.772,0.677,0.671,0.981,0.903,0.694,0.726
7,9,dialogue,19960,10.7562,1.109,12.2497,0.0,0.4523,5.8081,2.8215,2.9867,2.3294,32,0.451,0.004,0.538,0.03,0.0,0.726,0.479,0.068,0.794,0.27,0.731,0.538,0.54,0.364,0.859,0.654,0.58,0.521,0.934,0.835,0.623,0.626
7,9,fiction,19960,10.4942,1.082,12.2497,0.0,0.4523,5.8081,2.8215,2.9867,2.3294,32,0.451,0.0038,0.584,0.017,0.0,0.62,0.263,0.072,1.118,0.122,0.745,0.569,0.608,0.16,0.854,0.632,0.64,0.258,0.934,0.768,0.676,0.392
7,9,math,19960,10.532,1.086,12.2497,0.0,0.4523,5.8081,2.8215,2.9867,2.3294,32,0.451,0.0039,0.641,0.104,0.0,0.631,0.592,0.134,0.755,0.312,0.757,0.595,0.597,0.396,0.884,0.726,0.643,0.52,0.954,0.866,0.688,0.617
7,9,news,19960,10.3409,1.066,12.2497,0.0,0.4523,5.8081,2.8215,2.9867,2.3294,32,0.451,0.004,0.525,0.069,0.0,0.719,0.457,0.145,1.202,0.184,0.73,0.583,0.593,0.229,0.863,0.686,0.645,0.359,0.948,0.836,0.696,0.496
7,9,val,5988,9.6962,1.0,12.2497,0.0,0.4523,5.8081,2.8215,2.9867,2.3294,32,0.451,0.0041,0.598,0.142,0.0,0.662,0.621,0.35,1.151,0.205,0.745,0.62,0.623,0.236,0.862,0.742,0.702,0.346,0.939,0.863,0.762,0.464
7,10,code,19960,12.5351,1.165,10.5939,0.0,0.3919,5.8238,3.3309,2.4929,1.6007,28,0.411,0.004,0.658,0.017,0.0,0.658,0.315,0.133,1.545,0.069,0.815,0.481,0.515,0.151,0.919,0.627,0.576,0.266,0.972,0.7,0.607,0.422
7,10,dialogue,19960,11.5944,1.078,10.5939,0.0,0.3919,5.8238,3.3309,2.4929,1.6007,28,0.411,0.004,0.538,0.03,0.0,0.623,0.333,0.102,1.122,0.062,0.795,0.535,0.564,0.126,0.895,0.653,0.619,0.244,0.959,0.702,0.669,0.408
7,10,fiction,19960,11.5909,1.077,10.5939,0.0,0.3919,5.8238,3.3309,2.4929,1.6007,28,0.411,0.0038,0.584,0.017,0.0,0.469,0.476,0.107,1.018,0.077,0.821,0.642,0.677,0.169,0.905,0.778,0.719,0.254,0.958,0.823,0.752,0.369
7,10,math,19960,11.9485,1.111,10.5939,0.0,0.3919,5.8238,3.3309,2.4929,1.6007,28,0.411,0.0039,0.641,0.104,0.0,0.645,0.343,0.135,1.53,0.112,0.81,0.522,0.536,0.194,0.907,0.648,0.601,0.302,0.962,0.718,0.653,0.43
7,10,news,19960,11.4983,1.069,10.5939,0.0,0.3919,5.8238,3.3309,2.4929,1.6007,28,0.411,0.004,0.525,0.069,0.0,0.426,0.303,0.183,1.657,0.085,0.836,0.686,0.699,0.116,0.908,0.768,0.754,0.168,0.953,0.816,0.783,0.243
7,10,val,5988,10.7574,1.0,10.5939,0.0,0.3919,5.8238,3.3309,2.4929,1.6007,28,0.411,0.0041,0.598,0.142,0.0,0.78,0.307,0.133,1.961,0.102,0.753,0.491,0.479,0.121,0.858,0.593,0.535,0.194,0.929,0.68,0.592,0.307
7,11,code,19960,10.8158,1.007,11.2555,0.0,0.456,5.9002,2.9127,2.9875,2.2005,24,0.265,0.004,0.658,0.017,0.0,0.785,0.58,0.151,1.065,0.157,0.682,0.525,0.562,0.248,0.84,0.686,0.609,0.398,0.936,0.833,0.711,0.532
7,11,dialogue,19960,11.4,1.061,11.2555,0.0,0.456,5.9002,2.9127,2.9875,2.2005,24,0.265,0.0046,0.462,0.147,0.0,0.753,0.715,0.103,0.715,0.212,0.689,0.544,0.56,0.306,0.838,0.722,0.61,0.46,0.925,0.849,0.668,0.588
7,11,fiction,19960,11.3395,1.055,11.2555,0.0,0.456,5.9002,2.9127,2.9875,2.2005,24,0.265,0.0039,0.59,0.037,0.0,0.7,0.667,0.106,0.871,0.225,0.718,0.555,0.579,0.312,0.856,0.727,0.62,0.45,0.936,0.855,0.691,0.573
7,11,math,19960,11.0405,1.027,11.2555,0.0,0.456,5.9002,2.9127,2.9875,2.2005,24,0.265,0.0041,0.622,0.162,0.0,0.854,0.625,0.163,0.97,0.232,0.662,0.485,0.488,0.331,0.829,0.67,0.559,0.491,0.931,0.82,0.66,0.624
7,11,news,19960,11.1808,1.04,11.2555,0.0,0.456,5.9002,2.9127,2.9875,2.2005,24,0.265,0.004,0.525,0.069,0.0,0.779,0.611,0.154,1.132,0.262,0.705,0.56,0.563,0.327,0.866,0.715,0.622,0.47,0.948,0.847,0.707,0.585
7,11,val,5988,10.7457,1.0,11.2555,0.0,0.456,5.9002,2.9127,2.9875,2.2005,24,0.265,0.0041,0.598,0.142,0.0,0.868,0.606,0.193,1.194,0.259,0.659,0.478,0.468,0.33,0.824,0.651,0.552,0.491,0.926,0.803,0.643,0.622
7,12,code,19960,12.1406,1.119,10.7158,0.0,0.3796,5.8864,3.608,2.2784,1.6164,58,0.295,0.004,0.658,0.017,0.0,0.829,0.509,0.199,1.232,0.161,0.679,0.427,0.46,0.251,0.839,0.618,0.511,0.407,0.94,0.76,0.595,0.581
7,12,dialogue,19960,11.6117,1.07,10.7158,0.0,0.3796,5.8864,3.608,2.2784,1.6164,58,0.295,0.0053,0.406,0.191,0.0,0.807,0.599,0.149,0.893,0.139,0.673,0.519,0.544,0.252,0.825,0.688,0.605,0.389,0.926,0.801,0.661,0.539
7,12,fiction,19960,11.3695,1.048,10.7158,0.0,0.3796,5.8864,3.608,2.2784,1.6164,58,0.295,0.0048,0.567,0.224,0.0,0.803,0.526,0.107,1.323,0.133,0.655,0.461,0.511,0.213,0.807,0.631,0.553,0.349,0.915,0.762,0.627,0.52
7,12,math,19960,11.9427,1.101,10.7158,0.0,0.3796,5.8864,3.608,2.2784,1.6164,58,0.295,0.0044,0.58,0.212,0.0,0.871,0.539,0.182,1.289,0.208,0.657,0.407,0.414,0.306,0.826,0.595,0.471,0.481,0.936,0.749,0.585,0.65
7,12,news,19960,11.385,1.049,10.7158,0.0,0.3796,5.8864,3.608,2.2784,1.6164,58,0.295,0.004,0.525,0.069,0.0,0.864,0.48,0.299,1.671,0.14,0.654,0.468,0.488,0.206,0.819,0.628,0.562,0.349,0.933,0.766,0.672,0.527
7,12,val,5988,10.8486,1.0,10.7158,0.0,0.3796,5.8864,3.608,2.2784,1.6164,58,0.295,0.0041,0.598,0.142,0.0,0.892,0.397,0.144,1.59,0.155,0.619,0.427,0.424,0.223,0.781,0.553,0.48,0.369,0.904,0.698,0.57,0.538
7,13,code,19960,9.2895,1.054,9.7981,0.0,0.4234,5.8953,3.1529,2.7424,2.0805,37,0.25,0.004,0.658,0.017,0.0,0.964,0.581,0.189,1.147,0.11,0.505,0.358,0.381,0.216,0.7,0.552,0.459,0.38,0.863,0.738,0.563,0.577
7,13,dialogue,19960,9.2451,1.048,9.7981,0.0,0.4234,5.8953,3.1529,2.7424,2.0805,37,0.25,0.005,0.426,0.185,0.0,0.967,0.651,0.139,0.787,0.103,0.504,0.381,0.401,0.211,0.681,0.57,0.482,0.36,0.831,0.738,0.54,0.552
7,13,fiction,19960,9.3706,1.063,9.7981,0.0,0.4234,5.8953,3.1529,2.7424,2.0805,37,0.25,0.0044,0.575,0.154,0.0,0.946,0.651,0.159,1.018,0.101,0.527,0.378,0.415,0.2,0.701,0.576,0.485,0.347,0.849,0.755,0.577,0.549
7,13,math,19960,9.0968,1.032,9.7981,0.0,0.4234,5.8953,3.1529,2.7424,2.0805,37,0.25,0.0042,0.614,0.162,0.0,0.971,0.612,0.199,1.057,0.13,0.499,0.346,0.347,0.258,0.697,0.54,0.436,0.435,0.86,0.739,0.546,0.623
7,13,news,19960,9.3164,1.057,9.7981,0.0,0.4234,5.8953,3.1529,2.7424,2.0805,37,0.25,0.004,0.525,0.069,0.0,0.964,0.683,0.23,1.11,0.126,0.556,0.435,0.437,0.236,0.748,0.635,0.521,0.397,0.895,0.809,0.629,0.574
7,13,val,5988,8.8176,1.0,9.7981,0.0,0.4234,5.8953,3.1529,2.7424,2.0805,37,0.25,0.0041,0.598,0.142,0.0,0.973,0.522,0.179,1.276,0.116,0.487,0.37,0.36,0.206,0.665,0.524,0.439,0.355,0.828,0.693,0.542,0.543
7,14,code,19960,11.2447,1.013,15.1996,0.0,0.8431,5.9586,0.9186,5.0399,4.346,40,0.453,0.004,0.658,0.017,0.0,0.279,0.931,0.052,0.194,0.319,0.901,0.759,0.797,0.417,0.981,0.96,0.804,0.479,0.994,0.984,0.82,0.529
7,14,dialogue,19960,10.8684,0.979,15.1996,0.0,0.8431,5.9586,0.9186,5.0399,4.346,40,0.453,0.004,0.538,0.03,0.0,0.098,0.971,0.088,0.161,0.37,0.932,0.865,0.9,0.416,0.99,0.982,0.905,0.446,0.995,0.992,0.913,0.487
7,14,fiction,19960,11.2514,1.013,15.1996,0.0,0.8431,5.9586,0.9186,5.0399,4.346,40,0.453,0.0038,0.584,0.017,0.0,0.215,0.957,0.06,0.184,0.41,0.915,0.8,0.832,0.503,0.984,0.971,0.839,0.545,0.993,0.987,0.851,0.584
7,14,math,19960,10.9863,0.99,15.1996,0.0,0.8431,5.9586,0.9186,5.0399,4.346,40,0.453,0.0039,0.641,0.104,0.0,0.258,0.953,0.055,0.183,0.44,0.91,0.796,0.809,0.541,0.984,0.965,0.816,0.589,0.994,0.986,0.832,0.625
7,14,news,19960,11.3731,1.024,15.1996,0.0,0.8431,5.9586,0.9186,5.0399,4.346,40,0.453,0.004,0.525,0.069,0.0,0.2,0.965,0.091,0.188,0.355,0.925,0.833,0.845,0.444,0.989,0.978,0.855,0.488,0.996,0.992,0.869,0.527
7,14,val,5988,11.1017,1.0,15.1996,0.0,0.8431,5.9586,0.9186,5.0399,4.346,40,0.453,0.0041,0.598,0.142,0.0,0.25,0.956,0.078,0.184,0.386,0.919,0.821,0.814,0.49,0.986,0.971,0.824,0.54,0.995,0.989,0.842,0.578
7,15,code,19960,12.6778,1.022,16.8375,0.0,0.5573,5.8999,2.1608,3.7391,3.0501,11,0.241,0.004,0.658,0.017,0.0,0.901,0.453,0.155,0.823,0.113,0.681,0.291,0.313,0.184,0.827,0.493,0.383,0.357,0.928,0.724,0.483,0.585
7,15,dialogue,19960,12.3321,0.994,16.8375,0.0,0.5573,5.8999,2.1608,3.7391,3.0501,11,0.241,0.004,0.538,0.03,0.0,0.939,0.482,0.131,0.59,0.082,0.588,0.307,0.318,0.145,0.749,0.488,0.386,0.311,0.881,0.698,0.475,0.54
7,15,fiction,19960,12.3062,0.992,16.8375,0.0,0.5573,5.8999,2.1608,3.7391,3.0501,11,0.241,0.0038,0.584,0.017,0.0,0.903,0.474,0.148,0.826,0.082,0.596,0.352,0.391,0.136,0.743,0.527,0.46,0.283,0.871,0.724,0.547,0.489
7,15,math,19960,12.5842,1.014,16.8375,0.0,0.5573,5.8999,2.1608,3.7391,3.0501,11,0.241,0.0039,0.641,0.104,0.0,0.923,0.459,0.147,0.74,0.115,0.635,0.282,0.28,0.192,0.783,0.481,0.362,0.365,0.898,0.694,0.455,0.584
7,15,news,19960,12.7683,1.029,16.8375,0.0,0.5573,5.8999,2.1608,3.7391,3.0501,11,0.241,0.004,0.525,0.069,0.0,0.869,0.518,0.122,0.751,0.112,0.709,0.442,0.448,0.169,0.842,0.628,0.51,0.342,0.932,0.822,0.575,0.541
7,15,val,5988,12.408,1.0,16.8375,0.0,0.5573,5.8999,2.1608,3.7391,3.0501,11,0.241,0.0041,0.598,0.142,0.0,0.933,0.422,0.19,0.905,0.105,0.635,0.321,0.304,0.147,0.782,0.481,0.401,0.274,0.897,0.673,0.508,0.491
8,0,code,19960,11.9768,1.196,9.8691,0.0,0.5182,5.9095,2.7249,3.1846,2.1767,49,0.184,0.004,0.658,0.017,0.0,0.862,0.472,0.083,1.137,0.39,0.681,0.374,0.377,0.386,0.838,0.553,0.42,0.536,0.934,0.703,0.482,0.673
8,0,dialogue,19960,10.4981,1.048,9.8691,0.0,0.5182,5.9095,2.7249,3.1846,2.1767,49,0.184,0.004,0.538,0.03,0.0,0.752,0.638,0.075,0.636,0.369,0.657,0.501,0.505,0.425,0.809,0.672,0.532,0.546,0.907,0.768,0.619,0.666
8,0,fiction,19960,10.3475,1.033,9.8691,0.0,0.5182,5.9095,2.7249,3.1846,2.1767,49,0.184,0.0038,0.584,0.017,0.0,0.673,0.639,0.071,0.728,0.405,0.718,0.56,0.574,0.456,0.857,0.734,0.6,0.571,0.928,0.818,0.662,0.666
8,0,math,19960,11.0858,1.107,9.8691,0.0,0.5182,5.9095,2.7249,3.1846,2.1767,49,0.184,0.0039,0.641,0.104,0.0,0.762,0.536,0.071,1.036,0.462,0.726,0.479,0.477,0.473,0.868,0.655,0.509,0.609,0.943,0.761,0.568,0.714
8,0,news,19960,10.4036,1.039,9.8691,0.0,0.5182,5.9095,2.7249,3.1846,2.1767,49,0.184,0.004,0.525,0.069,0.0,0.698,0.517,0.066,1.134,0.458,0.721,0.547,0.555,0.44,0.862,0.698,0.584,0.555,0.933,0.789,0.63,0.645
8,0,val,5988,10.016,1.0,9.8691,0.0,0.5182,5.9095,2.7249,3.1846,2.1767,49,0.184,0.0041,0.598,0.142,0.0,0.808,0.539,0.061,1.204,0.418,0.678,0.478,0.467,0.398,0.823,0.633,0.501,0.525,0.91,0.75,0.56,0.64
8,1,code,19960,10.8222,1.189,8.824,0.0,0.2416,5.9065,3.9876,1.9189,1.6043,49,0.164,0.004,0.658,0.017,0.0,0.942,0.24,0.052,2.008,0.272,0.524,0.363,0.383,0.284,0.705,0.448,0.423,0.412,0.855,0.569,0.531,0.569
8,1,dialogue,19960,10.3788,1.14,8.824,0.0,0.2416,5.9065,3.9876,1.9189,1.6043,49,0.164,0.0042,0.512,0.092,0.0,0.938,0.356,0.091,1.925,0.248,0.509,0.386,0.406,0.264,0.67,0.481,0.464,0.354,0.816,0.618,0.557,0.484
8,1,fiction,19960,10.1217,1.112,8.824,0.0,0.2416,5.9065,3.9876,1.9189,1.6043,49,0.164,0.0038,0.584,0.017,0.0,0.931,0.385,0.102,2.002,0.26,0.538,0.377,0.402,0.251,0.692,0.471,0.46,0.359,0.827,0.61,0.567,0.508
8,1,math,19960,10.2065,1.121,8.824,0.0,0.2416,5.9065,3.9876,1.9189,1.6043,49,0.164,0.0039,0.641,0.104,0.0,0.949,0.374,0.076,1.872,0.308,0.518,0.355,0.364,0.319,0.689,0.47,0.414,0.443,0.836,0.602,0.523,0.582
8,1,news,19960,9.8258,1.08,8.824,0.0,0.2416,5.9065,3.9876,1.9189,1.6043,49,0.164,0.004,0.525,0.069,0.0,0.943,0.413,0.059,2.034,0.306,0.555,0.407,0.41,0.285,0.722,0.524,0.449,0.417,0.854,0.666,0.545,0.563
8,1,val,5988,9.1021,1.0,8.824,0.0,0.2416,5.9065,3.9876,1.9189,1.6043,49,0.164,0.0041,0.598,0.142,0.0,0.96,0.357,0.088,2.182,0.291,0.493,0.336,0.331,0.25,0.649,0.448,0.388,0.358,0.793,0.582,0.506,0.487
8,2,code,19960,10.5014,1.099,14.2629,0.0,0.7744,5.9284,1.2874,4.641,3.6139,39,0.398,0.004,0.658,0.017,0.0,0.508,0.869,0.069,0.344,0.348,0.796,0.663,0.684,0.501,0.94,0.893,0.698,0.61,0.983,0.963,0.724,0.675
8,2,dialogue,19960,10.2074,1.069,14.2629,0.0,0.7744,5.9284,1.2874,4.641,3.6139,39,0.398,0.004,0.538,0.03,0.0,0.43,0.933,0.082,0.284,0.348,0.818,0.715,0.734,0.479,0.95,0.924,0.748,0.569,0.986,0.974,0.773,0.627
8,2,fiction,19960,10.1318,1.061,14.2629,0.0,0.7744,5.9284,1.2874,4.641,3.6139,39,0.398,0.0038,0.584,0.017,0.0,0.382,0.903,0.079,0.306,0.298,0.829,0.721,0.75,0.428,0.943,0.917,0.763,0.512,0.978,0.963,0.786,0.573
8,2,math,19960,10.0989,1.057,14.2629,0.0,0.7744,5.9284,1.2874,4.641,3.6139,39,0.398,0.0039,0.641,0.104,0.0,0.453,0.867,0.083,0.333,0.404,0.822,0.705,0.708,0.544,0.942,0.899,0.724,0.635,0.981,0.959,0.752,0.69
8,2,news,19960,10.0635,1.054,14.2629,0.0,0.7744,5.9284,1.2874,4.641,3.6139,39,0.398,0.004,0.525,0.069,0.0,0.305,0.878,0.122,0.329,0.298,0.855,0.775,0.785,0.417,0.962,0.934,0.801,0.492,0.99,0.977,0.823,0.552
8,2,val,5988,9.5519,1.0,14.2629,0.0,0.7744,5.9284,1.2874,4.641,3.6139,39,0.398,0.0041,0.598,0.142,0.0,0.372,0.865,0.101,0.347,0.35,0.839,0.756,0.752,0.472,0.948,0.915,0.768,0.558,0.982,0.967,0.795,0.614
8,3,code,19960,10.0727,1.153,10.5476,0.0,0.3967,5.9248,3.0711,2.8537,2.4616,46,0.213,0.004,0.658,0.017,0.0,0.927,0.591,0.184,1.084,0.138,0.572,0.372,0.386,0.274,0.762,0.576,0.467,0.431,0.908,0.761,0.582,0.613
8,3,dialogue,19960,9.416,1.077,10.5476,0.0,0.3967,5.9248,3.0711,2.8537,2.4616,46,0.213,0.004,0.538,0.03,0.0,0.977,0.618,0.238,0.984,0.133,0.455,0.301,0.3,0.225,0.648,0.493,0.386,0.38,0.831,0.698,0.514,0.589
8,3,fiction,19960,9.243,1.058,10.5476,0.0,0.3967,5.9248,3.0711,2.8537,2.4616,46,0.213,0.0038,0.584,0.017,0.0,0.951,0.609,0.188,1.172,0.126,0.5,0.356,0.381,0.186,0.678,0.529,0.454,0.321,0.845,0.737,0.572,0.509
8,3,math,19960,9.5466,1.092,10.5476,0.0,0.3967,5.9248,3.0711,2.8537,2.4616,46,0.213,0.0039,0.641,0.104,0.0,0.957,0.602,0.187,1.103,0.171,0.533,0.347,0.34,0.288,0.729,0.553,0.419,0.457,0.89,0.747,0.544,0.641
8,3,news,19960,9.1611,1.048,10.5476,0.0,0.3967,5.9248,3.0711,2.8537,2.4616,46,0.213,0.004,0.525,0.069,0.0,0.899,0.705,0.166,1.152,0.176,0.63,0.467,0.458,0.296,0.815,0.687,0.529,0.465,0.936,0.842,0.636,0.628
8,3,val,5988,8.7396,1.0,10.5476,0.0,0.3967,5.9248,3.0711,2.8537,2.4616,46,0.213,0.0041,0.598,0.142,0.0,0.955,0.591,0.201,1.218,0.146,0.48,0.348,0.328,0.214,0.663,0.517,0.419,0.359,0.835,0.708,0.542,0.55
8,4,code,19960,11.8033,1.047,16.061,0.0,0.2408,5.9262,2.495,3.4312,3.5223,28,0.166,0.004,0.658,0.017,0.0,0.194,0.53,0.076,2.12,0.882,0.884,0.829,0.827,0.819,0.987,0.891,0.835,0.833,0.997,0.952,0.857,0.853
8,4,dialogue,19960,11.3238,1.004,16.061,0.0,0.2408,5.9262,2.495,3.4312,3.5223,28,0.166,0.004,0.538,0.03,0.0,0.189,0.538,0.08,2.126,0.808,0.857,0.829,0.827,0.739,0.985,0.892,0.836,0.752,0.995,0.952,0.858,0.774
8,4,fiction,19960,11.3429,1.006,16.061,0.0,0.2408,5.9262,2.495,3.4312,3.5223,28,0.166,0.0038,0.584,0.017,0.0,0.27,0.518,0.073,2.136,0.796,0.843,0.788,0.786,0.72,0.978,0.862,0.797,0.744,0.994,0.935,0.823,0.767
8,4,math,19960,11.2739,1.0,16.061,0.0,0.2408,5.9262,2.495,3.4312,3.5223,28,0.166,0.0039,0.641,0.104,0.0,0.202,0.535,0.079,2.126,0.849,0.875,0.825,0.823,0.781,0.985,0.889,0.832,0.795,0.995,0.95,0.854,0.816
8,4,news,19960,11.1487,0.989,16.061,0.0,0.2408,5.9262,2.495,3.4312,3.5223,28,0.166,0.004,0.525,0.069,0.0,0.26,0.522,0.084,2.13,0.782,0.841,0.795,0.793,0.7,0.979,0.867,0.805,0.723,0.994,0.937,0.83,0.748
8,4,val,5988,11.2782,1.0,16.061,0.0,0.2408,5.9262,2.495,3.4312,3.5223,28,0.166,0.0041,0.598,0.142,0.0,0.216,0.533,0.086,2.127,0.811,0.862,0.815,0.813,0.734,0.983,0.881,0.823,0.754,0.995,0.945,0.846,0.777
8,5,code,19960,11.7799,1.202,9.3904,0.0,0.2317,5.9071,4.5509,1.3562,0.9886,19,0.158,0.004,0.658,0.017,0.0,0.895,0.184,0.111,2.26,0.362,0.637,0.361,0.381,0.334,0.802,0.458,0.452,0.461,0.915,0.525,0.501,0.612
8,5,dialogue,19960,11.4523,1.169,9.3904,0.0,0.2317,5.9071,4.5509,1.3562,0.9886,19,0.158,0.0049,0.439,0.16,0.0,0.889,0.215,0.09,1.957,0.334,0.638,0.422,0.436,0.345,0.809,0.513,0.492,0.454,0.921,0.594,0.534,0.591
8,5,fiction,19960,10.827,1.105,9.3904,0.0,0.2317,5.9071,4.5509,1.3562,0.9886,19,0.158,0.0044,0.586,0.14,0.0,0.875,0.222,0.092,2.093,0.325,0.624,0.443,0.462,0.324,0.793,0.539,0.526,0.441,0.907,0.615,0.573,0.573
8,5,math,19960,11.2857,1.152,9.3904,0.0,0.2317,5.9071,4.5509,1.3562,0.9886,19,0.158,0.004,0.617,0.141,0.0,0.904,0.176,0.093,2.312,0.384,0.62,0.358,0.372,0.341,0.783,0.443,0.438,0.465,0.901,0.522,0.486,0.601
8,5,news,19960,10.5417,1.076,9.3904,0.0,0.2317,5.9071,4.5509,1.3562,0.9886,19,0.158,0.004,0.525,0.069,0.0,0.869,0.182,0.067,2.481,0.354,0.653,0.466,0.485,0.266,0.809,0.547,0.529,0.365,0.903,0.618,0.565,0.473
8,5,val,5988,9.7991,1.0,9.3904,0.0,0.2317,5.9071,4.5509,1.3562,0.9886,19,0.158,0.0041,0.598,0.142,0.0,0.933,0.285,0.099,2.51,0.348,0.595,0.348,0.343,0.254,0.753,0.448,0.397,0.357,0.874,0.563,0.479,0.488
8,6,code,19960,11.6806,1.145,10.9871,0.0,0.6444,5.8522,2.5275,3.3247,2.25,63,0.418,0.004,0.658,0.017,0.0,0.685,0.395,0.101,0.988,0.083,0.736,0.465,0.496,0.205,0.863,0.609,0.54,0.338,0.944,0.738,0.6,0.496
8,6,dialogue,19960,10.7967,1.058,10.9871,0.0,0.6444,5.8522,2.5275,3.3247,2.25,63,0.418,0.004,0.538,0.03,0.0,0.74,0.474,0.105,0.783,0.075,0.664,0.471,0.491,0.175,0.797,0.61,0.553,0.299,0.905,0.753,0.608,0.479
8,6,fiction,19960,10.7724,1.056,10.9871,0.0,0.6444,5.8522,2.5275,3.3247,2.25,63,0.418,0.0038,0.584,0.017,0.0,0.672,0.497,0.079,0.869,0.089,0.689,0.539,0.572,0.178,0.808,0.664,0.617,0.288,0.905,0.782,0.665,0.434
8,6,math,19960,11.0651,1.085,10.9871,0.0,0.6444,5.8522,2.5275,3.3247,2.25,63,0.418,0.0039,0.641,0.104,0.0,0.766,0.414,0.128,0.931,0.099,0.689,0.444,0.449,0.216,0.823,0.578,0.516,0.345,0.92,0.715,0.58,0.505
8,6,news,19960,10.562,1.035,10.9871,0.0,0.6444,5.8522,2.5275,3.3247,2.25,63,0.418,0.004,0.525,0.069,0.0,0.481,0.511,0.143,1.033,0.078,0.791,0.671,0.672,0.148,0.883,0.764,0.715,0.243,0.946,0.854,0.754,0.376
8,6,val,5988,10.2007,1.0,10.9871,0.0,0.6444,5.8522,2.5275,3.3247,2.25,63,0.418,0.0041,0.598,0.142,0.0,0.722,0.425,0.135,1.035,0.092,0.695,0.501,0.49,0.165,0.816,0.613,0.547,0.267,0.911,0.731,0.625,0.429
8,7,code,19960,12.3928,1.093,11.4743,0.0,0.2766,5.9123,4.0831,1.8292,1.4748,44,0.134,0.004,0.65,0.037,0.0,0.921,0.389,0.312,1.832,0.212,0.612,0.32,0.301,0.273,0.784,0.45,0.462,0.442,0.911,0.576,0.516,0.633
8,7,dialogue,19960,12.0126,1.059,11.4743,0.0,0.2766,5.9123,4.0831,1.8292,1.4748,44,0.134,0.004,0.538,0.03,0.0,0.967,0.373,0.223,1.748,0.194,0.5,0.271,0.258,0.243,0.686,0.403,0.377,0.377,0.853,0.528,0.461,0.559
8,7,fiction,19960,11.9456,1.054,11.4743,0.0,0.2766,5.9123,4.0831,1.8292,1.4748,44,0.134,0.0039,0.577,0.041,0.0,0.969,0.362,0.274,1.873,0.214,0.538,0.282,0.287,0.264,0.724,0.416,0.429,0.415,0.876,0.541,0.51,0.596
8,7,math,19960,12.0946,1.067,11.4743,0.0,0.2766,5.9123,4.0831,1.8292,1.4748,44,0.134,0.0039,0.641,0.104,0.0,0.958,0.356,0.195,1.821,0.223,0.567,0.288,0.262,0.295,0.749,0.406,0.376,0.465,0.894,0.539,0.447,0.646
8,7,news,19960,12.4071,1.094,11.4743,0.0,0.2766,5.9123,4.0831,1.8292,1.4748,44,0.134,0.004,0.525,0.069,0.0,0.89,0.421,0.159,1.936,0.35,0.668,0.398,0.38,0.333,0.829,0.546,0.466,0.51,0.934,0.672,0.529,0.684
8,7,val,5988,11.338,1.0,11.4743,0.0,0.2766,5.9123,4.0831,1.8292,1.4748,44,0.134,0.0041,0.598,0.142,0.0,0.949,0.376,0.219,2.037,0.252,0.595,0.295,0.269,0.262,0.759,0.432,0.389,0.407,0.887,0.581,0.497,0.589
8,8,code,19960,11.1376,1.075,11.0464,0.0,0.3841,5.8793,2.9686,2.9107,2.581,53,0.322,0.004,0.658,0.017,0.0,0.816,0.656,0.109,1.093,0.236,0.697,0.488,0.507,0.331,0.868,0.692,0.543,0.504,0.96,0.864,0.6,0.645
8,8,dialogue,19960,10.7868,1.041,11.0464,0.0,0.3841,5.8793,2.9686,2.9107,2.581,53,0.322,0.0052,0.413,0.212,0.0,0.802,0.747,0.134,0.811,0.215,0.697,0.572,0.581,0.332,0.872,0.76,0.629,0.484,0.957,0.899,0.673,0.613
8,8,fiction,19960,10.7675,1.04,11.0464,0.0,0.3841,5.8793,2.9686,2.9107,2.581,53,0.322,0.0041,0.61,0.103,0.0,0.811,0.7,0.122,1.165,0.229,0.689,0.518,0.542,0.306,0.854,0.703,0.577,0.465,0.945,0.87,0.63,0.603
8,8,math,19960,10.9029,1.053,11.0464,0.0,0.3841,5.8793,2.9686,2.9107,2.581,53,0.322,0.0042,0.602,0.177,0.0,0.842,0.67,0.146,1.075,0.283,0.685,0.49,0.49,0.379,0.857,0.693,0.541,0.545,0.95,0.858,0.6,0.672
8,8,news,19960,10.6615,1.029,11.0464,0.0,0.3841,5.8793,2.9686,2.9107,2.581,53,0.322,0.004,0.525,0.069,0.0,0.684,0.592,0.176,1.394,0.196,0.747,0.616,0.625,0.249,0.889,0.738,0.67,0.382,0.964,0.883,0.711,0.495
8,8,val,5988,10.3573,1.0,11.0464,0.0,0.3841,5.8793,2.9686,2.9107,2.581,53,0.322,0.0041,0.598,0.142,0.0,0.832,0.623,0.142,1.303,0.239,0.693,0.531,0.523,0.291,0.85,0.696,0.573,0.44,0.943,0.848,0.63,0.572
8,9,code,19960,9.7098,1.092,13.4599,0.0,0.5548,5.926,2.1863,3.7397,3.3486,6,0.041,0.0185,0.711,0.019,0.0,0.859,0.833,0.148,0.575,0.351,0.75,0.585,0.359,0.547,0.891,0.793,0.419,0.803,0.962,0.913,0.496,0.92
8,9,dialogue,19960,9.6365,1.084,13.4599,0.0,0.5548,5.926,2.1863,3.7397,3.3486,6,0.041,0.0246,0.301,0.018,0.0,0.714,0.878,0.128,0.437,0.424,0.847,0.719,0.45,0.64,0.938,0.876,0.491,0.883,0.977,0.953,0.561,0.956
8,9,fiction,19960,9.4293,1.06,13.4599,0.0,0.5548,5.926,2.1863,3.7397,3.3486,6,0.041,0.0198,0.22,0.018,0.0,0.904,0.814,0.13,0.727,0.307,0.682,0.516,0.304,0.471,0.837,0.727,0.355,0.735,0.932,0.868,0.434,0.885
8,9,math,19960,9.4455,1.062,13.4599,0.0,0.5548,5.926,2.1863,3.7397,3.3486,6,0.041,0.0195,0.331,0.019,0.0,0.851,0.849,0.153,0.568,0.356,0.763,0.604,0.362,0.554,0.901,0.808,0.421,0.821,0.966,0.925,0.501,0.931
8,9,news,19960,9.3229,1.048,13.4599,0.0,0.5548,5.926,2.1863,3.7397,3.3486,6,0.041,0.0161,0.217,0.018,0.0,0.852,0.822,0.157,0.698,0.344,0.771,0.579,0.331,0.525,0.915,0.796,0.389,0.814,0.974,0.925,0.485,0.948
8,9,val,5988,8.892,1.0,13.4599,0.0,0.5548,5.926,2.1863,3.7397,3.3486,6,0.041,0.0189,0.257,0.018,0.0,0.906,0.838,0.105,0.684,0.335,0.705,0.542,0.321,0.502,0.858,0.756,0.367,0.765,0.945,0.884,0.442,0.907
8,10,code,19960,10.5786,1.121,10.5951,0.0,0.4669,5.8925,2.9677,2.9248,2.2941,37,0.389,0.004,0.658,0.017,0.0,0.825,0.565,0.139,1.102,0.117,0.649,0.513,0.543,0.222,0.809,0.679,0.598,0.362,0.921,0.816,0.649,0.515
8,10,dialogue,19960,10.6984,1.134,10.5951,0.0,0.4669,5.8925,2.9677,2.9248,2.2941,37,0.389,0.005,0.43,0.208,0.0,0.892,0.751,0.129,0.698,0.155,0.623,0.461,0.474,0.33,0.805,0.692,0.532,0.498,0.922,0.842,0.615,0.659
8,10,fiction,19960,10.3165,1.094,10.5951,0.0,0.4669,5.8925,2.9677,2.9248,2.2941,37,0.389,0.0046,0.559,0.223,0.0,0.85,0.713,0.116,0.927,0.127,0.625,0.474,0.502,0.242,0.791,0.686,0.556,0.386,0.907,0.83,0.624,0.56
8,10,math,19960,10.2631,1.088,10.5951,0.0,0.4669,5.8925,2.9677,2.9248,2.2941,37,0.389,0.0042,0.6,0.206,0.0,0.882,0.612,0.151,0.951,0.147,0.618,0.466,0.473,0.287,0.793,0.645,0.539,0.442,0.913,0.803,0.609,0.601
8,10,news,19960,10.0257,1.063,10.5951,0.0,0.4669,5.8925,2.9677,2.9248,2.2941,37,0.389,0.004,0.525,0.069,0.0,0.763,0.637,0.147,1.108,0.132,0.71,0.608,0.613,0.22,0.857,0.761,0.669,0.348,0.945,0.875,0.71,0.482
8,10,val,5988,9.4326,1.0,10.5951,0.0,0.4669,5.8925,2.9677,2.9248,2.2941,37,0.389,0.0041,0.598,0.142,0.0,0.879,0.615,0.145,1.098,0.129,0.617,0.511,0.5,0.218,0.776,0.663,0.572,0.352,0.899,0.807,0.638,0.511
8,11,code,19960,10.7475,1.055,14.5564,0.0,0.8229,5.9633,1.0912,4.872,3.3594,52,0.315,0.004,0.658,0.017,0.0,0.339,0.96,0.05,0.195,0.47,0.863,0.747,0.769,0.611,0.973,0.957,0.778,0.664,0.991,0.982,0.795,0.693
8,11,dialogue,19960,10.9858,1.078,14.5564,0.0,0.8229,5.9633,1.0912,4.872,3.3594,52,0.315,0.004,0.538,0.03,0.0,0.239,0.957,0.075,0.217,0.506,0.9,0.802,0.822,0.613,0.984,0.972,0.832,0.647,0.994,0.989,0.845,0.669
8,11,fiction,19960,10.9216,1.072,14.5564,0.0,0.8229,5.9633,1.0912,4.872,3.3594,52,0.315,0.0038,0.584,0.017,0.0,0.392,0.925,0.057,0.29,0.462,0.867,0.713,0.725,0.626,0.967,0.941,0.736,0.695,0.989,0.978,0.755,0.725
8,11,math,19960,10.5746,1.038,14.5564,0.0,0.8229,5.9633,1.0912,4.872,3.3594,52,0.315,0.0039,0.641,0.104,0.0,0.398,0.93,0.054,0.275,0.519,0.876,0.731,0.727,0.685,0.973,0.946,0.738,0.744,0.992,0.98,0.757,0.771
8,11,news,19960,10.5889,1.039,14.5564,0.0,0.8229,5.9633,1.0912,4.872,3.3594,52,0.315,0.004,0.525,0.069,0.0,0.319,0.966,0.069,0.268,0.442,0.886,0.766,0.776,0.587,0.981,0.966,0.788,0.638,0.994,0.988,0.804,0.663
8,11,val,5988,10.1903,1.0,14.5564,0.0,0.8229,5.9633,1.0912,4.872,3.3594,52,0.315,0.0041,0.598,0.142,0.0,0.417,0.934,0.066,0.33,0.436,0.86,0.73,0.717,0.603,0.97,0.942,0.731,0.676,0.991,0.982,0.75,0.708
8,12,code,19960,11.3969,1.117,14.3936,0.0,0.7791,5.9205,1.3171,4.6034,3.5928,42,0.463,0.004,0.658,0.017,0.0,0.332,0.762,0.07,0.257,0.289,0.865,0.714,0.749,0.41,0.96,0.906,0.761,0.492,0.987,0.951,0.785,0.563
8,12,dialogue,19960,10.9037,1.068,14.3936,0.0,0.7791,5.9205,1.3171,4.6034,3.5928,42,0.463,0.004,0.538,0.03,0.0,0.208,0.879,0.09,0.272,0.271,0.887,0.806,0.836,0.363,0.97,0.951,0.845,0.421,0.99,0.98,0.865,0.474
8,12,fiction,19960,10.9004,1.068,14.3936,0.0,0.7791,5.9205,1.3171,4.6034,3.5928,42,0.463,0.0038,0.584,0.017,0.0,0.281,0.878,0.068,0.317,0.27,0.884,0.758,0.791,0.396,0.968,0.941,0.801,0.465,0.989,0.975,0.821,0.521
8,12,math,19960,10.7984,1.058,14.3936,0.0,0.7791,5.9205,1.3171,4.6034,3.5928,42,0.463,0.0039,0.641,0.104,0.0,0.322,0.823,0.069,0.326,0.375,0.881,0.759,0.769,0.504,0.969,0.926,0.78,0.575,0.99,0.97,0.804,0.625
8,12,news,19960,10.5988,1.039,14.3936,0.0,0.7791,5.9205,1.3171,4.6034,3.5928,42,0.463,0.004,0.525,0.069,0.0,0.262,0.851,0.097,0.328,0.308,0.885,0.801,0.807,0.423,0.975,0.944,0.82,0.488,0.993,0.98,0.842,0.539
8,12,val,5988,10.2053,1.0,14.3936,0.0,0.7791,5.9205,1.3171,4.6034,3.5928,42,0.463,0.0041,0.598,0.142,0.0,0.282,0.896,0.084,0.365,0.327,0.89,0.798,0.792,0.459,0.972,0.944,0.803,0.527,0.99,0.979,0.831,0.572
8,13,code,19960,10.8118,1.126,11.2364,0.0,0.4218,5.8556,2.8874,2.9682,2.3143,45,0.377,0.004,0.658,0.017,0.0,0.795,0.624,0.103,1.241,0.265,0.7,0.489,0.503,0.322,0.854,0.646,0.543,0.482,0.943,0.825,0.604,0.604
8,13,dialogue,19960,10.3777,1.081,11.2364,0.0,0.4218,5.8556,2.8874,2.9682,2.3143,45,0.377,0.004,0.538,0.03,0.0,0.642,0.741,0.083,0.667,0.232,0.736,0.632,0.652,0.303,0.859,0.766,0.682,0.412,0.931,0.876,0.724,0.502
8,13,fiction,19960,10.2555,1.068,11.2364,0.0,0.4218,5.8556,2.8874,2.9682,2.3143,45,0.377,0.0038,0.584,0.017,0.0,0.575,0.674,0.058,1.043,0.24,0.778,0.606,0.636,0.305,0.887,0.748,0.657,0.426,0.945,0.869,0.693,0.523
8,13,math,19960,10.4583,1.089,11.2364,0.0,0.4218,5.8556,2.8874,2.9682,2.3143,45,0.377,0.0039,0.641,0.104,0.0,0.651,0.693,0.084,0.994,0.321,0.771,0.575,0.581,0.398,0.899,0.736,0.611,0.539,0.959,0.881,0.657,0.63
8,13,news,19960,10.181,1.06,11.2364,0.0,0.4218,5.8556,2.8874,2.9682,2.3143,45,0.377,0.004,0.525,0.069,0.0,0.561,0.471,0.149,1.399,0.194,0.795,0.633,0.648,0.221,0.904,0.731,0.686,0.337,0.961,0.864,0.731,0.457
8,13,val,5988,9.6021,1.0,11.2364,0.0,0.4218,5.8556,2.8874,2.9682,2.3143,45,0.377,0.0041,0.598,0.142,0.0,0.691,0.629,0.133,1.449,0.251,0.752,0.576,0.571,0.275,0.874,0.719,0.609,0.411,0.942,0.842,0.684,0.533
8,14,code,19960,9.6528,1.088,14.358,0.0,0.5845,5.9452,1.9191,4.0261,3.663,56,0.24,0.004,0.658,0.017,0.0,0.773,0.85,0.079,0.478,0.311,0.693,0.538,0.563,0.482,0.893,0.799,0.585,0.647,0.973,0.939,0.627,0.728
8,14,dialogue,19960,9.5431,1.076,14.358,0.0,0.5845,5.9452,1.9191,4.0261,3.663,56,0.24,0.004,0.538,0.03,0.0,0.776,0.85,0.064,0.443,0.324,0.693,0.565,0.585,0.504,0.902,0.819,0.607,0.674,0.978,0.95,0.643,0.748
8,14,fiction,19960,9.3954,1.059,14.358,0.0,0.5845,5.9452,1.9191,4.0261,3.663,56,0.24,0.0038,0.584,0.017,0.0,0.796,0.855,0.072,0.508,0.313,0.68,0.531,0.554,0.464,0.879,0.792,0.577,0.631,0.967,0.935,0.619,0.724
8,14,math,19960,9.2422,1.042,14.358,0.0,0.5845,5.9452,1.9191,4.0261,3.663,56,0.24,0.0039,0.641,0.104,0.0,0.823,0.851,0.079,0.508,0.348,0.687,0.537,0.537,0.512,0.887,0.793,0.563,0.68,0.969,0.935,0.608,0.764
8,14,news,19960,9.28,1.046,14.358,0.0,0.5845,5.9452,1.9191,4.0261,3.663,56,0.24,0.004,0.525,0.069,0.0,0.7,0.889,0.077,0.469,0.342,0.732,0.61,0.627,0.49,0.932,0.864,0.646,0.636,0.989,0.972,0.684,0.699
8,14,val,5988,8.8694,1.0,14.358,0.0,0.5845,5.9452,1.9191,4.0261,3.663,56,0.24,0.0041,0.598,0.142,0.0,0.833,0.855,0.076,0.518,0.341,0.676,0.553,0.54,0.493,0.882,0.802,0.567,0.666,0.969,0.94,0.615,0.751
8,15,code,19960,11.6342,1.056,16.716,0.0,0.825,5.9845,1.3224,4.6621,2.555,42,0.353,0.004,0.658,0.017,0.0,0.236,0.886,0.05,0.29,0.516,0.924,0.794,0.812,0.591,0.989,0.957,0.819,0.637,0.997,0.976,0.833,0.669
8,15,dialogue,19960,10.9009,0.989,16.716,0.0,0.825,5.9845,1.3224,4.6621,2.555,42,0.353,0.004,0.538,0.03,0.0,0.054,0.942,0.115,0.16,0.336,0.958,0.901,0.933,0.358,0.994,0.987,0.939,0.384,0.997,0.993,0.945,0.432
8,15,fiction,19960,10.984,0.997,16.716,0.0,0.825,5.9845,1.3224,4.6621,2.555,42,0.353,0.0038,0.584,0.017,0.0,0.143,0.772,0.065,0.358,0.448,0.945,0.842,0.872,0.483,0.991,0.957,0.879,0.52,0.996,0.969,0.888,0.555
8,15,math,19960,11.1352,1.01,16.716,0.0,0.825,5.9845,1.3224,4.6621,2.555,42,0.353,0.0039,0.641,0.104,0.0,0.182,0.91,0.063,0.232,0.58,0.942,0.843,0.851,0.639,0.992,0.97,0.858,0.67,0.997,0.983,0.869,0.699
8,15,news,19960,11.3037,1.026,16.716,0.0,0.825,5.9845,1.3224,4.6621,2.555,42,0.353,0.004,0.525,0.069,0.0,0.176,0.758,0.078,0.42,0.511,0.945,0.851,0.855,0.55,0.994,0.956,0.863,0.588,0.998,0.967,0.875,0.619
8,15,val,5988,11.0214,1.0,16.716,0.0,0.825,5.9845,1.3224,4.6621,2.555,42,0.353,0.0041,0.598,0.142,0.0,0.238,0.774,0.067,0.468,0.562,0.938,0.817,0.812,0.616,0.993,0.94,0.82,0.662,0.997,0.958,0.834,0.689
9,0,code,19960,10.7351,1.121,9.0272,0.0,0.4035,5.9237,3.436,2.4876,1.9142,53,0.267,0.004,0.658,0.017,0.0,0.92,0.438,0.056,1.47,0.281,0.582,0.459,0.48,0.32,0.768,0.573,0.516,0.459,0.897,0.711,0.556,0.598
9,0,dialogue,19960,10.5496,1.102,9.0272,0.0,0.4035,5.9237,3.436,2.4876,1.9142,53,0.267,0.0066,0.326,0.288,0.0,0.928,0.423,0.048,1.41,0.26,0.574,0.471,0.49,0.305,0.762,0.575,0.521,0.443,0.892,0.739,0.61,0.606
9,0,fiction,19960,10.376,1.084,9.0272,0.0,0.4035,5.9237,3.436,2.4876,1.9142,53,0.267,0.006,0.529,0.303,0.0,0.917,0.448,0.054,1.4,0.242,0.581,0.46,0.484,0.29,0.753,0.569,0.514,0.43,0.881,0.725,0.595,0.59
9,0,math,19960,10.4999,1.097,9.0272,0.0,0.4035,5.9237,3.436,2.4876,1.9142,53,0.267,0.0048,0.568,0.241,0.0,0.921,0.47,0.051,1.416,0.292,0.581,0.455,0.464,0.342,0.766,0.58,0.501,0.479,0.893,0.72,0.576,0.617
9,0,news,19960,10.0663,1.051,9.0272,0.0,0.4035,5.9237,3.436,2.4876,1.9142,53,0.267,0.004,0.525,0.069,0.0,0.931,0.411,0.054,1.699,0.272,0.582,0.476,0.479,0.277,0.764,0.583,0.514,0.409,0.897,0.725,0.61,0.552
9,0,val,5988,9.5748,1.0,9.0272,0.0,0.4035,5.9237,3.436,2.4876,1.9142,53,0.267,0.0041,0.598,0.142,0.0,0.944,0.432,0.071,1.679,0.267,0.555,0.45,0.447,0.279,0.726,0.56,0.485,0.401,0.861,0.692,0.577,0.542
9,1,code,19960,13.4617,1.12,11.8414,0.0,0.208,5.8381,4.1512,1.6868,1.5264,10,0.45,0.004,0.658,0.017,0.0,0.736,0.301,0.265,2.093,0.086,0.726,0.48,0.492,0.136,0.851,0.59,0.59,0.231,0.935,0.675,0.646,0.381
9,1,dialogue,19960,12.8154,1.066,11.8414,0.0,0.208,5.8381,4.1512,1.6868,1.5264,10,0.45,0.004,0.538,0.03,0.0,0.841,0.348,0.255,2.043,0.091,0.636,0.438,0.448,0.14,0.786,0.567,0.552,0.24,0.904,0.65,0.613,0.383
9,1,fiction,19960,12.4356,1.034,11.8414,0.0,0.208,5.8381,4.1512,1.6868,1.5264,10,0.45,0.0039,0.59,0.037,0.0,0.793,0.324,0.156,2.013,0.098,0.655,0.471,0.49,0.139,0.787,0.58,0.557,0.234,0.899,0.662,0.602,0.386
9,1,math,19960,13.1836,1.097,11.8414,0.0,0.208,5.8381,4.1512,1.6868,1.5264,10,0.45,0.0039,0.641,0.104,0.0,0.829,0.307,0.218,2.147,0.111,0.67,0.395,0.401,0.156,0.81,0.516,0.502,0.254,0.914,0.623,0.592,0.397
9,1,news,19960,12.7169,1.058,11.8414,0.0,0.208,5.8381,4.1512,1.6868,1.5264,10,0.45,0.004,0.525,0.069,0.0,0.551,0.297,0.164,2.212,0.118,0.797,0.649,0.654,0.117,0.886,0.723,0.708,0.182,0.945,0.788,0.758,0.283
9,1,val,5988,12.021,1.0,11.8414,0.0,0.208,5.8381,4.1512,1.6868,1.5264,10,0.45,0.0041,0.598,0.142,0.0,0.767,0.365,0.206,2.187,0.125,0.722,0.487,0.482,0.148,0.835,0.598,0.558,0.219,0.919,0.704,0.636,0.335
9,2,code,19960,11.6497,1.108,10.325,0.0,0.3846,5.861,3.4545,2.4064,1.5309,54,0.475,0.004,0.658,0.017,0.0,0.746,0.342,0.093,1.13,0.27,0.691,0.546,0.554,0.329,0.829,0.635,0.59,0.439,0.925,0.731,0.649,0.552
9,2,dialogue,19960,10.9629,1.043,10.325,0.0,0.3846,5.861,3.4545,2.4064,1.5309,54,0.475,0.004,0.538,0.03,0.0,0.664,0.526,0.134,0.799,0.219,0.682,0.603,0.606,0.292,0.81,0.7,0.635,0.392,0.905,0.785,0.707,0.506
9,2,fiction,19960,10.9159,1.039,10.325,0.0,0.3846,5.861,3.4545,2.4064,1.5309,54,0.475,0.0038,0.584,0.017,0.0,0.424,0.392,0.11,1.192,0.165,0.779,0.683,0.706,0.207,0.872,0.753,0.727,0.29,0.938,0.826,0.765,0.385
9,2,math,19960,10.982,1.045,10.325,0.0,0.3846,5.861,3.4545,2.4064,1.5309,54,0.475,0.0039,0.641,0.104,0.0,0.516,0.415,0.121,1.138,0.232,0.76,0.644,0.647,0.284,0.87,0.724,0.676,0.381,0.942,0.805,0.734,0.481
9,2,news,19960,11.2241,1.068,10.325,0.0,0.3846,5.861,3.4545,2.4064,1.5309,54,0.475,0.004,0.525,0.069,0.0,0.458,0.311,0.16,1.611,0.207,0.79,0.697,0.696,0.213,0.883,0.756,0.725,0.283,0.946,0.817,0.776,0.356
9,2,val,5988,10.511,1.0,10.325,0.0,0.3846,5.861,3.4545,2.4064,1.5309,54,0.475,0.0041,0.598,0.142,0.0,0.546,0.414,0.212,1.66,0.226,0.757,0.644,0.641,0.227,0.858,0.727,0.695,0.309,0.93,0.808,0.759,0.392
9,3,code,19960,12.6125,1.117,12.395,0.0,0.456,5.9255,2.8195,3.1061,2.6288,28,0.135,0.004,0.658,0.017,0.0,0.756,0.642,0.215,0.976,0.418,0.781,0.501,0.452,0.528,0.909,0.692,0.524,0.689,0.973,0.856,0.629,0.808
9,3,dialogue,19960,12.2021,1.08,12.395,0.0,0.456,5.9255,2.8195,3.1061,2.6288,28,0.135,0.0041,0.524,0.064,0.0,0.743,0.723,0.18,0.784,0.368,0.73,0.546,0.515,0.502,0.886,0.733,0.569,0.657,0.963,0.886,0.655,0.765
9,3,fiction,19960,11.9399,1.057,12.395,0.0,0.456,5.9255,2.8195,3.1061,2.6288,28,0.135,0.0042,0.624,0.133,0.0,0.875,0.659,0.183,1.033,0.298,0.662,0.431,0.421,0.405,0.833,0.635,0.482,0.587,0.936,0.833,0.568,0.737
9,3,math,19960,12.1907,1.079,12.395,0.0,0.456,5.9255,2.8195,3.1061,2.6288,28,0.135,0.0041,0.61,0.161,0.0,0.838,0.66,0.198,0.976,0.387,0.724,0.478,0.42,0.505,0.882,0.673,0.498,0.686,0.964,0.855,0.594,0.808
9,3,news,19960,11.7887,1.044,12.395,0.0,0.456,5.9255,2.8195,3.1061,2.6288,28,0.135,0.004,0.525,0.069,0.0,0.824,0.642,0.214,1.17,0.328,0.705,0.455,0.467,0.423,0.884,0.684,0.541,0.617,0.97,0.866,0.629,0.747
9,3,val,5988,11.2962,1.0,12.395,0.0,0.456,5.9255,2.8195,3.1061,2.6288,28,0.135,0.0041,0.598,0.142,0.0,0.881,0.633,0.194,1.092,0.342,0.657,0.444,0.405,0.436,0.83,0.635,0.485,0.619,0.938,0.821,0.568,0.753
9,4,code,19960,10.4346,1.074,12.2508,0.0,0.5323,5.9162,2.3832,3.5329,2.986,42,0.39,0.004,0.658,0.017,0.0,0.681,0.663,0.106,0.722,0.282,0.718,0.588,0.608,0.407,0.884,0.757,0.645,0.544,0.963,0.888,0.678,0.644
9,4,dialogue,19960,10.8753,1.119,12.2508,0.0,0.5323,5.9162,2.3832,3.5329,2.986,42,0.39,0.004,0.538,0.03,0.0,0.772,0.756,0.107,0.605,0.283,0.699,0.588,0.597,0.402,0.879,0.784,0.644,0.545,0.961,0.905,0.673,0.641
9,4,fiction,19960,10.5606,1.087,12.2508,0.0,0.5323,5.9162,2.3832,3.5329,2.986,42,0.39,0.0038,0.584,0.017,0.0,0.783,0.783,0.1,0.729,0.251,0.679,0.538,0.559,0.366,0.854,0.756,0.605,0.519,0.945,0.889,0.652,0.631
9,4,math,19960,10.506,1.081,12.2508,0.0,0.5323,5.9162,2.3832,3.5329,2.986,42,0.39,0.0039,0.641,0.104,0.0,0.738,0.683,0.109,0.718,0.328,0.698,0.554,0.559,0.45,0.866,0.742,0.606,0.596,0.952,0.876,0.64,0.694
9,4,news,19960,10.2692,1.057,12.2508,0.0,0.5323,5.9162,2.3832,3.5329,2.986,42,0.39,0.004,0.525,0.069,0.0,0.512,0.794,0.14,0.829,0.229,0.793,0.693,0.698,0.324,0.931,0.853,0.739,0.447,0.982,0.948,0.768,0.527
9,4,val,5988,9.7171,1.0,12.2508,0.0,0.5323,5.9162,2.3832,3.5329,2.986,42,0.39,0.0041,0.598,0.142,0.0,0.719,0.728,0.134,0.804,0.246,0.705,0.602,0.597,0.341,0.862,0.772,0.657,0.473,0.947,0.89,0.701,0.576
9,5,code,19960,10.7807,1.192,9.3189,0.0,0.2436,5.9848,4.3853,1.5995,1.1903,52,0.304,0.004,0.658,0.017,0.0,0.906,0.201,0.104,2.246,0.115,0.563,0.418,0.435,0.178,0.729,0.497,0.479,0.295,0.875,0.59,0.605,0.454
9,5,dialogue,19960,10.3593,1.145,9.3189,0.0,0.2436,5.9848,4.3853,1.5995,1.1903,52,0.304,0.004,0.538,0.03,0.0,0.953,0.312,0.124,2.011,0.133,0.536,0.385,0.397,0.191,0.714,0.492,0.464,0.302,0.867,0.6,0.59,0.457
9,5,fiction,19960,9.8052,1.084,9.3189,0.0,0.2436,5.9848,4.3853,1.5995,1.1903,52,0.304,0.0038,0.584,0.017,0.0,0.913,0.343,0.096,2.013,0.126,0.559,0.435,0.456,0.17,0.715,0.537,0.504,0.275,0.855,0.642,0.624,0.423
9,5,math,19960,10.4072,1.15,9.3189,0.0,0.2436,5.9848,4.3853,1.5995,1.1903,52,0.304,0.0039,0.641,0.104,0.0,0.926,0.251,0.098,2.146,0.138,0.554,0.392,0.407,0.196,0.72,0.495,0.459,0.317,0.864,0.597,0.593,0.471
9,5,news,19960,9.9152,1.096,9.3189,0.0,0.2436,5.9848,4.3853,1.5995,1.1903,52,0.304,0.004,0.525,0.069,0.0,0.868,0.255,0.08,2.147,0.148,0.617,0.508,0.514,0.164,0.764,0.587,0.551,0.257,0.882,0.676,0.64,0.386
9,5,val,5988,9.046,1.0,9.3189,0.0,0.2436,5.9848,4.3853,1.5995,1.1903,52,0.304,0.0041,0.598,0.142,0.0,0.965,0.308,0.108,2.118,0.142,0.508,0.371,0.372,0.159,0.667,0.473,0.435,0.257,0.817,0.588,0.54,0.394
9,6,code,19960,8.8464,1.075,9.2811,0.0,0.5117,5.9358,2.5347,3.4011,2.7903,43,0.193,0.004,0.658,0.017,0.0,0.967,0.691,0.135,0.915,0.193,0.527,0.381,0.404,0.319,0.745,0.604,0.447,0.515,0.905,0.805,0.533,0.685
9,6,dialogue,19960,8.4975,1.033,9.2811,0.0,0.5117,5.9358,2.5347,3.4011,2.7903,43,0.193,0.0056,0.381,0.251,0.0,0.976,0.835,0.106,0.615,0.192,0.527,0.421,0.431,0.328,0.747,0.664,0.477,0.515,0.903,0.85,0.545,0.69
9,6,fiction,19960,8.5169,1.035,9.2811,0.0,0.5117,5.9358,2.5347,3.4011,2.7903,43,0.193,0.0047,0.532,0.221,0.0,0.974,0.762,0.107,0.886,0.186,0.52,0.383,0.413,0.29,0.723,0.611,0.453,0.478,0.881,0.807,0.522,0.657
9,6,math,19960,8.5978,1.045,9.2811,0.0,0.5117,5.9358,2.5347,3.4011,2.7903,43,0.193,0.0042,0.6,0.206,0.0,0.971,0.759,0.118,0.79,0.223,0.531,0.387,0.384,0.359,0.743,0.618,0.429,0.557,0.899,0.82,0.51,0.721
9,6,news,19960,8.657,1.052,9.2811,0.0,0.5117,5.9358,2.5347,3.4011,2.7903,43,0.193,0.004,0.525,0.069,0.0,0.951,0.736,0.142,0.981,0.23,0.575,0.423,0.422,0.345,0.795,0.66,0.48,0.55,0.934,0.851,0.571,0.703
9,6,val,5988,8.2284,1.0,9.2811,0.0,0.5117,5.9358,2.5347,3.4011,2.7903,43,0.193,0.0041,0.598,0.142,0.0,0.972,0.731,0.114,0.941,0.232,0.53,0.409,0.395,0.336,0.733,0.618,0.445,0.518,0.888,0.808,0.517,0.683
9,7,code,19960,11.4078,1.063,15.2959,0.0,0.6484,5.9699,1.7467,4.2233,3.6108,17,0.315,0.004,0.658,0.017,0.0,0.398,0.863,0.077,0.548,0.398,0.849,0.694,0.733,0.461,0.955,0.906,0.748,0.537,0.985,0.964,0.771,0.588
9,7,dialogue,19960,10.9222,1.018,15.2959,0.0,0.6484,5.9699,1.7467,4.2233,3.6108,17,0.315,0.004,0.538,0.03,0.0,0.174,0.886,0.11,0.388,0.446,0.9,0.833,0.852,0.478,0.975,0.951,0.865,0.521,0.991,0.98,0.877,0.556
9,7,fiction,19960,11.1147,1.036,15.2959,0.0,0.6484,5.9699,1.7467,4.2233,3.6108,17,0.315,0.0038,0.584,0.017,0.0,0.332,0.896,0.092,0.477,0.525,0.88,0.744,0.752,0.595,0.964,0.93,0.769,0.663,0.985,0.972,0.791,0.695
9,7,math,19960,11.0126,1.026,15.2959,0.0,0.6484,5.9699,1.7467,4.2233,3.6108,17,0.315,0.0039,0.641,0.104,0.0,0.398,0.851,0.086,0.561,0.536,0.868,0.724,0.726,0.594,0.962,0.91,0.745,0.664,0.987,0.966,0.771,0.702
9,7,news,19960,11.2148,1.045,15.2959,0.0,0.6484,5.9699,1.7467,4.2233,3.6108,17,0.315,0.004,0.525,0.069,0.0,0.303,0.919,0.1,0.499,0.502,0.905,0.761,0.768,0.552,0.98,0.946,0.787,0.609,0.993,0.983,0.807,0.64
9,7,val,5988,10.7325,1.0,15.2959,0.0,0.6484,5.9699,1.7467,4.2233,3.6108,17,0.315,0.0041,0.598,0.142,0.0,0.408,0.881,0.092,0.539,0.5,0.868,0.716,0.705,0.572,0.963,0.912,0.728,0.652,0.987,0.969,0.753,0.689
9,8,code,19960,12.9725,1.101,11.819,0.0,0.6204,5.8779,2.5749,3.303,1.8478,26,0.369,0.004,0.658,0.017,0.0,0.633,0.529,0.082,0.691,0.116,0.762,0.527,0.562,0.249,0.884,0.7,0.599,0.382,0.957,0.823,0.635,0.517
9,8,dialogue,19960,12.5596,1.066,11.819,0.0,0.6204,5.8779,2.5749,3.303,1.8478,26,0.369,0.0055,0.391,0.255,0.0,0.688,0.66,0.085,0.687,0.11,0.732,0.551,0.571,0.255,0.862,0.726,0.613,0.401,0.944,0.827,0.661,0.554
9,8,fiction,19960,12.4344,1.055,11.819,0.0,0.6204,5.8779,2.5749,3.303,1.8478,26,0.369,0.005,0.5,0.26,0.0,0.659,0.627,0.099,0.778,0.135,0.737,0.554,0.588,0.25,0.855,0.726,0.62,0.385,0.933,0.836,0.673,0.519
9,8,math,19960,12.9015,1.095,11.819,0.0,0.6204,5.8779,2.5749,3.303,1.8478,26,0.369,0.0044,0.586,0.224,0.0,0.661,0.548,0.112,0.767,0.164,0.758,0.539,0.547,0.301,0.879,0.703,0.595,0.437,0.952,0.818,0.645,0.567
9,8,news,19960,12.4289,1.055,11.819,0.0,0.6204,5.8779,2.5749,3.303,1.8478,26,0.369,0.004,0.525,0.069,0.0,0.351,0.494,0.131,1.027,0.118,0.838,0.722,0.745,0.176,0.916,0.817,0.776,0.257,0.96,0.888,0.804,0.351
9,8,val,5988,11.7835,1.0,11.819,0.0,0.6204,5.8779,2.5749,3.303,1.8478,26,0.369,0.0041,0.598,0.142,0.0,0.704,0.475,0.147,1.062,0.151,0.72,0.55,0.537,0.233,0.842,0.676,0.591,0.352,0.928,0.786,0.653,0.484
9,9,code,19960,10.4335,1.144,8.9937,0.0,0.3828,5.7853,3.907,1.8784,1.2437,46,0.357,0.004,0.658,0.017,0.0,0.854,0.352,0.369,1.824,0.073,0.587,0.44,0.449,0.183,0.743,0.564,0.58,0.291,0.878,0.645,0.647,0.443
9,9,dialogue,19960,10.0788,1.105,8.9937,0.0,0.3828,5.7853,3.907,1.8784,1.2437,46,0.357,0.0042,0.518,0.084,0.0,0.91,0.446,0.265,1.402,0.07,0.543,0.419,0.419,0.201,0.713,0.548,0.527,0.309,0.865,0.651,0.612,0.479
9,9,fiction,19960,9.7524,1.069,8.9937,0.0,0.3828,5.7853,3.907,1.8784,1.2437,46,0.357,0.0044,0.551,0.192,0.0,0.892,0.43,0.192,1.581,0.063,0.553,0.428,0.438,0.161,0.706,0.547,0.523,0.268,0.851,0.657,0.622,0.434
9,9,math,19960,10.1076,1.108,8.9937,0.0,0.3828,5.7853,3.907,1.8784,1.2437,46,0.357,0.004,0.625,0.134,0.0,0.897,0.396,0.282,1.627,0.08,0.551,0.388,0.385,0.206,0.715,0.522,0.509,0.32,0.862,0.625,0.613,0.479
9,9,news,19960,9.5845,1.051,8.9937,0.0,0.3828,5.7853,3.907,1.8784,1.2437,46,0.357,0.004,0.525,0.069,0.0,0.814,0.419,0.226,1.706,0.074,0.676,0.57,0.574,0.152,0.803,0.678,0.659,0.247,0.905,0.766,0.722,0.381
9,9,val,5988,9.1196,1.0,8.9937,0.0,0.3828,5.7853,3.907,1.8784,1.2437,46,0.357,0.0041,0.598,0.142,0.0,0.914,0.404,0.288,1.808,0.078,0.547,0.407,0.409,0.151,0.697,0.533,0.52,0.247,0.837,0.656,0.607,0.389
9,10,code,19960,13.2545,1.199,9.9106,0.0,0.5463,5.7951,3.4125,2.3825,1.3486,41,0.414,0.004,0.658,0.017,0.0,0.621,0.246,0.149,1.441,0.059,0.77,0.51,0.548,0.149,0.884,0.616,0.597,0.239,0.956,0.697,0.657,0.38
9,10,dialogue,19960,12.5683,1.137,9.9106,0.0,0.5463,5.7951,3.4125,2.3825,1.3486,41,0.414,0.004,0.538,0.03,0.0,0.698,0.288,0.141,1.317,0.06,0.731,0.503,0.525,0.13,0.84,0.61,0.575,0.206,0.925,0.707,0.64,0.372
9,10,fiction,19960,12.0695,1.092,9.9106,0.0,0.5463,5.7951,3.4125,2.3825,1.3486,41,0.414,0.0038,0.584,0.017,0.0,0.576,0.177,0.123,1.485,0.062,0.745,0.601,0.639,0.11,0.842,0.673,0.68,0.181,0.923,0.755,0.751,0.325
9,10,math,19960,12.9868,1.175,9.9106,0.0,0.5463,5.7951,3.4125,2.3825,1.3486,41,0.414,0.0039,0.641,0.104,0.0,0.622,0.247,0.182,1.423,0.086,0.756,0.527,0.551,0.158,0.867,0.619,0.609,0.241,0.943,0.71,0.692,0.361
9,10,news,19960,12.1746,1.102,9.9106,0.0,0.5463,5.7951,3.4125,2.3825,1.3486,41,0.414,0.004,0.525,0.069,0.0,0.555,0.326,0.295,1.503,0.069,0.769,0.591,0.613,0.104,0.866,0.693,0.69,0.159,0.938,0.781,0.751,0.253
9,10,val,5988,11.0525,1.0,9.9106,0.0,0.5463,5.7951,3.4125,2.3825,1.3486,41,0.414,0.0041,0.598,0.142,0.0,0.799,0.389,0.325,1.453,0.091,0.657,0.472,0.468,0.149,0.793,0.588,0.573,0.236,0.901,0.711,0.67,0.367
9,11,code,19960,11.8951,1.075,13.2084,0.0,0.4624,5.9657,2.8086,3.1571,2.6232,35,0.274,0.004,0.658,0.017,0.0,0.767,0.577,0.151,1.054,0.239,0.696,0.506,0.525,0.342,0.86,0.67,0.575,0.486,0.951,0.836,0.688,0.605
9,11,dialogue,19960,11.8651,1.072,13.2084,0.0,0.4624,5.9657,2.8086,3.1571,2.6232,35,0.274,0.004,0.538,0.03,0.0,0.763,0.708,0.113,0.716,0.34,0.701,0.575,0.579,0.441,0.869,0.761,0.625,0.57,0.954,0.893,0.684,0.67
9,11,fiction,19960,11.6452,1.053,13.2084,0.0,0.4624,5.9657,2.8086,3.1571,2.6232,35,0.274,0.0038,0.584,0.017,0.0,0.799,0.687,0.133,1.011,0.315,0.679,0.499,0.513,0.4,0.842,0.694,0.558,0.541,0.938,0.854,0.649,0.661
9,11,math,19960,12.0141,1.086,13.2084,0.0,0.4624,5.9657,2.8086,3.1571,2.6232,35,0.274,0.0039,0.641,0.104,0.0,0.839,0.612,0.139,1.026,0.306,0.675,0.462,0.46,0.418,0.844,0.648,0.511,0.577,0.944,0.821,0.63,0.7
9,11,news,19960,11.7763,1.064,13.2084,0.0,0.4624,5.9657,2.8086,3.1571,2.6232,35,0.274,0.004,0.525,0.069,0.0,0.684,0.653,0.167,1.211,0.301,0.748,0.582,0.588,0.375,0.9,0.745,0.633,0.51,0.968,0.887,0.741,0.613
9,11,val,5988,11.0637,1.0,13.2084,0.0,0.4624,5.9657,2.8086,3.1571,2.6232,35,0.274,0.0041,0.598,0.142,0.0,0.824,0.653,0.138,1.096,0.3,0.684,0.508,0.498,0.376,0.85,0.692,0.556,0.535,0.942,0.846,0.644,0.649
9,12,code,19960,11.6758,1.334,9.0037,0.0,0.2595,5.7645,3.5829,2.1816,1.9528,39,0.381,0.004,0.658,0.017,0.0,0.685,0.226,0.175,1.902,0.067,0.735,0.546,0.57,0.113,0.855,0.633,0.634,0.174,0.934,0.697,0.68,0.285
9,12,dialogue,19960,9.8681,1.128,9.0037,0.0,0.2595,5.7645,3.5829,2.1816,1.9528,39,0.381,0.004,0.538,0.03,0.0,0.878,0.403,0.33,1.683,0.06,0.622,0.409,0.443,0.119,0.765,0.552,0.547,0.181,0.879,0.686,0.648,0.312
9,12,fiction,19960,9.5905,1.096,9.0037,0.0,0.2595,5.7645,3.5829,2.1816,1.9528,39,0.381,0.0038,0.584,0.017,0.0,0.761,0.405,0.295,1.735,0.056,0.661,0.523,0.546,0.084,0.773,0.633,0.593,0.143,0.875,0.718,0.696,0.257
9,12,math,19960,10.558,1.206,9.0037,0.0,0.2595,5.7645,3.5829,2.1816,1.9528,39,0.381,0.0039,0.641,0.104,0.0,0.758,0.313,0.233,1.844,0.092,0.687,0.5,0.518,0.126,0.805,0.605,0.585,0.198,0.898,0.694,0.673,0.305
9,12,news,19960,10.0715,1.151,9.0037,0.0,0.2595,5.7645,3.5829,2.1816,1.9528,39,0.381,0.004,0.525,0.069,0.0,0.662,0.329,0.136,1.797,0.077,0.712,0.584,0.589,0.099,0.815,0.668,0.645,0.149,0.9,0.743,0.733,0.221
9,12,val,5988,8.7515,1.0,9.0037,0.0,0.2595,5.7645,3.5829,2.1816,1.9528,39,0.381,0.0041,0.598,0.142,0.0,0.851,0.356,0.201,1.925,0.081,0.6,0.434,0.436,0.091,0.72,0.54,0.51,0.153,0.831,0.654,0.608,0.25
9,13,code,19960,9.3343,1.221,9.3311,0.0,0.2506,5.9349,3.8067,2.1282,1.9067,23,0.219,0.004,0.658,0.017,0.0,0.871,0.246,0.069,1.456,0.076,0.595,0.443,0.501,0.143,0.739,0.547,0.542,0.245,0.871,0.662,0.608,0.399
9,13,dialogue,19960,9.1451,1.196,9.3311,0.0,0.2506,5.9349,3.8067,2.1282,1.9067,23,0.219,0.004,0.538,0.03,0.0,0.962,0.51,0.3,1.215,0.117,0.411,0.266,0.281,0.166,0.581,0.447,0.408,0.267,0.768,0.65,0.548,0.401
9,13,fiction,19960,8.9897,1.176,9.3311,0.0,0.2506,5.9349,3.8067,2.1282,1.9067,23,0.219,0.004,0.562,0.085,0.0,0.944,0.519,0.266,1.219,0.106,0.446,0.284,0.302,0.175,0.622,0.47,0.414,0.282,0.8,0.65,0.584,0.438
9,13,math,19960,8.6348,1.129,9.3311,0.0,0.2506,5.9349,3.8067,2.1282,1.9067,23,0.219,0.0039,0.641,0.104,0.0,0.94,0.532,0.276,1.274,0.121,0.501,0.333,0.343,0.194,0.673,0.516,0.462,0.311,0.834,0.689,0.579,0.471
9,13,news,19960,8.9385,1.169,9.3311,0.0,0.2506,5.9349,3.8067,2.1282,1.9067,23,0.219,0.004,0.525,0.069,0.0,0.888,0.477,0.187,1.226,0.159,0.614,0.502,0.511,0.216,0.771,0.641,0.572,0.338,0.887,0.76,0.665,0.464
9,13,val,5988,7.645,1.0,9.3311,0.0,0.2506,5.9349,3.8067,2.1282,1.9067,23,0.219,0.0041,0.598,0.142,0.0,0.927,0.565,0.339,1.433,0.11,0.477,0.346,0.338,0.142,0.628,0.51,0.466,0.23,0.784,0.684,0.61,0.344
9,14,code,19960,10.5485,1.127,8.6414,0.0,0.2524,5.8798,4.0143,1.8655,1.4516,60,0.223,0.004,0.658,0.017,0.0,0.948,0.364,0.149,1.691,0.249,0.53,0.402,0.412,0.317,0.72,0.53,0.496,0.456,0.866,0.638,0.585,0.601
9,14,dialogue,19960,9.957,1.063,8.6414,0.0,0.2524,5.8798,4.0143,1.8655,1.4516,60,0.223,0.0062,0.344,0.259,0.0,0.935,0.523,0.163,1.283,0.249,0.553,0.443,0.46,0.301,0.725,0.592,0.548,0.424,0.861,0.705,0.636,0.568
9,14,fiction,19960,9.9547,1.063,8.6414,0.0,0.2524,5.8798,4.0143,1.8655,1.4516,60,0.223,0.0058,0.53,0.283,0.0,0.941,0.495,0.211,1.528,0.253,0.53,0.385,0.397,0.276,0.696,0.548,0.496,0.399,0.837,0.66,0.601,0.545
9,14,math,19960,10.2555,1.095,8.6414,0.0,0.2524,5.8798,4.0143,1.8655,1.4516,60,0.223,0.0046,0.571,0.23,0.0,0.951,0.385,0.14,1.723,0.281,0.539,0.395,0.395,0.324,0.719,0.526,0.471,0.468,0.86,0.641,0.576,0.61
9,14,news,19960,10.0881,1.077,8.6414,0.0,0.2524,5.8798,4.0143,1.8655,1.4516,60,0.223,0.004,0.525,0.069,0.0,0.92,0.405,0.131,1.836,0.301,0.605,0.47,0.47,0.276,0.76,0.597,0.532,0.393,0.876,0.691,0.63,0.519
9,14,val,5988,9.3631,1.0,8.6414,0.0,0.2524,5.8798,4.0143,1.8655,1.4516,60,0.223,0.0041,0.598,0.142,0.0,0.96,0.367,0.128,2.031,0.277,0.516,0.376,0.365,0.237,0.673,0.491,0.44,0.349,0.811,0.605,0.522,0.485
9,15,code,19960,12.2293,1.076,11.0991,0.0,0.399,5.8094,3.8463,1.9631,0.931,22,0.268,0.004,0.658,0.017,0.0,0.863,0.392,0.219,1.459,0.114,0.636,0.44,0.449,0.252,0.809,0.571,0.503,0.407,0.928,0.67,0.558,0.588
9,15,dialogue,19960,12.5096,1.101,11.0991,0.0,0.399,5.8094,3.8463,1.9631,0.931,22,0.268,0.004,0.538,0.03,0.0,0.893,0.619,0.157,1.215,0.133,0.637,0.414,0.408,0.323,0.808,0.628,0.463,0.496,0.922,0.717,0.511,0.665
9,15,fiction,19960,12.0487,1.061,11.0991,0.0,0.399,5.8094,3.8463,1.9631,0.931,22,0.268,0.0038,0.584,0.017,0.0,0.889,0.501,0.196,1.572,0.123,0.612,0.406,0.411,0.245,0.773,0.568,0.46,0.39,0.897,0.66,0.517,0.576
9,15,math,19960,12.2763,1.081,11.0991,0.0,0.399,5.8094,3.8463,1.9631,0.931,22,0.268,0.0039,0.641,0.104,0.0,0.909,0.424,0.234,1.49,0.138,0.607,0.375,0.367,0.282,0.782,0.523,0.43,0.443,0.91,0.637,0.502,0.624
9,15,news,19960,12.0221,1.058,11.0991,0.0,0.399,5.8094,3.8463,1.9631,0.931,22,0.268,0.004,0.525,0.069,0.0,0.784,0.395,0.157,1.844,0.132,0.71,0.542,0.547,0.21,0.855,0.653,0.583,0.331,0.943,0.735,0.64,0.482
9,15,val,5988,11.361,1.0,11.0991,0.0,0.399,5.8094,3.8463,1.9631,0.931,22,0.268,0.0041,0.598,0.142,0.0,0.895,0.375,0.192,1.816,0.126,0.601,0.399,0.392,0.206,0.761,0.52,0.452,0.329,0.889,0.626,0.543,0.5
10,0,code,19960,14.3302,1.269,10.9984,0.0,0.223,5.8418,3.9088,1.933,1.7476,56,0.614,0.004,0.658,0.017,0.0,0.538,0.166,0.178,2.363,0.048,0.847,0.599,0.605,0.081,0.929,0.651,0.665,0.136,0.973,0.708,0.699,0.244
10,0,dialogue,19960,12.3668,1.095,10.9984,0.0,0.223,5.8418,3.9088,1.933,1.7476,56,0.614,0.004,0.538,0.03,0.0,0.464,0.306,0.179,2.241,0.042,0.847,0.64,0.641,0.069,0.926,0.702,0.706,0.113,0.971,0.781,0.744,0.221
10,0,fiction,19960,11.5854,1.026,10.9984,0.0,0.223,5.8418,3.9088,1.933,1.7476,56,0.614,0.0038,0.584,0.017,0.0,0.295,0.254,0.301,2.275,0.04,0.866,0.767,0.768,0.051,0.922,0.802,0.82,0.09,0.964,0.848,0.85,0.18
10,0,math,19960,12.5768,1.114,10.9984,0.0,0.223,5.8418,3.9088,1.933,1.7476,56,0.614,0.0039,0.641,0.104,0.0,0.612,0.271,0.294,2.379,0.063,0.8,0.54,0.548,0.095,0.893,0.624,0.645,0.159,0.953,0.715,0.707,0.262
10,0,news,19960,11.9883,1.061,10.9984,0.0,0.223,5.8418,3.9088,1.933,1.7476,56,0.614,0.004,0.525,0.069,0.0,0.178,0.317,0.289,2.493,0.058,0.934,0.836,0.842,0.052,0.965,0.874,0.878,0.081,0.983,0.907,0.897,0.131
10,0,val,5988,11.294,1.0,10.9984,0.0,0.223,5.8418,3.9088,1.933,1.7476,56,0.614,0.0041,0.598,0.142,0.0,0.498,0.34,0.223,2.473,0.068,0.848,0.625,0.618,0.07,0.917,0.711,0.689,0.12,0.962,0.799,0.755,0.201
10,1,code,19960,10.6519,1.043,16.6909,0.0,0.8296,5.9555,0.9823,4.9732,4.1478,46,0.297,0.004,0.658,0.017,0.0,0.436,0.918,0.05,0.214,0.438,0.837,0.691,0.716,0.573,0.968,0.935,0.727,0.654,0.992,0.982,0.747,0.697
10,1,dialogue,19960,10.4606,1.025,16.6909,0.0,0.8296,5.9555,0.9823,4.9732,4.1478,46,0.297,0.004,0.538,0.03,0.0,0.298,0.963,0.061,0.186,0.606,0.886,0.791,0.798,0.707,0.988,0.972,0.807,0.742,0.996,0.994,0.822,0.762
10,1,fiction,19960,10.6382,1.042,16.6909,0.0,0.8296,5.9555,0.9823,4.9732,4.1478,46,0.297,0.0038,0.584,0.017,0.0,0.437,0.937,0.054,0.204,0.529,0.864,0.705,0.709,0.692,0.977,0.948,0.72,0.765,0.994,0.988,0.74,0.792
10,1,math,19960,10.4752,1.026,16.6909,0.0,0.8296,5.9555,0.9823,4.9732,4.1478,46,0.297,0.0039,0.641,0.104,0.0,0.407,0.927,0.06,0.198,0.561,0.87,0.73,0.728,0.706,0.979,0.948,0.739,0.766,0.995,0.988,0.758,0.793
10,1,news,19960,10.4751,1.026,16.6909,0.0,0.8296,5.9555,0.9823,4.9732,4.1478,46,0.297,0.004,0.525,0.069,0.0,0.33,0.951,0.074,0.206,0.451,0.879,0.766,0.779,0.575,0.985,0.963,0.791,0.632,0.997,0.992,0.808,0.665
10,1,val,5988,10.2093,1.0,16.6909,0.0,0.8296,5.9555,0.9823,4.9732,4.1478,46,0.297,0.0041,0.598,0.142,0.0,0.41,0.941,0.059,0.208,0.465,0.867,0.739,0.725,0.617,0.98,0.951,0.739,0.685,0.995,0.989,0.761,0.72
10,2,code,19960,10.5707,1.031,16.3403,0.0,0.8618,5.9728,0.8139,5.1589,4.6103,8,0.36,0.004,0.658,0.017,0.0,0.175,0.895,0.058,0.149,0.423,0.902,0.82,0.855,0.487,0.976,0.956,0.861,0.531,0.991,0.981,0.872,0.573
10,2,dialogue,19960,10.2918,1.004,16.3403,0.0,0.8618,5.9728,0.8139,5.1589,4.6103,8,0.36,0.004,0.538,0.03,0.0,0.083,0.955,0.098,0.147,0.403,0.92,0.875,0.904,0.449,0.984,0.974,0.909,0.478,0.992,0.988,0.918,0.513
10,2,fiction,19960,10.4206,1.017,16.3403,0.0,0.8618,5.9728,0.8139,5.1589,4.6103,8,0.36,0.0038,0.584,0.017,0.0,0.204,0.934,0.059,0.15,0.494,0.891,0.819,0.842,0.574,0.975,0.958,0.848,0.612,0.99,0.983,0.862,0.646
10,2,math,19960,10.339,1.009,16.3403,0.0,0.8618,5.9728,0.8139,5.1589,4.6103,8,0.36,0.0039,0.641,0.104,0.0,0.187,0.934,0.069,0.151,0.543,0.908,0.842,0.853,0.611,0.981,0.962,0.86,0.644,0.993,0.986,0.873,0.675
10,2,news,19960,10.544,1.029,16.3403,0.0,0.8618,5.9728,0.8139,5.1589,4.6103,8,0.36,0.004,0.525,0.069,0.0,0.147,0.945,0.09,0.154,0.492,0.916,0.868,0.878,0.549,0.986,0.971,0.884,0.58,0.995,0.99,0.896,0.609
10,2,val,5988,10.2496,1.0,16.3403,0.0,0.8618,5.9728,0.8139,5.1589,4.6103,8,0.36,0.0041,0.598,0.142,0.0,0.173,0.957,0.086,0.155,0.524,0.914,0.862,0.861,0.591,0.983,0.966,0.869,0.622,0.994,0.988,0.885,0.653
10,3,code,19960,10.3056,1.373,8.1588,0.0,0.2612,5.7736,3.6771,2.0965,1.8348,33,0.111,0.004,0.658,0.017,0.0,0.93,0.178,0.201,1.801,0.079,0.523,0.304,0.361,0.159,0.693,0.404,0.442,0.254,0.843,0.486,0.503,0.409
10,3,dialogue,19960,9.6116,1.281,8.1588,0.0,0.2612,5.7736,3.6771,2.0965,1.8348,33,0.111,0.004,0.538,0.03,0.0,0.971,0.389,0.314,1.59,0.078,0.468,0.193,0.216,0.149,0.653,0.356,0.287,0.242,0.822,0.502,0.492,0.424
10,3,fiction,19960,9.1791,1.223,8.1588,0.0,0.2612,5.7736,3.6771,2.0965,1.8348,33,0.111,0.0038,0.584,0.017,0.0,0.955,0.214,0.222,1.833,0.065,0.475,0.209,0.247,0.123,0.629,0.308,0.296,0.217,0.782,0.432,0.391,0.4
10,3,math,19960,9.1736,1.222,8.1588,0.0,0.2612,5.7736,3.6771,2.0965,1.8348,33,0.111,0.0039,0.641,0.104,0.0,0.962,0.281,0.214,1.702,0.11,0.456,0.246,0.276,0.176,0.624,0.368,0.328,0.284,0.789,0.502,0.476,0.441
10,3,news,19960,9.4365,1.257,8.1588,0.0,0.2612,5.7736,3.6771,2.0965,1.8348,33,0.111,0.004,0.525,0.069,0.0,0.949,0.252,0.125,1.359,0.14,0.499,0.284,0.294,0.235,0.667,0.396,0.353,0.334,0.823,0.537,0.464,0.45
10,3,val,5988,7.505,1.0,8.1588,0.0,0.2612,5.7736,3.6771,2.0965,1.8348,33,0.111,0.0041,0.598,0.142,0.0,0.982,0.418,0.302,1.845,0.085,0.347,0.2,0.193,0.116,0.497,0.332,0.298,0.198,0.672,0.498,0.462,0.332
10,4,code,19960,14.0982,1.168,12.1744,0.0,0.6802,5.6752,2.9943,2.6809,1.2423,34,0.631,0.004,0.658,0.017,0.0,0.515,0.322,0.202,1.277,0.089,0.801,0.628,0.659,0.147,0.906,0.728,0.72,0.226,0.968,0.803,0.763,0.347
10,4,dialogue,19960,13.2937,1.102,12.1744,0.0,0.6802,5.6752,2.9943,2.6809,1.2423,34,0.631,0.004,0.538,0.03,0.0,0.537,0.302,0.211,1.311,0.064,0.782,0.654,0.673,0.114,0.886,0.731,0.734,0.182,0.957,0.814,0.778,0.327
10,4,fiction,19960,12.7554,1.057,12.1744,0.0,0.6802,5.6752,2.9943,2.6809,1.2423,34,0.631,0.0038,0.584,0.017,0.0,0.506,0.363,0.174,1.33,0.066,0.778,0.658,0.676,0.11,0.873,0.741,0.734,0.185,0.947,0.821,0.797,0.327
10,4,math,19960,13.4851,1.118,12.1744,0.0,0.6802,5.6752,2.9943,2.6809,1.2423,34,0.631,0.0039,0.641,0.104,0.0,0.65,0.359,0.248,1.245,0.086,0.746,0.542,0.546,0.149,0.865,0.652,0.64,0.235,0.947,0.755,0.722,0.371
10,4,news,19960,12.7086,1.053,12.1744,0.0,0.6802,5.6752,2.9943,2.6809,1.2423,34,0.631,0.004,0.525,0.069,0.0,0.383,0.438,0.186,1.248,0.091,0.861,0.73,0.735,0.144,0.938,0.813,0.787,0.221,0.978,0.882,0.828,0.331
10,4,val,5988,12.0665,1.0,12.1744,0.0,0.6802,5.6752,2.9943,2.6809,1.2423,34,0.631,0.0041,0.598,0.142,0.0,0.459,0.463,0.3,1.156,0.098,0.812,0.688,0.682,0.159,0.905,0.785,0.77,0.23,0.965,0.861,0.833,0.336
10,5,code,19960,11.617,1.176,9.6095,0.0,0.3784,5.8149,4.1659,1.649,0.9496,4,0.217,0.004,0.658,0.017,0.0,0.939,0.234,0.197,2.194,0.226,0.547,0.364,0.375,0.279,0.74,0.463,0.447,0.414,0.889,0.55,0.536,0.576
10,5,dialogue,19960,11.2563,1.139,9.6095,0.0,0.3784,5.8149,4.1659,1.649,0.9496,4,0.217,0.0054,0.402,0.19,0.0,0.932,0.319,0.183,1.865,0.178,0.585,0.433,0.435,0.287,0.774,0.548,0.526,0.422,0.905,0.631,0.62,0.59
10,5,fiction,19960,10.6754,1.08,9.6095,0.0,0.3784,5.8149,4.1659,1.649,0.9496,4,0.217,0.0053,0.575,0.23,0.0,0.948,0.285,0.103,2.128,0.17,0.556,0.423,0.443,0.23,0.733,0.533,0.499,0.361,0.877,0.614,0.583,0.527
10,5,math,19960,11.209,1.134,9.6095,0.0,0.3784,5.8149,4.1659,1.649,0.9496,4,0.217,0.0043,0.628,0.166,0.0,0.946,0.287,0.153,2.124,0.24,0.546,0.36,0.356,0.298,0.733,0.467,0.434,0.438,0.881,0.561,0.545,0.596
10,5,news,19960,10.5777,1.07,9.6095,0.0,0.3784,5.8149,4.1659,1.649,0.9496,4,0.217,0.004,0.525,0.069,0.0,0.936,0.261,0.12,2.223,0.267,0.599,0.463,0.465,0.267,0.779,0.55,0.518,0.392,0.902,0.634,0.564,0.527
10,5,val,5988,9.8819,1.0,9.6095,0.0,0.3784,5.8149,4.1659,1.649,0.9496,4,0.217,0.0041,0.598,0.142,0.0,0.963,0.294,0.138,2.172,0.213,0.526,0.366,0.362,0.239,0.707,0.467,0.43,0.358,0.858,0.582,0.507,0.507
10,6,code,19960,11.2136,1.293,10.0867,0.0,0.4678,5.8701,2.9927,2.8775,2.2096,35,0.476,0.004,0.658,0.017,0.0,0.603,0.36,0.065,1.252,0.134,0.733,0.587,0.623,0.202,0.855,0.694,0.646,0.312,0.939,0.799,0.681,0.445
10,6,dialogue,19960,9.9863,1.151,10.0867,0.0,0.4678,5.8701,2.9927,2.8775,2.2096,35,0.476,0.004,0.531,0.05,0.0,0.705,0.581,0.093,0.956,0.123,0.674,0.557,0.583,0.196,0.808,0.681,0.626,0.292,0.908,0.808,0.671,0.449
10,6,fiction,19960,9.7059,1.119,10.0867,0.0,0.4678,5.8701,2.9927,2.8775,2.2096,35,0.476,0.004,0.582,0.048,0.0,0.661,0.517,0.089,1.091,0.104,0.694,0.545,0.583,0.17,0.816,0.667,0.622,0.281,0.907,0.789,0.658,0.428
10,6,math,19960,10.0059,1.153,10.0867,0.0,0.4678,5.8701,2.9927,2.8775,2.2096,35,0.476,0.0039,0.641,0.104,0.0,0.553,0.495,0.114,1.055,0.133,0.732,0.613,0.627,0.208,0.847,0.721,0.667,0.309,0.928,0.828,0.708,0.435
10,6,news,19960,9.711,1.119,10.0867,0.0,0.4678,5.8701,2.9927,2.8775,2.2096,35,0.476,0.004,0.525,0.069,0.0,0.457,0.334,0.114,1.36,0.128,0.767,0.68,0.694,0.159,0.861,0.758,0.727,0.236,0.929,0.829,0.761,0.332
10,6,val,5988,8.6747,1.0,10.0867,0.0,0.4678,5.8701,2.9927,2.8775,2.2096,35,0.476,0.0041,0.598,0.142,0.0,0.653,0.549,0.13,1.315,0.124,0.697,0.598,0.595,0.174,0.814,0.708,0.643,0.267,0.908,0.822,0.705,0.387
10,7,code,19960,11.3105,1.117,12.1165,0.0,0.4735,5.892,2.4709,3.4211,2.9952,23,0.443,0.004,0.65,0.039,0.0,0.692,0.581,0.065,0.896,0.215,0.706,0.559,0.598,0.293,0.859,0.721,0.625,0.422,0.944,0.848,0.677,0.545
10,7,dialogue,19960,11.4399,1.13,12.1165,0.0,0.4735,5.892,2.4709,3.4211,2.9952,23,0.443,0.004,0.538,0.03,0.0,0.693,0.729,0.064,0.648,0.197,0.73,0.581,0.606,0.318,0.884,0.772,0.633,0.468,0.956,0.879,0.683,0.59
10,7,fiction,19960,10.5655,1.043,12.1165,0.0,0.4735,5.892,2.4709,3.4211,2.9952,23,0.443,0.0038,0.584,0.017,0.0,0.668,0.733,0.052,0.724,0.18,0.726,0.582,0.62,0.28,0.87,0.77,0.642,0.419,0.947,0.885,0.689,0.536
10,7,math,19960,10.7726,1.064,12.1165,0.0,0.4735,5.892,2.4709,3.4211,2.9952,23,0.443,0.0039,0.641,0.104,0.0,0.745,0.666,0.067,0.859,0.262,0.703,0.549,0.563,0.358,0.86,0.733,0.593,0.495,0.941,0.852,0.653,0.602
10,7,news,19960,10.5064,1.037,12.1165,0.0,0.4735,5.892,2.4709,3.4211,2.9952,23,0.443,0.004,0.525,0.069,0.0,0.384,0.729,0.105,0.921,0.186,0.833,0.734,0.758,0.24,0.94,0.867,0.783,0.343,0.98,0.94,0.814,0.426
10,7,val,5988,10.1269,1.0,12.1165,0.0,0.4735,5.892,2.4709,3.4211,2.9952,23,0.443,0.0041,0.598,0.142,0.0,0.64,0.659,0.097,0.858,0.21,0.742,0.628,0.625,0.286,0.874,0.77,0.666,0.408,0.945,0.87,0.719,0.513
10,8,code,19960,13.6364,1.352,11.0122,0.0,0.1313,5.8308,3.7136,2.1172,2.0697,16,0.501,0.004,0.658,0.017,0.0,0.583,0.149,0.099,2.522,0.052,0.842,0.576,0.578,0.097,0.931,0.631,0.621,0.162,0.975,0.669,0.642,0.284
10,8,dialogue,19960,12.1769,1.207,11.0122,0.0,0.1313,5.8308,3.7136,2.1172,2.0697,16,0.501,0.004,0.538,0.03,0.0,0.654,0.217,0.163,2.539,0.046,0.787,0.572,0.573,0.073,0.885,0.635,0.638,0.119,0.947,0.704,0.69,0.209
10,8,fiction,19960,11.2488,1.115,11.0122,0.0,0.1313,5.8308,3.7136,2.1172,2.0697,16,0.501,0.0038,0.584,0.017,0.0,0.409,0.262,0.167,2.493,0.047,0.826,0.704,0.705,0.047,0.892,0.749,0.744,0.084,0.945,0.81,0.802,0.162
10,8,math,19960,12.1091,1.201,11.0122,0.0,0.1313,5.8308,3.7136,2.1172,2.0697,16,0.501,0.0039,0.641,0.104,0.0,0.679,0.223,0.145,2.64,0.08,0.765,0.51,0.514,0.09,0.867,0.584,0.579,0.16,0.937,0.673,0.637,0.267
10,8,news,19960,11.2984,1.12,11.0122,0.0,0.1313,5.8308,3.7136,2.1172,2.0697,16,0.501,0.004,0.525,0.069,0.0,0.252,0.276,0.239,2.617,0.058,0.886,0.785,0.791,0.045,0.933,0.828,0.829,0.073,0.966,0.87,0.853,0.116
10,8,val,5988,10.0845,1.0,11.0122,0.0,0.1313,5.8308,3.7136,2.1172,2.0697,16,0.501,0.0041,0.598,0.142,0.0,0.688,0.321,0.219,2.549,0.068,0.749,0.532,0.529,0.056,0.845,0.623,0.596,0.104,0.919,0.726,0.676,0.183
10,9,code,19960,13.9892,1.249,10.8103,0.0,0.2924,5.8199,3.7599,2.06,1.7749,7,0.632,0.004,0.658,0.017,0.0,0.455,0.194,0.136,2.045,0.054,0.878,0.624,0.647,0.101,0.95,0.694,0.689,0.159,0.982,0.752,0.721,0.279
10,9,dialogue,19960,12.5572,1.121,10.8103,0.0,0.2924,5.8199,3.7599,2.06,1.7749,7,0.632,0.004,0.538,0.03,0.0,0.362,0.331,0.116,2.07,0.046,0.869,0.686,0.707,0.073,0.941,0.778,0.747,0.113,0.978,0.822,0.77,0.224
10,9,fiction,19960,12.0819,1.078,10.8103,0.0,0.2924,5.8199,3.7599,2.06,1.7749,7,0.632,0.0038,0.584,0.017,0.0,0.254,0.207,0.127,2.032,0.053,0.876,0.741,0.773,0.067,0.929,0.804,0.806,0.115,0.966,0.844,0.828,0.207
10,9,math,19960,12.8253,1.145,10.8103,0.0,0.2924,5.8199,3.7599,2.06,1.7749,7,0.632,0.0039,0.641,0.104,0.0,0.498,0.244,0.172,2.163,0.084,0.836,0.591,0.601,0.109,0.914,0.667,0.662,0.175,0.962,0.745,0.722,0.278
10,9,news,19960,12.0072,1.072,10.8103,0.0,0.2924,5.8199,3.7599,2.06,1.7749,7,0.632,0.004,0.525,0.069,0.0,0.196,0.342,0.282,2.169,0.064,0.915,0.82,0.827,0.063,0.956,0.866,0.866,0.097,0.979,0.901,0.893,0.15
10,9,val,5988,11.2042,1.0,10.8103,0.0,0.2924,5.8199,3.7599,2.06,1.7749,7,0.632,0.0041,0.598,0.142,0.0,0.432,0.348,0.212,2.231,0.08,0.85,0.673,0.672,0.084,0.922,0.752,0.733,0.137,0.965,0.825,0.807,0.221
10,10,code,19960,11.839,1.131,11.0901,0.0,0.3812,5.9303,3.4245,2.5058,2.0045,45,0.103,0.0018,0.971,0.295,0.0,0.99,0.48,0.34,1.432,0.157,0.541,0.242,0.15,0.253,0.735,0.408,0.363,0.413,0.894,0.608,0.508,0.628
10,10,dialogue,19960,12.7825,1.221,11.0901,0.0,0.3812,5.9303,3.4245,2.5058,2.0045,45,0.103,0.0096,1.0,0.288,0.0,0.958,0.563,0.3,1.053,0.232,0.599,0.341,0.258,0.365,0.775,0.515,0.404,0.535,0.905,0.665,0.527,0.707
10,10,fiction,19960,11.9616,1.143,11.0901,0.0,0.3812,5.9303,3.4245,2.5058,2.0045,45,0.103,0.009,0.849,0.265,0.0,0.97,0.502,0.273,1.324,0.21,0.568,0.31,0.238,0.316,0.75,0.472,0.361,0.493,0.893,0.643,0.495,0.703
10,10,math,19960,11.7355,1.121,11.0901,0.0,0.3812,5.9303,3.4245,2.5058,2.0045,45,0.103,0.0092,0.94,0.27,0.0,0.975,0.532,0.29,1.324,0.206,0.574,0.31,0.228,0.317,0.767,0.489,0.368,0.521,0.912,0.671,0.537,0.736
10,10,news,19960,11.3286,1.082,11.0901,0.0,0.3812,5.9303,3.4245,2.5058,2.0045,45,0.103,0.0118,0.996,0.296,0.0,0.978,0.585,0.361,1.374,0.259,0.592,0.32,0.227,0.325,0.781,0.517,0.437,0.515,0.921,0.716,0.56,0.712
10,10,val,5988,10.4668,1.0,11.0901,0.0,0.3812,5.9303,3.4245,2.5058,2.0045,45,0.103,0.0145,1.0,0.269,0.0,0.981,0.568,0.39,1.399,0.191,0.52,0.293,0.235,0.26,0.705,0.475,0.389,0.428,0.866,0.676,0.521,0.636
10,11,code,19960,12.0701,1.165,9.9155,0.0,0.3352,5.8378,3.527,2.3108,1.8228,30,0.518,0.004,0.658,0.017,0.0,0.579,0.167,0.101,1.787,0.072,0.763,0.627,0.634,0.109,0.868,0.675,0.673,0.182,0.94,0.728,0.689,0.305
10,11,dialogue,19960,11.9313,1.152,9.9155,0.0,0.3352,5.8378,3.527,2.3108,1.8228,30,0.518,0.004,0.538,0.03,0.0,0.692,0.363,0.162,1.6,0.102,0.696,0.573,0.585,0.127,0.811,0.662,0.652,0.185,0.906,0.747,0.708,0.302
10,11,fiction,19960,11.5982,1.119,9.9155,0.0,0.3352,5.8378,3.527,2.3108,1.8228,30,0.518,0.0038,0.584,0.017,0.0,0.516,0.443,0.134,1.314,0.103,0.759,0.648,0.665,0.142,0.849,0.74,0.708,0.214,0.922,0.818,0.766,0.321
10,11,math,19960,11.6057,1.12,9.9155,0.0,0.3352,5.8378,3.527,2.3108,1.8228,30,0.518,0.0039,0.641,0.104,0.0,0.705,0.364,0.181,1.634,0.121,0.693,0.541,0.543,0.159,0.811,0.633,0.614,0.246,0.904,0.731,0.683,0.366
10,11,news,19960,11.2561,1.086,9.9155,0.0,0.3352,5.8378,3.527,2.3108,1.8228,30,0.518,0.004,0.525,0.069,0.0,0.333,0.378,0.192,1.683,0.092,0.836,0.764,0.766,0.103,0.901,0.822,0.806,0.153,0.948,0.87,0.836,0.229
10,11,val,5988,10.3606,1.0,9.9155,0.0,0.3352,5.8378,3.527,2.3108,1.8228,30,0.518,0.0041,0.598,0.142,0.0,0.65,0.427,0.309,1.736,0.105,0.711,0.583,0.584,0.118,0.815,0.679,0.668,0.184,0.901,0.781,0.742,0.277
10,12,code,19960,11.972,1.201,14.002,0.0,0.6786,5.9354,1.7706,4.1648,3.3767,49,0.488,0.004,0.658,0.017,0.0,0.472,0.709,0.107,0.591,0.276,0.856,0.625,0.641,0.389,0.952,0.829,0.666,0.501,0.985,0.917,0.715,0.578
10,12,dialogue,19960,10.5469,1.058,14.002,0.0,0.6786,5.9354,1.7706,4.1648,3.3767,49,0.488,0.004,0.538,0.03,0.0,0.251,0.868,0.14,0.353,0.254,0.89,0.794,0.803,0.349,0.963,0.931,0.824,0.417,0.985,0.963,0.852,0.468
10,12,fiction,19960,10.396,1.043,14.002,0.0,0.6786,5.9354,1.7706,4.1648,3.3767,49,0.488,0.0038,0.584,0.017,0.0,0.372,0.837,0.086,0.551,0.248,0.862,0.713,0.731,0.358,0.953,0.894,0.749,0.458,0.982,0.955,0.779,0.517
10,12,math,19960,10.7954,1.083,14.002,0.0,0.6786,5.9354,1.7706,4.1648,3.3767,49,0.488,0.0039,0.641,0.104,0.0,0.424,0.794,0.092,0.57,0.317,0.863,0.687,0.688,0.438,0.958,0.872,0.709,0.542,0.987,0.949,0.746,0.604
10,12,news,19960,10.4352,1.047,14.002,0.0,0.6786,5.9354,1.7706,4.1648,3.3767,49,0.488,0.004,0.525,0.069,0.0,0.295,0.843,0.123,0.591,0.196,0.894,0.777,0.782,0.278,0.974,0.919,0.802,0.371,0.994,0.974,0.828,0.435
10,12,val,5988,9.9666,1.0,14.002,0.0,0.6786,5.9354,1.7706,4.1648,3.3767,49,0.488,0.0041,0.598,0.142,0.0,0.37,0.861,0.111,0.62,0.261,0.873,0.745,0.731,0.361,0.958,0.9,0.753,0.456,0.986,0.966,0.789,0.52
10,13,code,19960,11.768,1.108,11.6351,0.0,0.4711,5.9129,3.0335,2.8794,2.1809,41,0.332,0.004,0.667,0.037,0.0,0.819,0.581,0.179,1.21,0.214,0.675,0.454,0.47,0.305,0.835,0.657,0.534,0.461,0.936,0.793,0.647,0.617
10,13,dialogue,19960,12.1287,1.142,11.6351,0.0,0.4711,5.9129,3.0335,2.8794,2.1809,41,0.332,0.0074,0.289,0.319,0.0,0.895,0.511,0.118,0.989,0.191,0.638,0.4,0.413,0.293,0.813,0.593,0.467,0.465,0.927,0.744,0.541,0.681
10,13,fiction,19960,11.6536,1.097,11.6351,0.0,0.4711,5.9129,3.0335,2.8794,2.1809,41,0.332,0.0068,0.474,0.3,0.0,0.868,0.57,0.139,1.046,0.187,0.632,0.417,0.44,0.284,0.794,0.609,0.493,0.44,0.909,0.766,0.576,0.618
10,13,math,19960,11.7775,1.108,11.6351,0.0,0.4711,5.9129,3.0335,2.8794,2.1809,41,0.332,0.0049,0.541,0.279,0.0,0.837,0.557,0.21,1.071,0.211,0.657,0.431,0.428,0.312,0.82,0.621,0.509,0.472,0.926,0.763,0.616,0.625
10,13,news,19960,11.3309,1.066,11.6351,0.0,0.4711,5.9129,3.0335,2.8794,2.1809,41,0.332,0.004,0.531,0.08,0.0,0.711,0.688,0.193,1.175,0.208,0.754,0.556,0.556,0.304,0.899,0.763,0.617,0.456,0.968,0.882,0.706,0.588
10,13,val,5988,10.6252,1.0,11.6351,0.0,0.4711,5.9129,3.0335,2.8794,2.1809,41,0.332,0.0041,0.598,0.142,0.0,0.783,0.631,0.249,1.147,0.206,0.674,0.505,0.497,0.272,0.821,0.685,0.58,0.41,0.923,0.809,0.673,0.546
10,14,code,19960,9.8852,1.083,14.315,0.0,0.7766,5.9407,1.265,4.6757,3.5841,36,0.213,0.004,0.658,0.017,0.0,0.673,0.869,0.05,0.27,0.39,0.726,0.597,0.609,0.564,0.905,0.861,0.626,0.691,0.973,0.938,0.657,0.76
10,14,dialogue,19960,9.4522,1.035,14.315,0.0,0.7766,5.9407,1.265,4.6757,3.5841,36,0.213,0.004,0.538,0.03,0.0,0.59,0.918,0.059,0.281,0.396,0.757,0.655,0.681,0.546,0.931,0.906,0.698,0.646,0.98,0.964,0.725,0.7
10,14,fiction,19960,9.3702,1.026,14.315,0.0,0.7766,5.9407,1.265,4.6757,3.5841,36,0.213,0.0038,0.584,0.017,0.0,0.639,0.904,0.046,0.306,0.43,0.743,0.629,0.641,0.593,0.914,0.884,0.656,0.702,0.974,0.955,0.685,0.761
10,14,math,19960,9.5584,1.047,14.315,0.0,0.7766,5.9407,1.265,4.6757,3.5841,36,0.213,0.0039,0.641,0.104,0.0,0.63,0.869,0.053,0.309,0.477,0.765,0.642,0.627,0.65,0.92,0.877,0.644,0.758,0.977,0.95,0.674,0.815
10,14,news,19960,9.5298,1.044,14.315,0.0,0.7766,5.9407,1.265,4.6757,3.5841,36,0.213,0.004,0.525,0.069,0.0,0.431,0.909,0.063,0.281,0.477,0.812,0.722,0.741,0.607,0.959,0.934,0.755,0.683,0.991,0.979,0.775,0.722
10,14,val,5988,9.1292,1.0,14.315,0.0,0.7766,5.9407,1.265,4.6757,3.5841,36,0.213,0.0041,0.598,0.142,0.0,0.582,0.872,0.061,0.352,0.475,0.767,0.683,0.67,0.619,0.919,0.887,0.688,0.714,0.974,0.954,0.717,0.771
10,15,code,19960,10.6869,1.354,9.2509,0.0,0.1571,5.6928,3.9596,1.7332,1.6897,20,0.463,0.004,0.658,0.017,0.0,0.559,0.172,0.111,1.881,0.086,0.761,0.658,0.659,0.152,0.872,0.699,0.703,0.245,0.951,0.744,0.724,0.392
10,15,dialogue,19960,9.5929,1.215,9.2509,0.0,0.1571,5.6928,3.9596,1.7332,1.6897,20,0.463,0.004,0.538,0.03,0.0,0.664,0.389,0.246,2.05,0.061,0.708,0.611,0.611,0.113,0.822,0.678,0.686,0.184,0.915,0.778,0.776,0.302
10,15,fiction,19960,9.3838,1.189,9.2509,0.0,0.1571,5.6928,3.9596,1.7332,1.6897,20,0.463,0.0038,0.584,0.017,0.0,0.75,0.321,0.11,2.217,0.07,0.673,0.565,0.565,0.114,0.793,0.633,0.615,0.189,0.901,0.742,0.699,0.317
10,15,math,19960,9.364,1.186,9.2509,0.0,0.1571,5.6928,3.9596,1.7332,1.6897,20,0.463,0.0039,0.641,0.104,0.0,0.713,0.289,0.116,2.142,0.103,0.676,0.551,0.551,0.144,0.794,0.618,0.601,0.225,0.895,0.71,0.674,0.346
10,15,news,19960,9.3373,1.183,9.2509,0.0,0.1571,5.6928,3.9596,1.7332,1.6897,20,0.463,0.004,0.525,0.069,0.0,0.401,0.257,0.223,2.251,0.091,0.788,0.707,0.708,0.085,0.86,0.755,0.743,0.138,0.924,0.815,0.805,0.217
10,15,val,5988,7.8948,1.0,9.2509,0.0,0.1571,5.6928,3.9596,1.7332,1.6897,20,0.463,0.0041,0.598,0.142,0.0,0.776,0.359,0.119,2.402,0.091,0.628,0.514,0.514,0.079,0.728,0.598,0.568,0.131,0.831,0.698,0.646,0.219
11,0,code,19960,10.6578,1.294,8.8586,0.0,0.212,5.7469,3.8737,1.8732,1.6906,11,0.351,0.004,0.658,0.017,0.0,0.759,0.178,0.126,1.758,0.125,0.679,0.539,0.543,0.163,0.815,0.6,0.588,0.26,0.918,0.658,0.635,0.392
11,0,dialogue,19960,9.259,1.124,8.8586,0.0,0.212,5.7469,3.8737,1.8732,1.6906,11,0.351,0.004,0.538,0.03,0.0,0.842,0.437,0.367,1.632,0.064,0.62,0.478,0.479,0.117,0.757,0.596,0.559,0.193,0.88,0.717,0.688,0.342
11,0,fiction,19960,9.0065,1.093,8.8586,0.0,0.212,5.7469,3.8737,1.8732,1.6906,11,0.351,0.0038,0.584,0.017,0.0,0.757,0.469,0.345,1.737,0.073,0.665,0.552,0.552,0.097,0.786,0.648,0.612,0.173,0.894,0.775,0.742,0.309
11,0,math,19960,9.6771,1.175,8.8586,0.0,0.212,5.7469,3.8737,1.8732,1.6906,11,0.351,0.0039,0.641,0.104,0.0,0.834,0.339,0.282,1.712,0.131,0.619,0.468,0.469,0.151,0.754,0.567,0.54,0.241,0.877,0.689,0.665,0.38
11,0,news,19960,9.2274,1.12,8.8586,0.0,0.212,5.7469,3.8737,1.8732,1.6906,11,0.351,0.004,0.525,0.069,0.0,0.417,0.268,0.226,1.755,0.093,0.787,0.717,0.718,0.091,0.86,0.766,0.76,0.145,0.923,0.815,0.796,0.226
11,0,val,5988,8.2372,1.0,8.8586,0.0,0.212,5.7469,3.8737,1.8732,1.6906,11,0.351,0.0041,0.598,0.142,0.0,0.869,0.411,0.315,1.866,0.109,0.556,0.419,0.417,0.099,0.677,0.527,0.507,0.166,0.804,0.655,0.625,0.268
11,1,code,19960,11.7381,1.113,12.7927,0.0,0.5374,5.9044,2.7712,3.1332,2.3416,36,0.302,0.004,0.658,0.017,0.0,0.749,0.626,0.098,0.733,0.171,0.707,0.507,0.524,0.353,0.867,0.698,0.558,0.51,0.956,0.848,0.618,0.654
11,1,dialogue,19960,11.0553,1.048,12.7927,0.0,0.5374,5.9044,2.7712,3.1332,2.3416,36,0.302,0.004,0.538,0.03,0.0,0.881,0.688,0.092,0.822,0.178,0.634,0.498,0.508,0.307,0.814,0.694,0.547,0.458,0.928,0.83,0.61,0.622
11,1,fiction,19960,10.9637,1.04,12.7927,0.0,0.5374,5.9044,2.7712,3.1332,2.3416,36,0.302,0.0038,0.584,0.017,0.0,0.871,0.674,0.111,0.903,0.155,0.603,0.436,0.454,0.276,0.779,0.636,0.506,0.43,0.909,0.805,0.586,0.608
11,1,math,19960,11.4851,1.089,12.7927,0.0,0.5374,5.9044,2.7712,3.1332,2.3416,36,0.302,0.0039,0.641,0.104,0.0,0.848,0.605,0.118,0.81,0.195,0.643,0.435,0.436,0.369,0.813,0.632,0.488,0.539,0.928,0.796,0.567,0.691
11,1,news,19960,11.0628,1.049,12.7927,0.0,0.5374,5.9044,2.7712,3.1332,2.3416,36,0.302,0.004,0.525,0.069,0.0,0.61,0.687,0.151,1.001,0.152,0.774,0.625,0.625,0.299,0.915,0.794,0.672,0.437,0.978,0.904,0.715,0.566
11,1,val,5988,10.5453,1.0,12.7927,0.0,0.5374,5.9044,2.7712,3.1332,2.3416,36,0.302,0.0041,0.598,0.142,0.0,0.842,0.571,0.147,1.049,0.17,0.629,0.481,0.471,0.267,0.792,0.639,0.533,0.408,0.915,0.793,0.618,0.576
11,2,code,19960,10.9791,1.171,8.3554,0.0,0.2851,5.9065,3.7504,2.1561,1.5519,10,0.096,0.004,0.658,0.017,0.0,0.801,0.256,0.075,2.314,0.643,0.813,0.322,0.343,0.329,0.899,0.448,0.377,0.452,0.953,0.575,0.489,0.598
11,2,dialogue,19960,10.494,1.119,8.3554,0.0,0.2851,5.9065,3.7504,2.1561,1.5519,10,0.096,0.004,0.538,0.03,0.0,0.561,0.318,0.08,1.514,0.715,0.862,0.492,0.505,0.492,0.924,0.607,0.547,0.576,0.963,0.705,0.623,0.694
11,2,fiction,19960,9.9362,1.06,8.3554,0.0,0.2851,5.9065,3.7504,2.1561,1.5519,10,0.096,0.0038,0.584,0.017,0.0,0.569,0.316,0.12,1.561,0.726,0.845,0.503,0.515,0.5,0.91,0.609,0.559,0.597,0.953,0.718,0.626,0.698
11,2,math,19960,10.3392,1.103,8.3554,0.0,0.2851,5.9065,3.7504,2.1561,1.5519,10,0.096,0.0039,0.641,0.104,0.0,0.72,0.335,0.079,2.088,0.723,0.846,0.396,0.375,0.393,0.914,0.521,0.417,0.524,0.957,0.653,0.505,0.646
11,2,news,19960,9.6677,1.031,8.3554,0.0,0.2851,5.9065,3.7504,2.1561,1.5519,10,0.096,0.004,0.525,0.069,0.0,0.705,0.352,0.109,2.118,0.723,0.852,0.398,0.41,0.366,0.913,0.551,0.45,0.49,0.952,0.685,0.53,0.618
11,2,val,5988,9.3765,1.0,8.3554,0.0,0.2851,5.9065,3.7504,2.1561,1.5519,10,0.096,0.0041,0.598,0.142,0.0,0.734,0.409,0.09,2.207,0.757,0.864,0.401,0.362,0.343,0.92,0.546,0.406,0.451,0.955,0.684,0.494,0.579
11,3,code,19960,11.8354,1.104,10.5447,0.0,0.472,5.8245,3.5598,2.2647,1.3452,35,0.206,0.004,0.667,0.037,0.0,0.888,0.248,0.137,1.535,0.138,0.598,0.388,0.459,0.23,0.772,0.515,0.494,0.361,0.904,0.629,0.585,0.528
11,3,dialogue,19960,11.1123,1.037,10.5447,0.0,0.472,5.8245,3.5598,2.2647,1.3452,35,0.206,0.0066,0.328,0.274,0.0,0.921,0.272,0.254,1.409,0.121,0.561,0.362,0.414,0.237,0.744,0.486,0.45,0.371,0.888,0.618,0.591,0.557
11,3,fiction,19960,10.9175,1.019,10.5447,0.0,0.472,5.8245,3.5598,2.2647,1.3452,35,0.206,0.0066,0.47,0.309,0.0,0.909,0.386,0.264,1.407,0.129,0.571,0.363,0.423,0.23,0.75,0.536,0.515,0.368,0.889,0.674,0.636,0.554
11,3,math,19960,11.6865,1.09,10.5447,0.0,0.472,5.8245,3.5598,2.2647,1.3452,35,0.206,0.0047,0.564,0.246,0.0,0.923,0.234,0.144,1.485,0.163,0.569,0.344,0.377,0.282,0.756,0.454,0.405,0.432,0.897,0.574,0.534,0.599
11,3,news,19960,11.1505,1.04,10.5447,0.0,0.472,5.8245,3.5598,2.2647,1.3452,35,0.206,0.004,0.525,0.069,0.0,0.777,0.391,0.117,1.228,0.238,0.717,0.522,0.534,0.343,0.888,0.633,0.579,0.5,0.968,0.783,0.637,0.626
11,3,val,5988,10.7179,1.0,10.5447,0.0,0.472,5.8245,3.5598,2.2647,1.3452,35,0.206,0.0042,0.59,0.145,0.0,0.947,0.44,0.283,1.376,0.17,0.573,0.354,0.336,0.257,0.757,0.508,0.471,0.394,0.896,0.671,0.605,0.573
11,4,code,19960,11.076,1.205,11.9302,0.0,0.7967,5.94,1.1683,4.7717,3.4127,46,0.448,0.004,0.658,0.017,0.0,0.395,0.725,0.069,0.322,0.399,0.826,0.717,0.737,0.492,0.94,0.878,0.753,0.563,0.979,0.936,0.788,0.626
11,4,dialogue,19960,9.6821,1.054,11.9302,0.0,0.7967,5.94,1.1683,4.7717,3.4127,46,0.448,0.004,0.538,0.03,0.0,0.265,0.812,0.104,0.257,0.303,0.861,0.797,0.82,0.383,0.957,0.929,0.836,0.432,0.982,0.961,0.867,0.482
11,4,fiction,19960,9.6689,1.052,11.9302,0.0,0.7967,5.94,1.1683,4.7717,3.4127,46,0.448,0.0038,0.584,0.017,0.0,0.347,0.901,0.049,0.327,0.288,0.833,0.737,0.765,0.409,0.947,0.912,0.777,0.483,0.981,0.963,0.802,0.544
11,4,math,19960,9.904,1.078,11.9302,0.0,0.7967,5.94,1.1683,4.7717,3.4127,46,0.448,0.0039,0.641,0.104,0.0,0.374,0.875,0.067,0.345,0.408,0.841,0.744,0.75,0.525,0.951,0.907,0.764,0.596,0.983,0.961,0.796,0.647
11,4,news,19960,9.5817,1.043,11.9302,0.0,0.7967,5.94,1.1683,4.7717,3.4127,46,0.448,0.004,0.525,0.069,0.0,0.273,0.922,0.087,0.318,0.313,0.866,0.801,0.808,0.424,0.971,0.943,0.821,0.484,0.993,0.982,0.846,0.532
11,4,val,5988,9.1902,1.0,11.9302,0.0,0.7967,5.94,1.1683,4.7717,3.4127,46,0.448,0.0041,0.598,0.142,0.0,0.348,0.923,0.089,0.353,0.348,0.844,0.77,0.764,0.469,0.954,0.918,0.781,0.537,0.984,0.969,0.815,0.594
11,5,code,19960,12.6572,1.253,9.9566,0.0,0.3037,5.8497,4.0823,1.7674,1.2545,34,0.362,0.004,0.658,0.017,0.0,0.906,0.143,0.151,1.469,0.121,0.62,0.331,0.324,0.287,0.799,0.391,0.424,0.431,0.932,0.471,0.494,0.609
11,5,dialogue,19960,12.1651,1.204,9.9566,0.0,0.3037,5.8497,4.0823,1.7674,1.2545,34,0.362,0.004,0.538,0.03,0.0,0.814,0.233,0.277,1.394,0.064,0.642,0.449,0.454,0.136,0.786,0.526,0.572,0.214,0.904,0.622,0.676,0.344
11,5,fiction,19960,11.6723,1.155,9.9566,0.0,0.3037,5.8497,4.0823,1.7674,1.2545,34,0.362,0.0038,0.584,0.017,0.0,0.583,0.149,0.164,1.243,0.076,0.738,0.592,0.627,0.128,0.844,0.669,0.685,0.207,0.929,0.712,0.743,0.321
11,5,math,19960,12.378,1.225,9.9566,0.0,0.3037,5.8497,4.0823,1.7674,1.2545,34,0.362,0.0039,0.641,0.104,0.0,0.851,0.184,0.172,1.386,0.134,0.638,0.394,0.388,0.231,0.792,0.458,0.479,0.349,0.912,0.55,0.563,0.494
11,5,news,19960,11.3268,1.121,9.9566,0.0,0.3037,5.8497,4.0823,1.7674,1.2545,34,0.362,0.004,0.525,0.069,0.0,0.534,0.313,0.299,1.393,0.073,0.763,0.635,0.635,0.095,0.856,0.704,0.716,0.15,0.928,0.765,0.772,0.229
11,5,val,5988,10.1055,1.0,9.9566,0.0,0.3037,5.8497,4.0823,1.7674,1.2545,34,0.362,0.0041,0.598,0.142,0.0,0.805,0.404,0.384,1.48,0.085,0.603,0.426,0.42,0.102,0.732,0.547,0.54,0.171,0.85,0.657,0.638,0.28
11,6,code,19960,13.4695,1.134,11.6394,0.0,0.4512,5.8273,3.6329,2.1943,1.4319,49,0.532,0.004,0.658,0.017,0.0,0.683,0.304,0.296,1.735,0.071,0.708,0.518,0.569,0.151,0.841,0.631,0.646,0.249,0.936,0.738,0.729,0.403
11,6,dialogue,19960,13.4302,1.131,11.6394,0.0,0.4512,5.8273,3.6329,2.1943,1.4319,49,0.532,0.004,0.538,0.03,0.0,0.768,0.395,0.318,1.379,0.08,0.671,0.501,0.526,0.181,0.82,0.628,0.632,0.308,0.928,0.74,0.699,0.499
11,6,fiction,19960,12.9565,1.091,11.6394,0.0,0.4512,5.8273,3.6329,2.1943,1.4319,49,0.532,0.0038,0.584,0.017,0.0,0.691,0.409,0.252,1.359,0.087,0.691,0.519,0.559,0.181,0.823,0.644,0.645,0.291,0.922,0.753,0.717,0.448
11,6,math,19960,13.1093,1.104,11.6394,0.0,0.4512,5.8273,3.6329,2.1943,1.4319,49,0.532,0.0039,0.641,0.104,0.0,0.796,0.37,0.33,1.615,0.092,0.652,0.436,0.447,0.195,0.803,0.565,0.574,0.31,0.916,0.688,0.668,0.464
11,6,news,19960,12.4833,1.051,11.6394,0.0,0.4512,5.8273,3.6329,2.1943,1.4319,49,0.532,0.004,0.525,0.069,0.0,0.437,0.346,0.232,1.672,0.086,0.827,0.694,0.709,0.139,0.917,0.773,0.766,0.216,0.968,0.841,0.804,0.329
11,6,val,5988,11.8766,1.0,11.6394,0.0,0.4512,5.8273,3.6329,2.1943,1.4319,49,0.532,0.0041,0.598,0.142,0.0,0.631,0.38,0.296,1.674,0.09,0.731,0.585,0.584,0.146,0.845,0.683,0.674,0.232,0.93,0.78,0.748,0.346
11,7,code,19960,10.4519,1.101,14.1226,0.0,0.8196,5.95,1.0328,4.9171,4.2606,46,0.572,0.004,0.658,0.017,0.0,0.115,0.885,0.077,0.179,0.17,0.941,0.855,0.9,0.223,0.983,0.971,0.906,0.271,0.993,0.986,0.913,0.324
11,7,dialogue,19960,10.0262,1.056,14.1226,0.0,0.8196,5.95,1.0328,4.9171,4.2606,46,0.572,0.004,0.538,0.03,0.0,0.078,0.943,0.106,0.174,0.255,0.952,0.896,0.927,0.294,0.989,0.983,0.932,0.328,0.995,0.993,0.938,0.374
11,7,fiction,19960,9.9778,1.051,14.1226,0.0,0.8196,5.95,1.0328,4.9171,4.2606,46,0.572,0.0038,0.584,0.017,0.0,0.165,0.935,0.073,0.191,0.289,0.928,0.837,0.865,0.368,0.983,0.971,0.871,0.416,0.993,0.988,0.882,0.457
11,7,math,19960,9.9946,1.053,14.1226,0.0,0.8196,5.95,1.0328,4.9171,4.2606,46,0.572,0.0039,0.641,0.104,0.0,0.185,0.909,0.092,0.188,0.322,0.93,0.84,0.854,0.403,0.983,0.964,0.863,0.454,0.994,0.987,0.877,0.502
11,7,news,19960,9.8201,1.034,14.1226,0.0,0.8196,5.95,1.0328,4.9171,4.2606,46,0.572,0.004,0.525,0.069,0.0,0.147,0.95,0.125,0.206,0.252,0.943,0.869,0.878,0.328,0.991,0.98,0.888,0.372,0.997,0.994,0.9,0.426
11,7,val,5988,9.4941,1.0,14.1226,0.0,0.8196,5.95,1.0328,4.9171,4.2606,46,0.572,0.0041,0.598,0.142,0.0,0.211,0.963,0.116,0.203,0.279,0.933,0.849,0.841,0.378,0.986,0.972,0.853,0.435,0.995,0.991,0.875,0.489
11,8,code,19960,13.2171,1.131,10.9379,0.0,0.4582,5.7963,4.1103,1.686,0.7545,30,0.393,0.004,0.658,0.017,0.0,0.762,0.353,0.414,1.789,0.066,0.699,0.513,0.516,0.192,0.842,0.622,0.651,0.3,0.942,0.696,0.681,0.445
11,8,dialogue,19960,12.8712,1.101,10.9379,0.0,0.4582,5.7963,4.1103,1.686,0.7545,30,0.393,0.0043,0.5,0.116,0.0,0.864,0.394,0.479,1.83,0.07,0.629,0.456,0.46,0.205,0.793,0.585,0.605,0.311,0.917,0.664,0.661,0.471
11,8,fiction,19960,12.4321,1.064,10.9379,0.0,0.4582,5.7963,4.1103,1.686,0.7545,30,0.393,0.0044,0.54,0.166,0.0,0.804,0.341,0.369,1.835,0.067,0.639,0.476,0.489,0.17,0.791,0.592,0.59,0.289,0.915,0.665,0.655,0.461
11,8,math,19960,13.225,1.131,10.9379,0.0,0.4582,5.7963,4.1103,1.686,0.7545,30,0.393,0.0042,0.614,0.192,0.0,0.847,0.341,0.433,1.844,0.078,0.639,0.417,0.412,0.211,0.8,0.535,0.562,0.327,0.922,0.625,0.637,0.482
11,8,news,19960,12.732,1.089,10.9379,0.0,0.4582,5.7963,4.1103,1.686,0.7545,30,0.393,0.004,0.525,0.069,0.0,0.664,0.307,0.164,1.823,0.085,0.76,0.587,0.59,0.197,0.882,0.672,0.651,0.304,0.955,0.733,0.678,0.423
11,8,val,5988,11.6891,1.0,10.9379,0.0,0.4582,5.7963,4.1103,1.686,0.7545,30,0.393,0.0041,0.598,0.142,0.0,0.83,0.362,0.265,1.83,0.083,0.65,0.473,0.472,0.176,0.793,0.596,0.579,0.268,0.909,0.689,0.642,0.411
11,9,code,19960,10.9902,1.078,13.4165,0.0,0.8681,5.9653,0.7641,5.2012,4.7366,31,0.506,0.004,0.658,0.017,0.0,0.086,0.958,0.074,0.148,0.557,0.93,0.905,0.908,0.572,0.979,0.967,0.912,0.595,0.99,0.983,0.92,0.626
11,9,dialogue,19960,10.2831,1.009,13.4165,0.0,0.8681,5.9653,0.7641,5.2012,4.7366,31,0.506,0.004,0.538,0.03,0.0,0.025,0.936,0.217,0.149,0.347,0.956,0.947,0.949,0.343,0.983,0.979,0.952,0.366,0.991,0.987,0.957,0.411
11,9,fiction,19960,10.1068,0.992,13.4165,0.0,0.8681,5.9653,0.7641,5.2012,4.7366,31,0.506,0.0038,0.584,0.017,0.0,0.05,0.935,0.086,0.147,0.35,0.945,0.927,0.932,0.351,0.976,0.968,0.935,0.374,0.986,0.98,0.941,0.418
11,9,math,19960,10.5202,1.032,13.4165,0.0,0.8681,5.9653,0.7641,5.2012,4.7366,31,0.506,0.0039,0.641,0.104,0.0,0.083,0.954,0.096,0.149,0.529,0.937,0.911,0.912,0.534,0.976,0.966,0.916,0.556,0.988,0.98,0.925,0.593
11,9,news,19960,10.3496,1.016,13.4165,0.0,0.8681,5.9653,0.7641,5.2012,4.7366,31,0.506,0.004,0.525,0.069,0.0,0.056,0.971,0.129,0.152,0.414,0.95,0.934,0.933,0.413,0.983,0.976,0.937,0.433,0.991,0.986,0.944,0.478
11,9,val,5988,10.1908,1.0,13.4165,0.0,0.8681,5.9653,0.7641,5.2012,4.7366,31,0.506,0.0041,0.598,0.142,0.0,0.075,0.969,0.124,0.153,0.476,0.946,0.919,0.919,0.482,0.979,0.971,0.924,0.506,0.99,0.983,0.934,0.549
11,10,code,19960,12.2498,1.335,10.505,0.0,0.1628,5.8134,4.0416,1.7718,1.6526,37,0.332,0.004,0.658,0.017,0.0,0.738,0.156,0.099,1.535,0.058,0.741,0.476,0.512,0.096,0.866,0.558,0.552,0.171,0.946,0.64,0.64,0.317
11,10,dialogue,19960,10.6907,1.165,10.505,0.0,0.1628,5.8134,4.0416,1.7718,1.6526,37,0.332,0.004,0.538,0.03,0.0,0.824,0.296,0.303,1.781,0.042,0.714,0.445,0.468,0.074,0.841,0.564,0.579,0.134,0.924,0.628,0.621,0.266
11,10,fiction,19960,9.991,1.088,10.505,0.0,0.1628,5.8134,4.0416,1.7718,1.6526,37,0.332,0.004,0.562,0.05,0.0,0.558,0.324,0.317,1.607,0.04,0.771,0.601,0.638,0.044,0.853,0.701,0.706,0.087,0.92,0.759,0.754,0.183
11,10,math,19960,11.045,1.203,10.505,0.0,0.1628,5.8134,4.0416,1.7718,1.6526,37,0.332,0.0039,0.641,0.104,0.0,0.823,0.254,0.16,1.65,0.083,0.675,0.415,0.436,0.111,0.808,0.517,0.504,0.194,0.908,0.637,0.629,0.339
11,10,news,19960,10.3098,1.123,10.505,0.0,0.1628,5.8134,4.0416,1.7718,1.6526,37,0.332,0.004,0.525,0.069,0.0,0.525,0.459,0.409,1.641,0.054,0.811,0.633,0.659,0.055,0.89,0.733,0.748,0.096,0.943,0.841,0.84,0.168
11,10,val,5988,9.1788,1.0,10.505,0.0,0.1628,5.8134,4.0416,1.7718,1.6526,37,0.332,0.0041,0.598,0.142,0.0,0.866,0.523,0.416,1.651,0.064,0.664,0.385,0.374,0.068,0.798,0.578,0.552,0.127,0.895,0.74,0.711,0.228
11,11,code,19960,14.3358,1.134,12.1955,0.0,0.3561,5.8539,4.21,1.6439,1.0864,29,0.083,0.004,0.662,0.024,0.0,0.894,0.274,0.259,2.128,0.214,0.643,0.283,0.324,0.29,0.81,0.395,0.468,0.438,0.926,0.542,0.48,0.613
11,11,dialogue,19960,13.8539,1.096,12.1955,0.0,0.3561,5.8539,4.21,1.6439,1.0864,29,0.083,0.0062,0.35,0.267,0.0,0.922,0.321,0.218,1.872,0.186,0.615,0.316,0.332,0.312,0.789,0.44,0.446,0.458,0.916,0.575,0.466,0.655
11,11,fiction,19960,13.5843,1.075,12.1955,0.0,0.3561,5.8539,4.21,1.6439,1.0864,29,0.083,0.0058,0.543,0.268,0.0,0.919,0.33,0.126,1.778,0.212,0.621,0.339,0.351,0.343,0.797,0.449,0.435,0.507,0.922,0.594,0.441,0.686
11,11,math,19960,14.3582,1.136,12.1955,0.0,0.3561,5.8539,4.21,1.6439,1.0864,29,0.083,0.0048,0.568,0.251,0.0,0.915,0.279,0.213,1.946,0.238,0.644,0.294,0.285,0.34,0.812,0.399,0.413,0.491,0.928,0.528,0.438,0.657
11,11,news,19960,13.345,1.056,12.1955,0.0,0.3561,5.8539,4.21,1.6439,1.0864,29,0.083,0.004,0.525,0.069,0.0,0.875,0.267,0.143,2.137,0.305,0.681,0.376,0.418,0.312,0.848,0.493,0.497,0.445,0.944,0.631,0.511,0.599
11,11,val,5988,12.6412,1.0,12.1955,0.0,0.3561,5.8539,4.21,1.6439,1.0864,29,0.083,0.0041,0.598,0.142,0.0,0.931,0.298,0.181,2.156,0.286,0.642,0.31,0.289,0.323,0.806,0.426,0.387,0.468,0.922,0.569,0.457,0.628
11,12,code,19960,12.3377,1.205,10.296,0.0,0.3191,5.8457,3.6743,2.1714,1.6458,26,0.454,0.004,0.658,0.017,0.0,0.669,0.219,0.154,1.615,0.076,0.731,0.555,0.577,0.117,0.85,0.643,0.632,0.196,0.935,0.713,0.671,0.324
11,12,dialogue,19960,11.4931,1.123,10.296,0.0,0.3191,5.8457,3.6743,2.1714,1.6458,26,0.454,0.004,0.538,0.03,0.0,0.65,0.272,0.158,1.082,0.071,0.715,0.593,0.612,0.113,0.823,0.687,0.677,0.178,0.913,0.743,0.718,0.315
11,12,fiction,19960,11.3611,1.11,10.296,0.0,0.3191,5.8457,3.6743,2.1714,1.6458,26,0.454,0.0038,0.584,0.017,0.0,0.43,0.3,0.178,1.038,0.078,0.789,0.668,0.698,0.127,0.869,0.758,0.75,0.203,0.934,0.81,0.782,0.307
11,12,math,19960,11.5961,1.133,10.296,0.0,0.3191,5.8457,3.6743,2.1714,1.6458,26,0.454,0.0039,0.641,0.104,0.0,0.755,0.343,0.253,1.496,0.111,0.685,0.486,0.495,0.157,0.812,0.603,0.591,0.253,0.911,0.693,0.641,0.387
11,12,news,19960,11.0024,1.075,10.296,0.0,0.3191,5.8457,3.6743,2.1714,1.6458,26,0.454,0.004,0.525,0.069,0.0,0.324,0.35,0.215,1.414,0.079,0.837,0.756,0.76,0.093,0.901,0.82,0.81,0.142,0.95,0.872,0.841,0.216
11,12,val,5988,10.2386,1.0,10.296,0.0,0.3191,5.8457,3.6743,2.1714,1.6458,26,0.454,0.0041,0.598,0.142,0.0,0.722,0.436,0.307,1.718,0.094,0.696,0.531,0.524,0.101,0.801,0.643,0.622,0.166,0.89,0.741,0.692,0.266
11,13,code,19960,10.0149,1.342,9.054,0.0,0.2008,5.8791,3.9201,1.959,1.8064,37,0.366,0.004,0.658,0.017,0.0,0.904,0.204,0.05,1.357,0.086,0.593,0.391,0.397,0.184,0.762,0.47,0.429,0.302,0.897,0.564,0.549,0.465
11,13,dialogue,19960,9.529,1.277,9.054,0.0,0.2008,5.8791,3.9201,1.959,1.8064,37,0.366,0.004,0.538,0.03,0.0,0.868,0.619,0.694,1.35,0.073,0.541,0.373,0.392,0.111,0.701,0.545,0.529,0.197,0.846,0.719,0.703,0.346
11,13,fiction,19960,9.3083,1.248,9.054,0.0,0.2008,5.8791,3.9201,1.959,1.8064,37,0.366,0.004,0.57,0.055,0.0,0.768,0.731,0.765,1.393,0.061,0.655,0.511,0.543,0.096,0.77,0.672,0.691,0.176,0.876,0.793,0.767,0.306
11,13,math,19960,9.1434,1.225,9.054,0.0,0.2008,5.8791,3.9201,1.959,1.8064,37,0.366,0.0039,0.641,0.104,0.0,0.899,0.603,0.596,1.312,0.096,0.556,0.383,0.381,0.162,0.717,0.56,0.552,0.278,0.858,0.702,0.664,0.433
11,13,news,19960,8.975,1.203,9.054,0.0,0.2008,5.8791,3.9201,1.959,1.8064,37,0.366,0.004,0.525,0.069,0.0,0.41,0.416,0.342,1.248,0.086,0.792,0.724,0.736,0.104,0.87,0.795,0.768,0.17,0.936,0.855,0.828,0.252
11,13,val,5988,7.4615,1.0,9.054,0.0,0.2008,5.8791,3.9201,1.959,1.8064,37,0.366,0.0041,0.598,0.142,0.0,0.805,0.752,0.703,1.468,0.08,0.578,0.46,0.452,0.103,0.713,0.615,0.598,0.184,0.845,0.773,0.729,0.303
11,14,code,19960,12.8968,1.312,10.5323,0.0,0.2337,5.7776,3.796,1.9816,1.7298,38,0.16,0.004,0.658,0.017,0.0,0.849,0.204,0.168,1.824,0.133,0.647,0.356,0.398,0.211,0.808,0.469,0.452,0.318,0.922,0.575,0.539,0.473
11,14,dialogue,19960,11.9432,1.215,10.5323,0.0,0.2337,5.7776,3.796,1.9816,1.7298,38,0.16,0.004,0.538,0.03,0.0,0.942,0.329,0.27,1.382,0.165,0.523,0.28,0.284,0.269,0.714,0.441,0.448,0.391,0.878,0.601,0.559,0.552
11,14,fiction,19960,10.9181,1.11,10.5323,0.0,0.2337,5.7776,3.796,1.9816,1.7298,38,0.16,0.0038,0.584,0.017,0.0,0.917,0.422,0.319,1.541,0.168,0.539,0.306,0.322,0.278,0.721,0.474,0.467,0.418,0.878,0.624,0.593,0.595
11,14,math,19960,11.83,1.203,10.5323,0.0,0.2337,5.7776,3.796,1.9816,1.7298,38,0.16,0.0039,0.641,0.104,0.0,0.885,0.362,0.284,1.696,0.192,0.598,0.341,0.363,0.265,0.761,0.481,0.466,0.389,0.891,0.621,0.578,0.535
11,14,news,19960,11.2551,1.145,10.5323,0.0,0.2337,5.7776,3.796,1.9816,1.7298,38,0.16,0.004,0.525,0.069,0.0,0.788,0.273,0.139,1.91,0.176,0.666,0.485,0.533,0.193,0.798,0.599,0.588,0.282,0.9,0.703,0.665,0.384
11,14,val,5988,9.833,1.0,10.5323,0.0,0.2337,5.7776,3.796,1.9816,1.7298,38,0.16,0.0041,0.598,0.142,0.0,0.935,0.385,0.262,1.994,0.135,0.506,0.274,0.273,0.164,0.663,0.414,0.38,0.257,0.814,0.581,0.535,0.401
11,15,code,19960,10.6584,1.18,8.8828,0.0,0.38,5.9091,4.023,1.8861,1.2296,20,0.287,0.004,0.658,0.017,0.0,0.89,0.258,0.237,1.974,0.129,0.546,0.404,0.437,0.214,0.713,0.516,0.528,0.336,0.86,0.6,0.579,0.496
11,15,dialogue,19960,10.4149,1.153,8.8828,0.0,0.38,5.9091,4.023,1.8861,1.2296,20,0.287,0.0048,0.448,0.161,0.0,0.936,0.339,0.252,1.866,0.145,0.511,0.378,0.399,0.248,0.692,0.505,0.521,0.373,0.847,0.613,0.572,0.542
11,15,fiction,19960,9.93,1.1,8.8828,0.0,0.38,5.9091,4.023,1.8861,1.2296,20,0.287,0.0042,0.565,0.142,0.0,0.921,0.3,0.166,1.863,0.129,0.519,0.389,0.416,0.215,0.689,0.505,0.51,0.342,0.842,0.612,0.573,0.519
11,15,math,19960,10.2987,1.14,8.8828,0.0,0.38,5.9091,4.023,1.8861,1.2296,20,0.287,0.004,0.625,0.127,0.0,0.939,0.302,0.191,1.846,0.153,0.512,0.357,0.365,0.26,0.691,0.472,0.475,0.394,0.846,0.576,0.559,0.553
11,15,news,19960,9.4088,1.042,8.8828,0.0,0.38,5.9091,4.023,1.8861,1.2296,20,0.287,0.004,0.525,0.069,0.0,0.866,0.311,0.136,1.934,0.162,0.619,0.508,0.526,0.202,0.771,0.61,0.588,0.314,0.89,0.701,0.641,0.455
11,15,val,5988,9.0314,1.0,8.8828,0.0,0.38,5.9091,4.023,1.8861,1.2296,20,0.287,0.0041,0.598,0.142,0.0,0.938,0.359,0.215,1.944,0.15,0.516,0.389,0.393,0.201,0.68,0.501,0.476,0.314,0.833,0.62,0.559,0.466
12,0,code,19960,11.9676,1.127,11.3686,0.0,0.3333,5.8907,3.4493,2.4414,1.9906,42,0.632,0.004,0.658,0.017,0.0,0.366,0.294,0.123,1.31,0.072,0.836,0.714,0.747,0.117,0.913,0.788,0.762,0.19,0.962,0.847,0.793,0.298
12,0,dialogue,19960,10.8004,1.017,11.3686,0.0,0.3333,5.8907,3.4493,2.4414,1.9906,42,0.632,0.004,0.531,0.051,0.0,0.264,0.495,0.103,1.253,0.044,0.852,0.763,0.792,0.073,0.908,0.836,0.812,0.126,0.954,0.882,0.858,0.229
12,0,fiction,19960,10.5347,0.992,11.3686,0.0,0.3333,5.8907,3.4493,2.4414,1.9906,42,0.632,0.004,0.58,0.094,0.0,0.264,0.49,0.059,1.333,0.044,0.845,0.738,0.773,0.072,0.9,0.821,0.787,0.133,0.947,0.869,0.848,0.236
12,0,math,19960,11.4747,1.081,11.3686,0.0,0.3333,5.8907,3.4493,2.4414,1.9906,42,0.632,0.0039,0.641,0.104,0.0,0.538,0.379,0.129,1.423,0.107,0.762,0.618,0.63,0.157,0.859,0.701,0.658,0.237,0.931,0.784,0.738,0.363
12,0,news,19960,11.204,1.055,11.3686,0.0,0.3333,5.8907,3.4493,2.4414,1.9906,42,0.632,0.004,0.525,0.069,0.0,0.118,0.433,0.304,1.467,0.062,0.914,0.859,0.865,0.07,0.953,0.901,0.886,0.109,0.978,0.929,0.909,0.178
12,0,val,5988,10.619,1.0,11.3686,0.0,0.3333,5.8907,3.4493,2.4414,1.9906,42,0.632,0.0041,0.598,0.142,0.0,0.39,0.358,0.195,1.625,0.078,0.81,0.706,0.703,0.085,0.879,0.769,0.744,0.138,0.936,0.835,0.796,0.218
12,1,code,19960,11.3952,1.115,11.3215,0.0,0.3702,5.8665,3.1426,2.724,2.3341,16,0.337,0.004,0.658,0.017,0.0,0.92,0.54,0.185,1.346,0.254,0.606,0.435,0.438,0.345,0.802,0.618,0.52,0.496,0.928,0.77,0.603,0.637
12,1,dialogue,19960,10.4742,1.025,11.3215,0.0,0.3702,5.8665,3.1426,2.724,2.3341,16,0.337,0.004,0.538,0.03,0.0,0.832,0.656,0.196,0.972,0.192,0.638,0.549,0.569,0.273,0.808,0.719,0.641,0.395,0.919,0.833,0.701,0.522
12,1,fiction,19960,10.4637,1.024,11.3215,0.0,0.3702,5.8665,3.1426,2.724,2.3341,16,0.337,0.004,0.588,0.081,0.0,0.799,0.608,0.15,1.099,0.189,0.652,0.527,0.562,0.247,0.807,0.698,0.626,0.374,0.916,0.823,0.692,0.505
12,1,math,19960,11.035,1.08,11.3215,0.0,0.3702,5.8665,3.1426,2.724,2.3341,16,0.337,0.0039,0.641,0.104,0.0,0.907,0.556,0.168,1.232,0.263,0.607,0.448,0.44,0.347,0.795,0.621,0.521,0.497,0.921,0.77,0.606,0.631
12,1,news,19960,10.5424,1.032,11.3215,0.0,0.3702,5.8665,3.1426,2.724,2.3341,16,0.337,0.004,0.525,0.069,0.0,0.701,0.631,0.153,1.159,0.253,0.74,0.636,0.634,0.327,0.909,0.787,0.682,0.453,0.976,0.889,0.731,0.552
12,1,val,5988,10.2155,1.0,11.3215,0.0,0.3702,5.8665,3.1426,2.724,2.3341,16,0.337,0.0041,0.598,0.142,0.0,0.906,0.538,0.154,1.405,0.255,0.63,0.512,0.5,0.295,0.803,0.652,0.57,0.424,0.918,0.784,0.643,0.555
12,2,code,19960,10.5309,1.103,11.89,0.0,0.7153,5.8434,1.6767,4.1667,3.1687,36,0.395,0.004,0.662,0.024,0.0,0.504,0.778,0.067,0.418,0.207,0.774,0.659,0.697,0.316,0.901,0.847,0.715,0.422,0.963,0.915,0.753,0.513
12,2,dialogue,19960,10.4834,1.098,11.89,0.0,0.7153,5.8434,1.6767,4.1667,3.1687,36,0.395,0.0064,0.339,0.294,0.0,0.611,0.86,0.075,0.404,0.276,0.755,0.627,0.65,0.405,0.898,0.853,0.673,0.543,0.963,0.928,0.714,0.659
12,2,fiction,19960,10.0866,1.057,11.89,0.0,0.7153,5.8434,1.6767,4.1667,3.1687,36,0.395,0.006,0.508,0.301,0.0,0.581,0.818,0.074,0.45,0.25,0.749,0.626,0.655,0.376,0.884,0.834,0.677,0.504,0.951,0.911,0.717,0.617
12,2,math,19960,10.284,1.077,11.89,0.0,0.7153,5.8434,1.6767,4.1667,3.1687,36,0.395,0.0047,0.553,0.25,0.0,0.592,0.752,0.082,0.486,0.297,0.747,0.629,0.641,0.416,0.883,0.815,0.669,0.53,0.951,0.897,0.714,0.624
12,2,news,19960,9.9658,1.044,11.89,0.0,0.7153,5.8434,1.6767,4.1667,3.1687,36,0.395,0.004,0.525,0.069,0.0,0.358,0.857,0.114,0.491,0.25,0.838,0.754,0.765,0.347,0.952,0.915,0.786,0.443,0.985,0.962,0.816,0.511
12,2,val,5988,9.5465,1.0,11.89,0.0,0.7153,5.8434,1.6767,4.1667,3.1687,36,0.395,0.0041,0.598,0.142,0.0,0.511,0.799,0.13,0.509,0.268,0.782,0.698,0.691,0.374,0.903,0.853,0.724,0.478,0.962,0.928,0.762,0.564
12,3,code,19960,9.6338,1.075,10.2284,0.0,0.868,5.9717,0.7727,5.199,4.7154,31,0.189,0.004,0.667,0.037,0.0,0.121,0.984,0.076,0.154,0.583,0.929,0.849,0.876,0.541,0.965,0.954,0.882,0.565,0.981,0.972,0.892,0.597
12,3,dialogue,19960,9.1824,1.024,10.2284,0.0,0.868,5.9717,0.7727,5.199,4.7154,31,0.189,0.0084,0.257,0.374,0.0,0.138,0.946,0.071,0.186,0.579,0.914,0.837,0.854,0.539,0.953,0.939,0.861,0.586,0.973,0.96,0.872,0.651
12,3,fiction,19960,9.0182,1.006,10.2284,0.0,0.868,5.9717,0.7727,5.199,4.7154,31,0.189,0.0078,0.468,0.333,0.0,0.167,0.944,0.062,0.182,0.695,0.896,0.809,0.824,0.648,0.941,0.925,0.831,0.684,0.965,0.949,0.844,0.731
12,3,math,19960,9.3091,1.038,10.2284,0.0,0.868,5.9717,0.7727,5.199,4.7154,31,0.189,0.0053,0.519,0.303,0.0,0.14,0.965,0.073,0.165,0.703,0.93,0.846,0.855,0.645,0.962,0.95,0.862,0.669,0.979,0.968,0.873,0.703
12,3,news,19960,9.1738,1.023,10.2284,0.0,0.868,5.9717,0.7727,5.199,4.7154,31,0.189,0.004,0.531,0.08,0.0,0.139,0.982,0.073,0.159,0.714,0.924,0.846,0.851,0.656,0.961,0.95,0.858,0.677,0.978,0.968,0.869,0.704
12,3,val,5988,8.9641,1.0,10.2284,0.0,0.868,5.9717,0.7727,5.199,4.7154,31,0.189,0.0041,0.598,0.142,0.0,0.143,0.972,0.063,0.16,0.751,0.923,0.845,0.842,0.688,0.958,0.945,0.849,0.706,0.976,0.965,0.861,0.732
12,4,code,19960,10.067,1.203,9.3473,0.0,0.3657,5.8508,3.1592,2.6916,2.3736,9,0.734,0.004,0.658,0.017,0.0,0.164,0.299,0.245,1.361,0.043,0.921,0.795,0.865,0.049,0.954,0.878,0.887,0.096,0.979,0.913,0.901,0.186
12,4,dialogue,19960,10.3385,1.236,9.3473,0.0,0.3657,5.8508,3.1592,2.6916,2.3736,9,0.734,0.004,0.538,0.03,0.0,0.287,0.682,0.161,0.677,0.092,0.864,0.745,0.789,0.157,0.926,0.869,0.822,0.232,0.968,0.918,0.857,0.319
12,4,fiction,19960,9.7024,1.16,9.3473,0.0,0.3657,5.8508,3.1592,2.6916,2.3736,9,0.734,0.0038,0.584,0.017,0.0,0.299,0.536,0.136,1.241,0.062,0.843,0.718,0.776,0.094,0.902,0.838,0.806,0.152,0.95,0.885,0.839,0.256
12,4,math,19960,9.5262,1.139,9.3473,0.0,0.3657,5.8508,3.1592,2.6916,2.3736,9,0.734,0.0039,0.641,0.104,0.0,0.281,0.606,0.216,1.055,0.074,0.872,0.753,0.777,0.114,0.929,0.849,0.818,0.184,0.968,0.909,0.862,0.285
12,4,news,19960,9.6053,1.148,9.3473,0.0,0.3657,5.8508,3.1592,2.6916,2.3736,9,0.734,0.004,0.525,0.069,0.0,0.16,0.617,0.339,1.284,0.077,0.93,0.853,0.867,0.086,0.967,0.922,0.902,0.137,0.987,0.955,0.924,0.216
12,4,val,5988,8.3656,1.0,9.3473,0.0,0.3657,5.8508,3.1592,2.6916,2.3736,9,0.734,0.0041,0.598,0.142,0.0,0.247,0.67,0.345,1.463,0.069,0.883,0.799,0.795,0.088,0.937,0.874,0.851,0.149,0.974,0.938,0.898,0.236
12,5,code,19960,9.9878,1.046,11.6287,0.0,0.7766,5.9365,1.2426,4.6939,3.901,23,0.212,0.004,0.667,0.037,0.0,0.532,0.837,0.056,0.284,0.531,0.772,0.678,0.69,0.593,0.921,0.849,0.707,0.668,0.971,0.941,0.734,0.72
12,5,dialogue,19960,9.6653,1.012,11.6287,0.0,0.7766,5.9365,1.2426,4.6939,3.901,23,0.212,0.0082,0.261,0.367,0.0,0.435,0.906,0.051,0.27,0.514,0.801,0.727,0.736,0.599,0.946,0.895,0.749,0.678,0.981,0.963,0.772,0.746
12,5,fiction,19960,9.6544,1.011,11.6287,0.0,0.7766,5.9365,1.2426,4.6939,3.901,23,0.212,0.0074,0.45,0.33,0.0,0.615,0.886,0.054,0.313,0.498,0.756,0.648,0.655,0.615,0.919,0.849,0.673,0.719,0.971,0.945,0.702,0.788
12,5,math,19960,9.9735,1.044,11.6287,0.0,0.7766,5.9365,1.2426,4.6939,3.901,23,0.212,0.0053,0.519,0.303,0.0,0.499,0.875,0.06,0.28,0.588,0.809,0.704,0.699,0.663,0.942,0.874,0.716,0.735,0.98,0.958,0.741,0.783
12,5,news,19960,9.8585,1.032,11.6287,0.0,0.7766,5.9365,1.2426,4.6939,3.901,23,0.212,0.004,0.531,0.08,0.0,0.446,0.896,0.06,0.264,0.539,0.823,0.727,0.731,0.624,0.959,0.904,0.746,0.692,0.987,0.973,0.769,0.727
12,5,val,5988,9.5519,1.0,11.6287,0.0,0.7766,5.9365,1.2426,4.6939,3.901,23,0.212,0.0041,0.598,0.142,0.0,0.538,0.875,0.053,0.31,0.519,0.786,0.698,0.685,0.605,0.928,0.866,0.701,0.685,0.973,0.949,0.728,0.738
12,6,code,19960,11.8755,1.101,11.208,0.0,0.3155,5.8172,4.1533,1.6638,1.0156,29,0.458,0.004,0.658,0.017,0.0,0.56,0.257,0.377,1.788,0.077,0.769,0.631,0.663,0.133,0.878,0.711,0.695,0.223,0.952,0.774,0.764,0.355
12,6,dialogue,19960,11.6781,1.082,11.208,0.0,0.3155,5.8172,4.1533,1.6638,1.0156,29,0.458,0.004,0.538,0.03,0.0,0.68,0.282,0.294,1.852,0.086,0.73,0.6,0.627,0.153,0.856,0.691,0.667,0.245,0.941,0.77,0.74,0.385
12,6,fiction,19960,11.5569,1.071,11.208,0.0,0.3155,5.8172,4.1533,1.6638,1.0156,29,0.458,0.0038,0.584,0.017,0.0,0.658,0.282,0.229,1.749,0.093,0.724,0.581,0.613,0.163,0.849,0.676,0.64,0.27,0.938,0.752,0.706,0.416
12,6,math,19960,12.0701,1.119,11.208,0.0,0.3155,5.8172,4.1533,1.6638,1.0156,29,0.458,0.0039,0.641,0.104,0.0,0.797,0.296,0.363,1.854,0.129,0.661,0.473,0.483,0.223,0.816,0.57,0.532,0.352,0.927,0.677,0.651,0.504
12,6,news,19960,11.4908,1.065,11.208,0.0,0.3155,5.8172,4.1533,1.6638,1.0156,29,0.458,0.004,0.525,0.069,0.0,0.361,0.289,0.183,2.064,0.089,0.839,0.738,0.746,0.119,0.92,0.79,0.772,0.188,0.969,0.839,0.803,0.288
12,6,val,5988,10.7905,1.0,11.208,0.0,0.3155,5.8172,4.1533,1.6638,1.0156,29,0.458,0.0041,0.598,0.142,0.0,0.676,0.317,0.283,1.975,0.11,0.707,0.567,0.568,0.153,0.827,0.646,0.624,0.246,0.922,0.74,0.705,0.37
12,7,code,19960,11.4515,1.156,10.8115,0.0,0.2846,5.8222,3.9487,1.8734,1.4396,40,0.197,0.004,0.658,0.017,0.0,0.925,0.186,0.104,2.132,0.131,0.594,0.336,0.349,0.208,0.77,0.416,0.395,0.344,0.906,0.526,0.494,0.538
12,7,dialogue,19960,11.3087,1.142,10.8115,0.0,0.2846,5.8222,3.9487,1.8734,1.4396,40,0.197,0.004,0.538,0.03,0.0,0.954,0.343,0.158,1.99,0.175,0.575,0.317,0.326,0.232,0.752,0.458,0.409,0.357,0.895,0.561,0.516,0.562
12,7,fiction,19960,10.7439,1.085,10.8115,0.0,0.2846,5.8222,3.9487,1.8734,1.4396,40,0.197,0.0038,0.584,0.017,0.0,0.912,0.334,0.174,1.943,0.177,0.573,0.357,0.373,0.236,0.742,0.492,0.46,0.376,0.883,0.593,0.54,0.563
12,7,math,19960,11.2045,1.131,10.8115,0.0,0.2846,5.8222,3.9487,1.8734,1.4396,40,0.197,0.0039,0.641,0.104,0.0,0.946,0.253,0.169,2.111,0.186,0.564,0.286,0.286,0.248,0.735,0.39,0.377,0.394,0.878,0.515,0.463,0.576
12,7,news,19960,10.7769,1.088,10.8115,0.0,0.2846,5.8222,3.9487,1.8734,1.4396,40,0.197,0.004,0.525,0.069,0.0,0.821,0.381,0.157,1.909,0.21,0.658,0.478,0.489,0.216,0.812,0.596,0.548,0.339,0.919,0.7,0.616,0.489
12,7,val,5988,9.9035,1.0,10.8115,0.0,0.2846,5.8222,3.9487,1.8734,1.4396,40,0.197,0.0041,0.598,0.142,0.0,0.916,0.31,0.181,2.118,0.178,0.57,0.318,0.315,0.186,0.729,0.434,0.398,0.301,0.866,0.572,0.507,0.462
12,8,code,19960,11.7066,1.093,16.4287,0.0,0.6791,5.9446,1.8474,4.0972,3.2176,3,0.112,0.004,0.658,0.017,0.0,0.588,0.77,0.111,0.498,0.523,0.795,0.621,0.635,0.632,0.933,0.828,0.66,0.739,0.982,0.946,0.701,0.801
12,8,dialogue,19960,11.3426,1.059,16.4287,0.0,0.6791,5.9446,1.8474,4.0972,3.2176,3,0.112,0.004,0.538,0.03,0.0,0.618,0.844,0.115,0.462,0.584,0.787,0.667,0.636,0.686,0.937,0.859,0.661,0.799,0.985,0.961,0.703,0.846
12,8,fiction,19960,11.4359,1.067,16.4287,0.0,0.6791,5.9446,1.8474,4.0972,3.2176,3,0.112,0.0038,0.584,0.017,0.0,0.659,0.83,0.11,0.506,0.551,0.79,0.649,0.593,0.676,0.932,0.834,0.622,0.804,0.984,0.954,0.665,0.861
12,8,math,19960,11.412,1.065,16.4287,0.0,0.6791,5.9446,1.8474,4.0972,3.2176,3,0.112,0.0039,0.641,0.104,0.0,0.607,0.795,0.101,0.497,0.6,0.816,0.681,0.624,0.719,0.944,0.845,0.648,0.828,0.987,0.955,0.689,0.874
12,8,news,19960,11.0302,1.03,16.4287,0.0,0.6791,5.9446,1.8474,4.0972,3.2176,3,0.112,0.004,0.525,0.069,0.0,0.479,0.806,0.099,0.44,0.579,0.834,0.674,0.702,0.671,0.967,0.888,0.725,0.755,0.994,0.973,0.753,0.789
12,8,val,5988,10.7138,1.0,16.4287,0.0,0.6791,5.9446,1.8474,4.0972,3.2176,3,0.112,0.0041,0.598,0.142,0.0,0.633,0.804,0.12,0.538,0.568,0.794,0.641,0.602,0.677,0.933,0.835,0.63,0.792,0.982,0.948,0.678,0.846
12,9,code,19960,10.4982,1.125,11.9861,0.0,0.3432,5.9405,2.9815,2.959,2.7763,21,0.204,0.004,0.658,0.017,0.0,0.951,0.604,0.362,1.308,0.137,0.563,0.351,0.335,0.206,0.743,0.559,0.504,0.344,0.888,0.746,0.629,0.516
12,9,dialogue,19960,10.2314,1.097,11.9861,0.0,0.3432,5.9405,2.9815,2.959,2.7763,21,0.204,0.004,0.538,0.03,0.0,0.971,0.694,0.336,1.015,0.195,0.524,0.355,0.33,0.267,0.703,0.573,0.467,0.387,0.852,0.723,0.591,0.549
12,9,fiction,19960,10.425,1.117,11.9861,0.0,0.3432,5.9405,2.9815,2.959,2.7763,21,0.204,0.0038,0.584,0.017,0.0,0.949,0.685,0.201,1.12,0.184,0.547,0.362,0.395,0.244,0.721,0.594,0.482,0.382,0.864,0.753,0.589,0.541
12,9,math,19960,10.4799,1.123,11.9861,0.0,0.3432,5.9405,2.9815,2.959,2.7763,21,0.204,0.0039,0.641,0.104,0.0,0.965,0.659,0.286,1.04,0.191,0.536,0.338,0.286,0.285,0.713,0.545,0.424,0.439,0.861,0.714,0.562,0.599
12,9,news,19960,10.3368,1.108,11.9861,0.0,0.3432,5.9405,2.9815,2.959,2.7763,21,0.204,0.004,0.525,0.069,0.0,0.834,0.782,0.253,0.931,0.289,0.702,0.497,0.479,0.408,0.869,0.755,0.561,0.562,0.954,0.872,0.664,0.676
12,9,val,5988,9.3298,1.0,11.9861,0.0,0.3432,5.9405,2.9815,2.959,2.7763,21,0.204,0.0041,0.598,0.142,0.0,0.952,0.709,0.287,1.072,0.208,0.545,0.389,0.353,0.262,0.718,0.593,0.482,0.397,0.864,0.765,0.598,0.547
12,10,code,19960,10.1041,1.272,8.7457,0.0,0.2459,5.8719,3.7647,2.1072,1.7874,50,0.317,0.004,0.658,0.017,0.0,0.837,0.201,0.136,1.24,0.095,0.651,0.479,0.5,0.161,0.799,0.562,0.526,0.27,0.91,0.659,0.599,0.437
12,10,dialogue,19960,9.4263,1.187,8.7457,0.0,0.2459,5.8719,3.7647,2.1072,1.7874,50,0.317,0.004,0.538,0.03,0.0,0.964,0.133,0.109,1.359,0.096,0.555,0.362,0.37,0.161,0.721,0.426,0.402,0.269,0.858,0.522,0.471,0.43
12,10,fiction,19960,9.8994,1.246,8.7457,0.0,0.2459,5.8719,3.7647,2.1072,1.7874,50,0.317,0.0043,0.593,0.165,0.0,0.973,0.073,0.022,1.427,0.108,0.476,0.331,0.34,0.188,0.659,0.371,0.35,0.307,0.825,0.484,0.413,0.472
12,10,math,19960,9.1614,1.154,8.7457,0.0,0.2459,5.8719,3.7647,2.1072,1.7874,50,0.317,0.0039,0.641,0.104,0.0,0.951,0.403,0.287,1.244,0.119,0.573,0.364,0.36,0.19,0.743,0.489,0.406,0.323,0.878,0.62,0.535,0.507
12,10,news,19960,8.9678,1.129,8.7457,0.0,0.2459,5.8719,3.7647,2.1072,1.7874,50,0.317,0.004,0.525,0.069,0.0,0.768,0.389,0.252,1.316,0.09,0.682,0.556,0.565,0.112,0.795,0.651,0.614,0.197,0.894,0.741,0.69,0.326
12,10,val,5988,7.9422,1.0,8.7457,0.0,0.2459,5.8719,3.7647,2.1072,1.7874,50,0.317,0.0041,0.598,0.142,0.0,0.929,0.356,0.195,1.527,0.105,0.543,0.409,0.396,0.12,0.677,0.519,0.482,0.21,0.809,0.652,0.598,0.349
12,11,code,19960,12.9659,1.284,11.0682,0.0,0.163,5.8093,4.2041,1.6052,1.56,40,0.397,0.0251,0.733,0.344,0.0,0.714,0.131,0.201,1.29,0.079,0.762,0.512,0.55,0.155,0.886,0.588,0.554,0.275,0.959,0.677,0.67,0.479
12,11,dialogue,19960,11.3026,1.119,11.0682,0.0,0.163,5.8093,4.2041,1.6052,1.56,40,0.397,0.0162,0.59,0.268,0.0,0.692,0.127,0.135,1.275,0.05,0.751,0.542,0.593,0.098,0.863,0.619,0.595,0.179,0.942,0.69,0.706,0.339
12,11,fiction,19960,10.6837,1.058,11.0682,0.0,0.163,5.8093,4.2041,1.6052,1.56,40,0.397,0.0229,0.672,0.389,0.0,0.536,0.148,0.153,1.177,0.053,0.768,0.618,0.675,0.105,0.857,0.703,0.678,0.199,0.933,0.778,0.79,0.41
12,11,math,19960,11.6726,1.156,11.0682,0.0,0.163,5.8093,4.2041,1.6052,1.56,40,0.397,0.0222,0.694,0.362,0.0,0.824,0.22,0.29,1.413,0.093,0.706,0.435,0.462,0.164,0.844,0.529,0.47,0.287,0.935,0.672,0.664,0.47
12,11,news,19960,11.0509,1.095,11.0682,0.0,0.163,5.8093,4.2041,1.6052,1.56,40,0.397,0.0323,0.773,0.406,0.0,0.246,0.266,0.235,1.338,0.062,0.872,0.772,0.795,0.106,0.926,0.825,0.801,0.196,0.964,0.873,0.866,0.369
12,11,val,5988,10.0963,1.0,11.0682,0.0,0.163,5.8093,4.2041,1.6052,1.56,40,0.397,0.0246,0.868,0.4,0.0,0.842,0.604,0.579,1.499,0.078,0.687,0.451,0.449,0.103,0.826,0.651,0.624,0.189,0.92,0.792,0.773,0.349
12,12,code,19960,10.576,1.105,11.7827,0.0,0.8294,5.9698,1.2247,4.7451,2.7623,43,0.406,0.004,0.658,0.017,0.0,0.072,0.747,0.043,0.296,0.5,0.94,0.896,0.917,0.525,0.986,0.967,0.92,0.556,0.994,0.979,0.93,0.596
12,12,dialogue,19960,9.9385,1.039,11.7827,0.0,0.8294,5.9698,1.2247,4.7451,2.7623,43,0.406,0.0046,0.467,0.176,0.0,0.042,0.901,0.073,0.195,0.476,0.948,0.922,0.937,0.495,0.987,0.98,0.94,0.525,0.994,0.989,0.95,0.576
12,12,fiction,19960,9.5309,0.996,11.7827,0.0,0.8294,5.9698,1.2247,4.7451,2.7623,43,0.406,0.0046,0.571,0.196,0.0,0.12,0.877,0.056,0.24,0.504,0.916,0.866,0.882,0.548,0.978,0.96,0.886,0.587,0.989,0.976,0.9,0.635
12,12,math,19960,9.9726,1.042,11.7827,0.0,0.8294,5.9698,1.2247,4.7451,2.7623,43,0.406,0.0043,0.593,0.206,0.0,0.102,0.86,0.073,0.246,0.569,0.931,0.887,0.895,0.606,0.981,0.963,0.9,0.638,0.991,0.978,0.913,0.678
12,12,news,19960,9.5737,1.001,11.7827,0.0,0.8294,5.9698,1.2247,4.7451,2.7623,43,0.406,0.004,0.525,0.069,0.0,0.106,0.835,0.086,0.297,0.481,0.929,0.892,0.894,0.516,0.984,0.965,0.899,0.551,0.993,0.979,0.913,0.589
12,12,val,5988,9.5686,1.0,11.7827,0.0,0.8294,5.9698,1.2247,4.7451,2.7623,43,0.406,0.0041,0.598,0.142,0.0,0.142,0.737,0.098,0.435,0.519,0.926,0.874,0.871,0.555,0.982,0.948,0.878,0.598,0.992,0.964,0.894,0.637
12,13,code,19960,10.7097,1.253,8.6488,0.0,0.3788,5.8024,3.4908,2.3117,1.7129,56,0.717,0.004,0.658,0.017,0.0,0.266,0.269,0.145,1.639,0.076,0.857,0.74,0.768,0.093,0.918,0.807,0.795,0.151,0.963,0.851,0.817,0.243
12,13,dialogue,19960,9.6046,1.124,8.6488,0.0,0.3788,5.8024,3.4908,2.3117,1.7129,56,0.717,0.0058,0.368,0.269,0.0,0.145,0.333,0.146,1.521,0.045,0.927,0.848,0.868,0.059,0.957,0.892,0.885,0.101,0.979,0.92,0.916,0.192
12,13,fiction,19960,9.5305,1.115,8.6488,0.0,0.3788,5.8024,3.4908,2.3117,1.7129,56,0.717,0.0052,0.538,0.26,0.0,0.213,0.225,0.158,1.57,0.054,0.86,0.767,0.803,0.065,0.906,0.832,0.828,0.12,0.949,0.864,0.854,0.227
12,13,math,19960,9.9946,1.17,8.6488,0.0,0.3788,5.8024,3.4908,2.3117,1.7129,56,0.717,0.0046,0.56,0.236,0.0,0.411,0.354,0.149,1.405,0.099,0.795,0.681,0.69,0.132,0.877,0.753,0.726,0.209,0.942,0.824,0.781,0.325
12,13,news,19960,9.544,1.117,8.6488,0.0,0.3788,5.8024,3.4908,2.3117,1.7129,56,0.717,0.004,0.525,0.069,0.0,0.124,0.42,0.348,1.55,0.065,0.915,0.857,0.865,0.068,0.949,0.898,0.89,0.106,0.974,0.927,0.918,0.175
12,13,val,5988,8.5456,1.0,8.6488,0.0,0.3788,5.8024,3.4908,2.3117,1.7129,56,0.717,0.0041,0.598,0.142,0.0,0.191,0.557,0.402,1.848,0.073,0.872,0.811,0.808,0.074,0.917,0.858,0.851,0.113,0.957,0.906,0.889,0.175
12,14,code,19960,10.9926,1.412,9.4339,0.0,0.121,5.73,3.9464,1.7836,1.7422,43,0.191,0.0164,0.335,0.317,0.0,0.825,0.127,0.003,1.535,0.078,0.672,0.367,0.489,0.153,0.827,0.52,0.492,0.268,0.93,0.6,0.65,0.461
12,14,dialogue,19960,9.3495,1.201,9.4339,0.0,0.121,5.73,3.9464,1.7836,1.7422,43,0.191,0.0095,0.389,0.222,0.0,0.911,0.131,0.003,1.617,0.051,0.608,0.341,0.411,0.1,0.762,0.439,0.413,0.184,0.886,0.542,0.531,0.335
12,14,fiction,19960,8.8243,1.134,9.4339,0.0,0.121,5.73,3.9464,1.7836,1.7422,43,0.191,0.0178,0.555,0.417,0.0,0.874,0.098,0.002,1.632,0.048,0.602,0.395,0.465,0.096,0.732,0.486,0.468,0.182,0.859,0.579,0.553,0.355
12,14,math,19960,9.5117,1.222,9.4339,0.0,0.121,5.73,3.9464,1.7836,1.7422,43,0.191,0.016,0.531,0.308,0.0,0.925,0.165,0.015,1.793,0.099,0.565,0.281,0.355,0.15,0.732,0.399,0.368,0.266,0.872,0.525,0.55,0.444
12,14,news,19960,9.1749,1.179,9.4339,0.0,0.121,5.73,3.9464,1.7836,1.7422,43,0.191,0.024,0.731,0.381,0.0,0.73,0.193,0.061,1.754,0.076,0.708,0.495,0.597,0.103,0.806,0.632,0.616,0.184,0.891,0.699,0.716,0.337
12,14,val,5988,7.7848,1.0,9.4339,0.0,0.121,5.73,3.9464,1.7836,1.7422,43,0.191,0.0113,0.664,0.331,0.0,0.947,0.578,0.458,1.797,0.075,0.509,0.273,0.265,0.083,0.663,0.475,0.451,0.156,0.805,0.621,0.604,0.284
12,15,code,19960,13.6624,1.122,12.6682,0.0,0.547,5.9415,2.7518,3.1898,1.8257,19,0.548,0.004,0.658,0.017,0.0,0.688,0.523,0.085,0.766,0.092,0.781,0.483,0.501,0.234,0.895,0.687,0.545,0.39,0.96,0.798,0.588,0.546
12,15,dialogue,19960,12.652,1.039,12.6682,0.0,0.547,5.9415,2.7518,3.1898,1.8257,19,0.548,0.004,0.531,0.051,0.0,0.585,0.644,0.072,0.484,0.064,0.77,0.586,0.606,0.17,0.881,0.759,0.646,0.315,0.951,0.843,0.679,0.465
12,15,fiction,19960,12.4267,1.021,12.6682,0.0,0.547,5.9415,2.7518,3.1898,1.8257,19,0.548,0.004,0.582,0.051,0.0,0.439,0.593,0.07,0.551,0.068,0.811,0.656,0.69,0.16,0.892,0.804,0.719,0.255,0.946,0.863,0.741,0.379
12,15,math,19960,12.8618,1.057,12.6682,0.0,0.547,5.9415,2.7518,3.1898,1.8257,19,0.548,0.004,0.625,0.134,0.0,0.746,0.508,0.109,0.778,0.109,0.72,0.48,0.483,0.227,0.849,0.652,0.544,0.367,0.934,0.762,0.59,0.522
12,15,news,19960,12.6699,1.041,12.6682,0.0,0.547,5.9415,2.7518,3.1898,1.8257,19,0.548,0.004,0.525,0.069,0.0,0.297,0.525,0.182,1.03,0.07,0.887,0.764,0.774,0.116,0.948,0.858,0.81,0.193,0.979,0.909,0.832,0.29
12,15,val,5988,12.174,1.0,12.6682,0.0,0.547,5.9415,2.7518,3.1898,1.8257,19,0.548,0.0041,0.598,0.142,0.0,0.565,0.398,0.162,1.27,0.087,0.776,0.611,0.607,0.121,0.867,0.706,0.664,0.2,0.933,0.789,0.713,0.321
13,0,code,19960,12.0955,1.096,10.5403,0.0,0.4457,5.9007,3.9531,1.9475,1.2208,28,0.415,0.004,0.642,0.036,0.0,0.496,0.414,0.374,1.778,0.073,0.794,0.627,0.672,0.109,0.891,0.737,0.765,0.189,0.956,0.815,0.816,0.311
13,0,dialogue,19960,12.1802,1.104,10.5403,0.0,0.4457,5.9007,3.9531,1.9475,1.2208,28,0.415,0.0041,0.524,0.07,0.0,0.875,0.415,0.405,1.808,0.118,0.609,0.429,0.425,0.199,0.772,0.554,0.59,0.308,0.9,0.69,0.662,0.47
13,0,fiction,19960,11.9418,1.082,10.5403,0.0,0.4457,5.9007,3.9531,1.9475,1.2208,28,0.415,0.0042,0.542,0.117,0.0,0.847,0.372,0.294,1.769,0.136,0.614,0.411,0.424,0.204,0.778,0.536,0.562,0.327,0.906,0.666,0.631,0.502
13,0,math,19960,12.1226,1.099,10.5403,0.0,0.4457,5.9007,3.9531,1.9475,1.2208,28,0.415,0.0038,0.649,0.104,0.0,0.722,0.34,0.312,1.69,0.107,0.675,0.503,0.502,0.17,0.81,0.603,0.618,0.273,0.917,0.692,0.675,0.412
13,0,news,19960,11.6794,1.058,10.5403,0.0,0.4457,5.9007,3.9531,1.9475,1.2208,28,0.415,0.004,0.525,0.069,0.0,0.573,0.437,0.231,1.774,0.14,0.793,0.633,0.644,0.184,0.909,0.742,0.706,0.286,0.969,0.821,0.745,0.411
13,0,val,5988,11.0342,1.0,10.5403,0.0,0.4457,5.9007,3.9531,1.9475,1.2208,28,0.415,0.0041,0.598,0.142,0.0,0.774,0.422,0.314,1.766,0.154,0.671,0.504,0.496,0.205,0.813,0.618,0.603,0.31,0.919,0.722,0.659,0.441
13,1,code,19960,11.5349,1.223,10.9002,0.0,0.175,5.8114,4.344,1.4674,1.3078,13,0.384,0.004,0.658,0.017,0.0,0.545,0.235,0.206,2.02,0.054,0.829,0.593,0.637,0.082,0.925,0.695,0.696,0.151,0.975,0.764,0.748,0.272
13,1,dialogue,19960,10.1163,1.073,10.9002,0.0,0.175,5.8114,4.344,1.4674,1.3078,13,0.384,0.004,0.538,0.03,0.0,0.561,0.206,0.102,2.072,0.044,0.819,0.621,0.653,0.061,0.9,0.693,0.677,0.118,0.957,0.763,0.788,0.22
13,1,fiction,19960,9.9391,1.054,10.9002,0.0,0.175,5.8114,4.344,1.4674,1.3078,13,0.384,0.0043,0.535,0.158,0.0,0.569,0.299,0.354,1.948,0.052,0.786,0.572,0.614,0.064,0.882,0.7,0.718,0.122,0.948,0.762,0.753,0.249
13,1,math,19960,10.7238,1.137,10.9002,0.0,0.175,5.8114,4.344,1.4674,1.3078,13,0.384,0.004,0.633,0.119,0.0,0.714,0.198,0.111,2.146,0.07,0.76,0.483,0.515,0.105,0.876,0.579,0.557,0.185,0.949,0.661,0.62,0.31
13,1,news,19960,10.4462,1.108,10.9002,0.0,0.175,5.8114,4.344,1.4674,1.3078,13,0.384,0.004,0.525,0.069,0.0,0.494,0.357,0.193,1.92,0.095,0.843,0.671,0.672,0.097,0.924,0.745,0.733,0.165,0.968,0.823,0.803,0.266
13,1,val,5988,9.4305,1.0,10.9002,0.0,0.175,5.8114,4.344,1.4674,1.3078,13,0.384,0.0041,0.598,0.142,0.0,0.863,0.405,0.315,2.087,0.081,0.711,0.428,0.424,0.086,0.844,0.572,0.562,0.149,0.93,0.709,0.658,0.259
13,2,code,19960,12.3902,1.155,10.5845,0.0,0.4098,5.8537,3.689,2.1648,1.466,40,0.42,0.004,0.658,0.017,0.0,0.646,0.296,0.237,1.755,0.085,0.734,0.56,0.606,0.142,0.849,0.676,0.679,0.223,0.933,0.735,0.713,0.364
13,2,dialogue,19960,11.6526,1.086,10.5845,0.0,0.4098,5.8537,3.689,2.1648,1.466,40,0.42,0.0057,0.377,0.26,0.0,0.809,0.465,0.206,1.21,0.107,0.675,0.536,0.557,0.225,0.828,0.675,0.626,0.34,0.929,0.763,0.684,0.511
13,2,fiction,19960,11.4745,1.07,10.5845,0.0,0.4098,5.8537,3.689,2.1648,1.466,40,0.42,0.0055,0.509,0.279,0.0,0.747,0.465,0.198,1.326,0.113,0.682,0.52,0.559,0.212,0.82,0.67,0.619,0.333,0.919,0.762,0.701,0.497
13,2,math,19960,12.2858,1.145,10.5845,0.0,0.4098,5.8537,3.689,2.1648,1.466,40,0.42,0.0044,0.58,0.228,0.0,0.779,0.333,0.26,1.572,0.14,0.666,0.464,0.478,0.233,0.809,0.581,0.565,0.348,0.913,0.677,0.635,0.493
13,2,news,19960,11.3079,1.054,10.5845,0.0,0.4098,5.8537,3.689,2.1648,1.466,40,0.42,0.004,0.525,0.069,0.0,0.5,0.42,0.239,1.753,0.102,0.792,0.679,0.7,0.141,0.886,0.78,0.762,0.219,0.949,0.837,0.805,0.329
13,2,val,5988,10.7274,1.0,10.5845,0.0,0.4098,5.8537,3.689,2.1648,1.466,40,0.42,0.0041,0.598,0.142,0.0,0.709,0.356,0.254,1.707,0.113,0.681,0.532,0.538,0.161,0.801,0.635,0.622,0.248,0.901,0.732,0.704,0.369
13,3,code,19960,11.5592,1.185,8.8861,0.0,0.3833,5.8642,3.5634,2.3009,1.4529,26,0.208,0.004,0.667,0.037,0.0,0.605,0.327,0.121,2.207,0.333,0.823,0.541,0.559,0.212,0.909,0.647,0.604,0.303,0.96,0.742,0.679,0.402
13,3,dialogue,19960,11.0941,1.137,8.8861,0.0,0.3833,5.8642,3.5634,2.3009,1.4529,26,0.208,0.0071,0.303,0.297,0.0,0.361,0.309,0.093,1.242,0.532,0.867,0.703,0.716,0.461,0.931,0.754,0.749,0.522,0.969,0.828,0.786,0.6
13,3,fiction,19960,10.4724,1.073,8.8861,0.0,0.3833,5.8642,3.5634,2.3009,1.4529,26,0.208,0.007,0.486,0.301,0.0,0.424,0.33,0.101,1.072,0.648,0.851,0.649,0.661,0.56,0.92,0.72,0.699,0.634,0.961,0.803,0.75,0.709
13,3,math,19960,11.0595,1.134,8.8861,0.0,0.3833,5.8642,3.5634,2.3009,1.4529,26,0.208,0.0049,0.561,0.268,0.0,0.606,0.315,0.121,1.798,0.425,0.802,0.549,0.559,0.325,0.892,0.643,0.613,0.414,0.95,0.735,0.681,0.511
13,3,news,19960,9.9808,1.023,8.8861,0.0,0.3833,5.8642,3.5634,2.3009,1.4529,26,0.208,0.004,0.531,0.08,0.0,0.604,0.387,0.099,1.666,0.62,0.845,0.536,0.541,0.435,0.924,0.67,0.58,0.547,0.964,0.769,0.651,0.637
13,3,val,5988,9.7568,1.0,8.8861,0.0,0.3833,5.8642,3.5634,2.3009,1.4529,26,0.208,0.0041,0.598,0.142,0.0,0.666,0.372,0.089,1.901,0.598,0.82,0.488,0.483,0.372,0.896,0.617,0.531,0.481,0.946,0.723,0.611,0.567
13,4,code,19452,7.2866,1.484,7.6834,0.0,0.1129,5.7643,5.3923,0.372,0.2717,13,0.862,0.004,0.667,0.037,0.0,0.013,0.752,0.828,1.291,0.014,0.999,0.988,0.988,0.01,1.0,0.995,0.997,0.024,1.0,0.997,0.997,0.068
13,4,dialogue,19764,5.9939,1.221,7.6834,0.0,0.1129,5.7643,5.3923,0.372,0.2717,13,0.862,0.0074,0.291,0.338,0.0,0.012,0.454,0.428,1.415,0.023,0.999,0.989,0.989,0.021,1.0,0.992,0.993,0.04,1.0,0.997,0.996,0.09
13,4,fiction,19834,5.6819,1.157,7.6834,0.0,0.1129,5.7643,5.3923,0.372,0.2717,13,0.862,0.0071,0.493,0.301,0.0,0.044,0.398,0.379,1.438,0.024,0.994,0.954,0.955,0.026,0.999,0.965,0.965,0.051,1.0,0.989,0.987,0.107
13,4,math,19398,6.1057,1.244,7.6834,0.0,0.1129,5.7643,5.3923,0.372,0.2717,13,0.862,0.005,0.535,0.286,0.0,0.072,0.743,0.755,1.378,0.026,0.998,0.93,0.93,0.028,1.0,0.975,0.981,0.051,1.0,0.989,0.985,0.102
13,4,news,19725,5.2716,1.074,7.6834,0.0,0.1129,5.7643,5.3923,0.372,0.2717,13,0.862,0.004,0.531,0.08,0.0,0.047,0.656,0.642,1.412,0.03,0.998,0.954,0.955,0.023,1.0,0.975,0.978,0.04,1.0,0.993,0.992,0.067
13,4,val,5908,4.9097,1.0,7.6834,0.0,0.1129,5.7643,5.3923,0.372,0.2717,13,0.862,0.0041,0.598,0.142,0.0,0.117,0.724,0.716,1.467,0.038,0.996,0.885,0.885,0.036,1.0,0.953,0.961,0.065,1.0,0.99,0.989,0.108
13,5,code,19960,11.8644,1.115,11.3514,0.0,0.4133,5.8912,3.4279,2.4633,1.8402,23,0.355,0.004,0.658,0.017,0.0,0.645,0.386,0.217,1.387,0.112,0.721,0.58,0.614,0.17,0.852,0.692,0.685,0.274,0.942,0.777,0.704,0.413
13,5,dialogue,19960,11.9362,1.122,11.3514,0.0,0.4133,5.8912,3.4279,2.4633,1.8402,23,0.355,0.004,0.531,0.051,0.0,0.837,0.415,0.165,1.177,0.17,0.636,0.482,0.493,0.267,0.803,0.621,0.583,0.403,0.92,0.736,0.61,0.556
13,5,fiction,19960,11.3254,1.065,11.3514,0.0,0.4133,5.8912,3.4279,2.4633,1.8402,23,0.355,0.004,0.562,0.067,0.0,0.848,0.446,0.182,1.317,0.157,0.623,0.451,0.472,0.245,0.791,0.603,0.561,0.379,0.912,0.73,0.603,0.535
13,5,math,19960,11.793,1.109,11.3514,0.0,0.4133,5.8912,3.4279,2.4633,1.8402,23,0.355,0.0038,0.649,0.104,0.0,0.789,0.433,0.203,1.284,0.158,0.67,0.505,0.507,0.254,0.826,0.63,0.601,0.385,0.931,0.738,0.632,0.521
13,5,news,19960,11.3791,1.07,11.3514,0.0,0.4133,5.8912,3.4279,2.4633,1.8402,23,0.355,0.004,0.525,0.069,0.0,0.626,0.49,0.156,1.373,0.177,0.764,0.633,0.639,0.242,0.899,0.751,0.696,0.358,0.968,0.843,0.733,0.474
13,5,val,5988,10.638,1.0,11.3514,0.0,0.4133,5.8912,3.4279,2.4633,1.8402,23,0.355,0.0041,0.598,0.142,0.0,0.773,0.459,0.24,1.389,0.158,0.674,0.52,0.507,0.227,0.822,0.643,0.592,0.358,0.928,0.768,0.661,0.506
13,6,code,19960,12.3938,1.116,11.1848,0.0,0.2728,5.8307,4.1561,1.6746,1.2545,63,0.398,0.004,0.658,0.017,0.0,0.907,0.257,0.223,1.584,0.144,0.589,0.405,0.412,0.229,0.769,0.488,0.503,0.374,0.905,0.607,0.579,0.551
13,6,dialogue,19960,11.3712,1.024,11.1848,0.0,0.2728,5.8307,4.1561,1.6746,1.2545,63,0.398,0.0042,0.518,0.084,0.0,0.843,0.268,0.204,1.443,0.068,0.628,0.483,0.497,0.149,0.778,0.556,0.556,0.248,0.898,0.667,0.671,0.418
13,6,fiction,19960,11.5289,1.038,11.1848,0.0,0.2728,5.8307,4.1561,1.6746,1.2545,63,0.398,0.0044,0.573,0.177,0.0,0.697,0.246,0.199,1.615,0.058,0.689,0.527,0.551,0.103,0.804,0.583,0.601,0.191,0.904,0.7,0.731,0.336
13,6,math,19960,12.234,1.102,11.1848,0.0,0.2728,5.8307,4.1561,1.6746,1.2545,63,0.398,0.0038,0.649,0.104,0.0,0.912,0.285,0.296,1.721,0.126,0.587,0.364,0.363,0.215,0.755,0.46,0.477,0.346,0.89,0.582,0.555,0.518
13,6,news,19960,12.0426,1.085,11.1848,0.0,0.2728,5.8307,4.1561,1.6746,1.2545,63,0.398,0.004,0.525,0.069,0.0,0.613,0.22,0.18,1.974,0.094,0.766,0.623,0.622,0.121,0.875,0.678,0.677,0.203,0.949,0.749,0.723,0.326
13,6,val,5988,11.1018,1.0,11.1848,0.0,0.2728,5.8307,4.1561,1.6746,1.2545,63,0.398,0.0041,0.598,0.142,0.0,0.834,0.322,0.249,2.01,0.091,0.639,0.46,0.454,0.116,0.77,0.554,0.547,0.2,0.885,0.675,0.654,0.335
13,7,code,19960,10.246,1.155,8.7652,0.0,0.3281,5.8781,3.8076,2.0704,1.6282,10,0.448,0.004,0.667,0.037,0.0,0.458,0.408,0.395,1.745,0.045,0.79,0.716,0.742,0.08,0.861,0.791,0.781,0.133,0.928,0.845,0.84,0.235
13,7,dialogue,19960,10.5812,1.192,8.7652,0.0,0.3281,5.8781,3.8076,2.0704,1.6282,10,0.448,0.0081,0.265,0.358,0.0,0.65,0.505,0.209,1.487,0.055,0.727,0.649,0.672,0.106,0.817,0.749,0.718,0.185,0.902,0.823,0.78,0.337
13,7,fiction,19960,10.1283,1.141,8.7652,0.0,0.3281,5.8781,3.8076,2.0704,1.6282,10,0.448,0.0077,0.474,0.331,0.0,0.809,0.448,0.259,1.481,0.066,0.649,0.556,0.583,0.121,0.758,0.661,0.622,0.211,0.868,0.764,0.727,0.389
13,7,math,19960,10.118,1.14,8.7652,0.0,0.3281,5.8781,3.8076,2.0704,1.6282,10,0.448,0.0053,0.519,0.303,0.0,0.701,0.384,0.245,1.588,0.069,0.672,0.578,0.589,0.124,0.781,0.666,0.648,0.208,0.884,0.756,0.721,0.346
13,7,news,19960,9.5984,1.082,8.7652,0.0,0.3281,5.8781,3.8076,2.0704,1.6282,10,0.448,0.0042,0.512,0.1,0.0,0.815,0.451,0.21,1.647,0.093,0.673,0.593,0.595,0.14,0.795,0.687,0.647,0.238,0.899,0.784,0.721,0.375
13,7,val,5988,8.8734,1.0,8.7652,0.0,0.3281,5.8781,3.8076,2.0704,1.6282,10,0.448,0.0041,0.598,0.142,0.0,0.852,0.375,0.209,1.77,0.084,0.607,0.516,0.516,0.125,0.724,0.605,0.571,0.206,0.842,0.714,0.673,0.329
13,8,code,19960,11.5318,1.075,11.9573,0.0,0.3941,5.9608,3.107,2.8538,2.4584,24,0.212,0.004,0.642,0.025,0.0,0.706,0.396,0.077,1.505,0.233,0.692,0.546,0.596,0.282,0.845,0.67,0.618,0.404,0.942,0.787,0.664,0.527
13,8,dialogue,19960,12.7938,1.193,11.9573,0.0,0.3941,5.9608,3.107,2.8538,2.4584,24,0.212,0.004,0.538,0.03,0.0,0.746,0.621,0.07,0.876,0.464,0.728,0.544,0.538,0.541,0.858,0.71,0.569,0.658,0.937,0.823,0.614,0.746
13,8,fiction,19960,11.9993,1.119,11.9573,0.0,0.3941,5.9608,3.107,2.8538,2.4584,24,0.212,0.0038,0.584,0.017,0.0,0.856,0.608,0.087,1.154,0.407,0.686,0.442,0.441,0.486,0.841,0.643,0.476,0.641,0.936,0.805,0.551,0.765
13,8,math,19960,11.7399,1.094,11.9573,0.0,0.3941,5.9608,3.107,2.8538,2.4584,24,0.212,0.0039,0.641,0.104,0.0,0.852,0.552,0.097,1.214,0.385,0.67,0.469,0.465,0.472,0.837,0.635,0.493,0.625,0.937,0.792,0.578,0.74
13,8,news,19960,11.2404,1.048,11.9573,0.0,0.3941,5.9608,3.107,2.8538,2.4584,24,0.212,0.004,0.525,0.069,0.0,0.715,0.61,0.071,1.349,0.368,0.74,0.567,0.574,0.428,0.899,0.732,0.596,0.569,0.968,0.869,0.649,0.659
13,8,val,5988,10.7267,1.0,11.9573,0.0,0.3941,5.9608,3.107,2.8538,2.4584,24,0.212,0.0041,0.598,0.142,0.0,0.816,0.553,0.112,1.434,0.323,0.652,0.469,0.456,0.371,0.811,0.624,0.499,0.52,0.921,0.79,0.594,0.654
13,9,code,19960,9.5344,1.069,11.7253,0.0,0.8087,5.9387,0.9287,5.0101,4.5468,22,0.222,0.004,0.658,0.017,0.0,0.161,0.987,0.06,0.284,0.548,0.961,0.839,0.869,0.485,0.978,0.969,0.873,0.503,0.988,0.981,0.883,0.536
13,9,dialogue,19960,9.5636,1.072,11.7253,0.0,0.8087,5.9387,0.9287,5.0101,4.5468,22,0.222,0.0054,0.398,0.231,0.0,0.179,0.979,0.062,0.295,0.63,0.96,0.835,0.849,0.553,0.975,0.963,0.853,0.576,0.986,0.977,0.866,0.617
13,9,fiction,19960,9.1032,1.021,11.7253,0.0,0.8087,5.9387,0.9287,5.0101,4.5468,22,0.222,0.0044,0.575,0.157,0.0,0.194,0.974,0.056,0.286,0.75,0.943,0.809,0.813,0.663,0.964,0.951,0.818,0.68,0.979,0.968,0.833,0.705
13,9,math,19960,9.3617,1.05,11.7253,0.0,0.8087,5.9387,0.9287,5.0101,4.5468,22,0.222,0.0042,0.607,0.195,0.0,0.187,0.979,0.057,0.286,0.728,0.965,0.833,0.835,0.639,0.98,0.969,0.839,0.656,0.989,0.981,0.852,0.681
13,9,news,19960,8.8479,0.992,11.7253,0.0,0.8087,5.9387,0.9287,5.0101,4.5468,22,0.222,0.004,0.525,0.069,0.0,0.188,0.986,0.057,0.282,0.724,0.948,0.826,0.824,0.639,0.97,0.958,0.83,0.659,0.983,0.975,0.844,0.681
13,9,val,5988,8.9195,1.0,11.7253,0.0,0.8087,5.9387,0.9287,5.0101,4.5468,22,0.222,0.0041,0.598,0.142,0.0,0.185,0.982,0.055,0.283,0.752,0.96,0.838,0.828,0.661,0.978,0.966,0.833,0.678,0.988,0.98,0.847,0.698
13,10,code,19960,11.8246,1.331,10.0236,0.0,0.4201,5.8693,3.0669,2.8023,1.74,52,0.813,0.004,0.658,0.017,0.0,0.173,0.368,0.069,0.649,0.147,0.954,0.831,0.849,0.183,0.981,0.877,0.861,0.246,0.992,0.924,0.868,0.32
13,10,dialogue,19960,9.7015,1.092,10.0236,0.0,0.4201,5.8693,3.0669,2.8023,1.74,52,0.813,0.0058,0.371,0.27,0.0,0.045,0.615,0.529,0.952,0.04,0.971,0.94,0.95,0.051,0.985,0.963,0.97,0.096,0.993,0.98,0.974,0.207
13,10,fiction,19960,9.4772,1.067,10.0236,0.0,0.4201,5.8693,3.0669,2.8023,1.74,52,0.813,0.0064,0.535,0.271,0.0,0.188,0.423,0.389,1.265,0.056,0.911,0.839,0.849,0.076,0.947,0.882,0.894,0.131,0.973,0.925,0.914,0.244
13,10,math,19960,10.3233,1.162,10.0236,0.0,0.4201,5.8693,3.0669,2.8023,1.74,52,0.813,0.0046,0.565,0.24,0.0,0.211,0.449,0.432,1.06,0.131,0.919,0.812,0.816,0.158,0.958,0.866,0.866,0.227,0.982,0.914,0.887,0.318
13,10,news,19960,9.2222,1.038,10.0236,0.0,0.4201,5.8693,3.0669,2.8023,1.74,52,0.813,0.004,0.525,0.069,0.0,0.091,0.558,0.445,1.273,0.065,0.965,0.918,0.916,0.068,0.985,0.949,0.945,0.103,0.994,0.974,0.967,0.164
13,10,val,5988,8.8831,1.0,10.0236,0.0,0.4201,5.8693,3.0669,2.8023,1.74,52,0.813,0.0041,0.598,0.142,0.0,0.164,0.628,0.593,1.307,0.084,0.933,0.866,0.862,0.084,0.968,0.914,0.915,0.133,0.99,0.958,0.953,0.211
13,11,code,19960,11.3493,1.11,10.708,0.0,0.4148,5.8508,3.3173,2.5336,1.8849,6,0.345,0.004,0.658,0.017,0.0,0.86,0.479,0.251,1.309,0.198,0.63,0.486,0.518,0.269,0.804,0.657,0.609,0.405,0.92,0.753,0.679,0.549
13,11,dialogue,19960,11.0062,1.077,10.708,0.0,0.4148,5.8508,3.3173,2.5336,1.8849,6,0.345,0.0054,0.402,0.207,0.0,0.845,0.625,0.201,0.861,0.183,0.643,0.537,0.558,0.28,0.816,0.719,0.637,0.401,0.923,0.813,0.713,0.549
13,11,fiction,19960,10.7034,1.047,10.708,0.0,0.4148,5.8508,3.3173,2.5336,1.8849,6,0.345,0.0056,0.549,0.263,0.0,0.836,0.609,0.192,0.983,0.189,0.632,0.496,0.537,0.283,0.803,0.689,0.617,0.417,0.916,0.792,0.692,0.575
13,11,math,19960,11.3889,1.114,10.708,0.0,0.4148,5.8508,3.3173,2.5336,1.8849,6,0.345,0.0043,0.593,0.21,0.0,0.893,0.529,0.199,1.157,0.26,0.614,0.468,0.469,0.349,0.801,0.636,0.562,0.496,0.921,0.747,0.636,0.63
13,11,news,19960,10.6931,1.046,10.708,0.0,0.4148,5.8508,3.3173,2.5336,1.8849,6,0.345,0.004,0.525,0.069,0.0,0.664,0.639,0.199,1.232,0.225,0.748,0.626,0.642,0.287,0.909,0.798,0.698,0.417,0.977,0.874,0.749,0.516
13,11,val,5988,10.2225,1.0,10.708,0.0,0.4148,5.8508,3.3173,2.5336,1.8849,6,0.345,0.0041,0.598,0.142,0.0,0.87,0.526,0.266,1.351,0.204,0.631,0.511,0.503,0.258,0.797,0.659,0.602,0.384,0.913,0.762,0.678,0.515
13,12,code,19960,11.0031,1.163,8.517,0.0,0.6353,5.8812,2.2839,3.5972,1.7312,59,0.456,0.004,0.667,0.037,0.0,0.227,0.493,0.115,0.54,0.145,0.835,0.756,0.799,0.177,0.901,0.853,0.823,0.24,0.949,0.897,0.842,0.325
13,12,dialogue,19960,10.3409,1.093,8.517,0.0,0.6353,5.8812,2.2839,3.5972,1.7312,59,0.456,0.008,0.269,0.357,0.0,0.166,0.589,0.066,0.57,0.139,0.861,0.796,0.84,0.168,0.907,0.88,0.857,0.261,0.945,0.915,0.871,0.411
13,12,fiction,19960,10.0114,1.058,8.517,0.0,0.6353,5.8812,2.2839,3.5972,1.7312,59,0.456,0.0103,0.369,0.344,0.0,0.579,0.52,0.06,0.631,0.189,0.727,0.646,0.688,0.227,0.817,0.759,0.719,0.342,0.894,0.823,0.746,0.518
13,12,math,19960,10.4085,1.1,8.517,0.0,0.6353,5.8812,2.2839,3.5972,1.7312,59,0.456,0.0052,0.524,0.297,0.0,0.219,0.554,0.166,0.461,0.177,0.84,0.782,0.804,0.203,0.897,0.855,0.833,0.272,0.941,0.898,0.856,0.383
13,12,news,19960,10.0485,1.062,8.517,0.0,0.6353,5.8812,2.2839,3.5972,1.7312,59,0.456,0.0042,0.518,0.092,0.0,0.347,0.592,0.082,0.552,0.326,0.821,0.755,0.765,0.337,0.904,0.842,0.788,0.404,0.952,0.903,0.806,0.48
13,12,val,5988,9.4601,1.0,8.517,0.0,0.6353,5.8812,2.2839,3.5972,1.7312,59,0.456,0.0041,0.598,0.142,0.0,0.482,0.457,0.081,1.004,0.291,0.791,0.713,0.712,0.278,0.869,0.78,0.74,0.338,0.924,0.843,0.783,0.419
13,13,code,19960,11.8697,1.09,11.2421,0.0,0.3496,5.8864,3.7919,2.0945,1.4179,11,0.507,0.004,0.65,0.024,0.0,0.57,0.431,0.36,1.817,0.109,0.795,0.607,0.645,0.142,0.901,0.745,0.735,0.238,0.962,0.809,0.802,0.363
13,13,dialogue,19960,11.6391,1.069,11.2421,0.0,0.3496,5.8864,3.7919,2.0945,1.4179,11,0.507,0.004,0.538,0.03,0.0,0.646,0.495,0.171,1.387,0.131,0.725,0.578,0.596,0.186,0.86,0.721,0.655,0.3,0.946,0.81,0.745,0.438
13,13,fiction,19960,11.5702,1.062,11.2421,0.0,0.3496,5.8864,3.7919,2.0945,1.4179,11,0.507,0.0046,0.484,0.148,0.0,0.763,0.469,0.18,1.43,0.154,0.678,0.504,0.531,0.211,0.825,0.662,0.608,0.332,0.927,0.761,0.719,0.483
13,13,math,19960,11.8948,1.092,11.2421,0.0,0.3496,5.8864,3.7919,2.0945,1.4179,11,0.507,0.0038,0.649,0.104,0.0,0.819,0.419,0.34,1.701,0.139,0.689,0.425,0.425,0.212,0.84,0.591,0.573,0.345,0.936,0.692,0.698,0.497
13,13,news,19960,11.629,1.068,11.2421,0.0,0.3496,5.8864,3.7919,2.0945,1.4179,11,0.507,0.004,0.525,0.069,0.0,0.562,0.487,0.154,1.777,0.174,0.809,0.65,0.648,0.198,0.925,0.77,0.696,0.303,0.978,0.848,0.765,0.422
13,13,val,5988,10.8917,1.0,11.2421,0.0,0.3496,5.8864,3.7919,2.0945,1.4179,11,0.507,0.0041,0.598,0.142,0.0,0.614,0.424,0.253,1.684,0.153,0.769,0.629,0.619,0.171,0.88,0.724,0.688,0.263,0.951,0.804,0.764,0.372
13,14,code,19960,10.7764,1.216,9.6696,0.0,0.3333,5.8555,3.3354,2.5201,2.1199,24,0.548,0.004,0.658,0.017,0.0,0.063,0.385,0.23,1.583,0.036,0.952,0.896,0.923,0.037,0.973,0.933,0.931,0.076,0.989,0.95,0.948,0.149
13,14,dialogue,19960,10.3445,1.167,9.6696,0.0,0.3333,5.8555,3.3354,2.5201,2.1199,24,0.548,0.004,0.538,0.03,0.0,0.115,0.523,0.172,1.047,0.052,0.902,0.838,0.871,0.064,0.939,0.896,0.886,0.106,0.968,0.927,0.914,0.172
13,14,fiction,19960,10.3322,1.166,9.6696,0.0,0.3333,5.8555,3.3354,2.5201,2.1199,24,0.548,0.0048,0.516,0.228,0.0,0.188,0.304,0.12,1.337,0.055,0.878,0.803,0.834,0.068,0.923,0.85,0.848,0.122,0.962,0.898,0.873,0.222
13,14,math,19960,10.0281,1.131,9.6696,0.0,0.3333,5.8555,3.3354,2.5201,2.1199,24,0.548,0.0039,0.641,0.104,0.0,0.39,0.44,0.224,1.288,0.091,0.801,0.704,0.712,0.112,0.879,0.778,0.749,0.187,0.94,0.836,0.803,0.295
13,14,news,19960,10.6145,1.198,9.6696,0.0,0.3333,5.8555,3.3354,2.5201,2.1199,24,0.548,0.004,0.525,0.069,0.0,0.73,0.519,0.094,0.881,0.416,0.73,0.544,0.536,0.463,0.883,0.664,0.573,0.609,0.959,0.821,0.625,0.707
13,14,val,5988,8.8637,1.0,9.6696,0.0,0.3333,5.8555,3.3354,2.5201,2.1199,24,0.548,0.0041,0.598,0.142,0.0,0.525,0.602,0.343,1.432,0.116,0.77,0.691,0.682,0.123,0.853,0.782,0.731,0.197,0.921,0.854,0.798,0.296
13,15,code,19960,13.1309,1.186,11.5078,0.0,0.2466,5.8399,4.063,1.7769,1.4826,12,0.572,0.004,0.658,0.017,0.0,0.728,0.441,0.405,1.849,0.076,0.726,0.513,0.529,0.122,0.856,0.649,0.656,0.215,0.941,0.736,0.707,0.367
13,15,dialogue,19960,11.804,1.066,11.5078,0.0,0.2466,5.8399,4.063,1.7769,1.4826,12,0.572,0.004,0.538,0.03,0.0,0.676,0.404,0.291,1.673,0.057,0.726,0.552,0.574,0.095,0.845,0.663,0.655,0.155,0.932,0.744,0.769,0.286
13,15,fiction,19960,11.6255,1.05,11.5078,0.0,0.2466,5.8399,4.063,1.7769,1.4826,12,0.572,0.0038,0.584,0.017,0.0,0.53,0.363,0.274,1.545,0.058,0.754,0.627,0.66,0.081,0.848,0.713,0.732,0.144,0.927,0.795,0.788,0.268
13,15,math,19960,12.4701,1.126,11.5078,0.0,0.2466,5.8399,4.063,1.7769,1.4826,12,0.572,0.0038,0.649,0.104,0.0,0.816,0.476,0.406,1.739,0.087,0.659,0.424,0.427,0.149,0.803,0.581,0.586,0.249,0.912,0.692,0.661,0.391
13,15,news,19960,11.8209,1.068,11.5078,0.0,0.2466,5.8399,4.063,1.7769,1.4826,12,0.572,0.004,0.525,0.069,0.0,0.375,0.4,0.286,1.819,0.067,0.846,0.736,0.74,0.081,0.917,0.806,0.803,0.137,0.963,0.862,0.849,0.226
13,15,val,5988,11.073,1.0,11.5078,0.0,0.2466,5.8399,4.063,1.7769,1.4826,12,0.572,0.0041,0.598,0.142,0.0,0.615,0.444,0.362,1.778,0.073,0.753,0.599,0.594,0.09,0.853,0.706,0.703,0.157,0.929,0.793,0.772,0.255
14,0,code,19960,10.5882,1.146,9.3428,0.0,0.2765,5.8559,4.172,1.6839,1.2873,35,0.538,0.0041,0.634,0.042,0.0,0.434,0.308,0.165,1.733,0.049,0.828,0.644,0.704,0.082,0.911,0.766,0.747,0.144,0.964,0.804,0.819,0.251
14,0,dialogue,19960,10.1634,1.1,9.3428,0.0,0.2765,5.8559,4.172,1.6839,1.2873,35,0.538,0.004,0.538,0.03,0.0,0.634,0.37,0.377,1.569,0.057,0.747,0.597,0.635,0.085,0.851,0.718,0.724,0.142,0.933,0.789,0.787,0.247
14,0,fiction,19960,10.329,1.118,9.3428,0.0,0.2765,5.8559,4.172,1.6839,1.2873,35,0.538,0.0042,0.588,0.13,0.0,0.476,0.478,0.498,1.525,0.049,0.788,0.647,0.688,0.076,0.87,0.764,0.785,0.134,0.939,0.833,0.834,0.227
14,0,math,19960,10.4238,1.128,9.3428,0.0,0.2765,5.8559,4.172,1.6839,1.2873,35,0.538,0.0039,0.641,0.113,0.0,0.696,0.439,0.433,1.698,0.067,0.714,0.497,0.517,0.11,0.835,0.641,0.64,0.182,0.927,0.748,0.754,0.302
14,0,news,19960,10.1587,1.1,9.3428,0.0,0.2765,5.8559,4.172,1.6839,1.2873,35,0.538,0.004,0.525,0.069,0.0,0.346,0.316,0.262,1.698,0.056,0.852,0.741,0.758,0.075,0.912,0.813,0.805,0.122,0.956,0.852,0.851,0.19
14,0,val,5988,9.239,1.0,9.3428,0.0,0.2765,5.8559,4.172,1.6839,1.2873,35,0.538,0.0041,0.598,0.142,0.0,0.667,0.444,0.418,1.787,0.062,0.722,0.558,0.565,0.079,0.826,0.668,0.652,0.134,0.914,0.776,0.759,0.224
14,1,code,19960,12.7502,1.247,10.3058,0.0,0.3352,5.8114,4.1184,1.693,0.8219,2,0.342,0.0586,0.053,0.427,0.0,0.545,0.28,0.202,2.086,0.565,0.949,0.594,0.602,0.387,0.984,0.675,0.664,0.541,0.995,0.754,0.706,0.73
14,1,dialogue,19960,11.8908,1.163,10.3058,0.0,0.3352,5.8114,4.1184,1.693,0.8219,2,0.342,0.021,0.105,0.36,0.0,0.303,0.321,0.197,1.299,0.478,0.971,0.762,0.775,0.375,0.99,0.822,0.794,0.469,0.996,0.875,0.846,0.615
14,1,fiction,19960,10.7688,1.054,10.3058,0.0,0.3352,5.8114,4.1184,1.693,0.8219,2,0.342,0.0443,0.09,0.456,0.0,0.357,0.292,0.168,1.443,0.487,0.96,0.73,0.741,0.377,0.984,0.791,0.762,0.515,0.993,0.848,0.806,0.706
14,1,math,19960,11.6362,1.138,10.3058,0.0,0.3352,5.8114,4.1184,1.693,0.8219,2,0.342,0.032,0.092,0.436,0.0,0.549,0.287,0.2,1.988,0.569,0.939,0.587,0.59,0.362,0.979,0.673,0.653,0.49,0.993,0.762,0.705,0.647
14,1,news,19960,10.2675,1.004,10.3058,0.0,0.3352,5.8114,4.1184,1.693,0.8219,2,0.342,0.0429,0.052,0.464,0.0,0.608,0.306,0.19,2.181,0.588,0.94,0.562,0.563,0.317,0.977,0.662,0.624,0.448,0.991,0.763,0.723,0.622
14,1,val,5988,10.2219,1.0,10.3058,0.0,0.3352,5.8114,4.1184,1.693,0.8219,2,0.342,0.031,0.079,0.501,0.0,0.607,0.328,0.186,2.2,0.555,0.928,0.556,0.558,0.312,0.971,0.662,0.616,0.437,0.988,0.774,0.693,0.607
14,2,code,19960,10.427,1.103,10.2645,0.0,0.3322,5.9251,3.9177,2.0074,1.6177,29,0.26,0.004,0.658,0.017,0.0,0.79,0.265,0.359,1.661,0.077,0.676,0.509,0.54,0.145,0.831,0.627,0.644,0.251,0.938,0.728,0.719,0.418
14,2,dialogue,19960,10.3643,1.096,10.2645,0.0,0.3322,5.9251,3.9177,2.0074,1.6177,29,0.26,0.004,0.538,0.03,0.0,0.919,0.393,0.399,1.517,0.141,0.544,0.355,0.375,0.192,0.722,0.508,0.474,0.312,0.871,0.65,0.64,0.489
14,2,fiction,19960,10.7951,1.142,10.2645,0.0,0.3322,5.9251,3.9177,2.0074,1.6177,29,0.26,0.0044,0.607,0.18,0.0,0.968,0.203,0.165,1.547,0.144,0.51,0.196,0.178,0.214,0.675,0.288,0.277,0.359,0.831,0.422,0.389,0.566
14,2,math,19960,10.3203,1.091,10.2645,0.0,0.3322,5.9251,3.9177,2.0074,1.6177,29,0.26,0.0039,0.641,0.104,0.0,0.884,0.361,0.357,1.503,0.126,0.609,0.424,0.435,0.2,0.776,0.568,0.528,0.327,0.904,0.69,0.667,0.484
14,2,news,19960,10.4435,1.104,10.2645,0.0,0.3322,5.9251,3.9177,2.0074,1.6177,29,0.26,0.004,0.525,0.069,0.0,0.859,0.411,0.275,1.521,0.151,0.642,0.437,0.468,0.21,0.808,0.602,0.556,0.344,0.926,0.724,0.666,0.511
14,2,val,5988,9.4567,1.0,10.2645,0.0,0.3322,5.9251,3.9177,2.0074,1.6177,29,0.26,0.0041,0.598,0.142,0.0,0.936,0.477,0.404,1.627,0.163,0.585,0.353,0.334,0.208,0.752,0.526,0.488,0.343,0.884,0.679,0.609,0.508
14,3,code,19735,6.1401,1.309,7.0159,0.0,0.1552,5.7892,5.0627,0.7266,0.5699,52,0.852,0.0021,1.0,0.037,0.0,0.025,0.798,0.796,1.938,0.021,0.997,0.934,0.977,0.015,0.999,0.991,0.993,0.027,1.0,0.995,0.997,0.051
14,3,dialogue,19940,5.7563,1.227,7.0159,0.0,0.1552,5.7892,5.0627,0.7266,0.5699,52,0.852,0.0056,0.357,0.33,0.0,0.027,0.518,0.467,1.748,0.034,0.999,0.945,0.975,0.029,1.0,0.986,0.986,0.052,1.0,0.988,0.989,0.101
14,3,fiction,19942,5.5685,1.187,7.0159,0.0,0.1552,5.7892,5.0627,0.7266,0.5699,52,0.852,0.0062,0.565,0.328,0.0,0.049,0.326,0.336,1.784,0.032,0.986,0.907,0.942,0.031,0.996,0.957,0.957,0.061,0.999,0.977,0.978,0.119
14,3,math,19773,5.9023,1.258,7.0159,0.0,0.1552,5.7892,5.0627,0.7266,0.5699,52,0.852,0.003,0.717,0.26,0.0,0.12,0.577,0.564,1.859,0.034,0.988,0.878,0.898,0.038,0.997,0.95,0.954,0.064,0.999,0.969,0.972,0.11
14,3,news,19919,5.1402,1.096,7.0159,0.0,0.1552,5.7892,5.0627,0.7266,0.5699,52,0.852,0.0022,0.889,0.095,0.0,0.054,0.821,0.829,1.772,0.033,0.994,0.928,0.949,0.033,0.999,0.984,0.985,0.051,1.0,0.995,0.996,0.081
14,3,val,5977,4.6906,1.0,7.0159,0.0,0.1552,5.7892,5.0627,0.7266,0.5699,52,0.852,0.002,1.0,0.149,0.0,0.203,0.416,0.359,1.797,0.044,0.984,0.844,0.841,0.052,0.997,0.903,0.898,0.087,1.0,0.947,0.951,0.134
14,4,code,19960,12.0936,1.068,11.1898,0.0,0.3718,5.9429,4.0773,1.8656,1.2296,18,0.207,0.0041,0.634,0.048,0.0,0.605,0.239,0.364,1.674,0.081,0.752,0.535,0.616,0.136,0.874,0.595,0.711,0.232,0.953,0.725,0.719,0.371
14,4,dialogue,19960,11.5724,1.022,11.1898,0.0,0.3718,5.9429,4.0773,1.8656,1.2296,18,0.207,0.004,0.538,0.03,0.0,0.878,0.266,0.36,1.408,0.125,0.599,0.377,0.408,0.186,0.768,0.464,0.538,0.316,0.897,0.6,0.577,0.489
14,4,fiction,19960,11.7722,1.039,11.1898,0.0,0.3718,5.9429,4.0773,1.8656,1.2296,18,0.207,0.0044,0.511,0.133,0.0,0.855,0.232,0.348,1.681,0.129,0.622,0.394,0.451,0.171,0.782,0.491,0.579,0.281,0.907,0.61,0.614,0.445
14,4,math,19960,12.1359,1.071,11.1898,0.0,0.3718,5.9429,4.0773,1.8656,1.2296,18,0.207,0.0039,0.641,0.104,0.0,0.793,0.21,0.175,1.631,0.124,0.663,0.436,0.465,0.214,0.817,0.51,0.542,0.342,0.926,0.618,0.56,0.489
14,4,news,19960,12.131,1.071,11.1898,0.0,0.3718,5.9429,4.0773,1.8656,1.2296,18,0.207,0.004,0.525,0.069,0.0,0.796,0.314,0.164,1.521,0.248,0.714,0.467,0.476,0.266,0.872,0.575,0.535,0.416,0.96,0.698,0.583,0.583
14,4,val,5988,11.3274,1.0,11.1898,0.0,0.3718,5.9429,4.0773,1.8656,1.2296,18,0.207,0.0041,0.598,0.142,0.0,0.858,0.349,0.217,1.631,0.207,0.623,0.399,0.385,0.237,0.785,0.518,0.474,0.368,0.909,0.639,0.584,0.521
14,5,code,19960,11.2649,1.055,12.6273,0.0,0.4073,5.9259,3.4183,2.5076,1.8037,42,0.369,0.004,0.642,0.05,0.0,0.673,0.688,0.459,1.152,0.114,0.747,0.53,0.561,0.174,0.88,0.754,0.708,0.29,0.957,0.852,0.822,0.43
14,5,dialogue,19960,10.651,0.998,12.6273,0.0,0.4073,5.9259,3.4183,2.5076,1.8037,42,0.369,0.004,0.538,0.03,0.0,0.691,0.733,0.337,0.849,0.151,0.732,0.572,0.592,0.205,0.863,0.78,0.678,0.32,0.942,0.862,0.758,0.45
14,5,fiction,19960,10.9103,1.022,12.6273,0.0,0.4073,5.9259,3.4183,2.5076,1.8037,42,0.369,0.0038,0.584,0.017,0.0,0.625,0.688,0.382,0.93,0.14,0.747,0.577,0.618,0.183,0.867,0.774,0.713,0.281,0.943,0.854,0.797,0.404
14,5,math,19960,11.2381,1.053,12.6273,0.0,0.4073,5.9259,3.4183,2.5076,1.8037,42,0.369,0.0038,0.649,0.104,0.0,0.743,0.68,0.453,1.041,0.134,0.722,0.491,0.49,0.212,0.867,0.715,0.637,0.342,0.951,0.828,0.81,0.477
14,5,news,19960,11.2934,1.058,12.6273,0.0,0.4073,5.9259,3.4183,2.5076,1.8037,42,0.369,0.004,0.525,0.069,0.0,0.522,0.799,0.292,1.151,0.187,0.849,0.658,0.657,0.256,0.947,0.862,0.733,0.369,0.985,0.925,0.789,0.465
14,5,val,5988,10.6755,1.0,12.6273,0.0,0.4073,5.9259,3.4183,2.5076,1.8037,42,0.369,0.0041,0.598,0.142,0.0,0.756,0.58,0.313,1.302,0.179,0.744,0.521,0.503,0.218,0.879,0.697,0.621,0.342,0.953,0.827,0.746,0.478
14,6,code,19960,11.3612,1.183,11.2084,0.0,0.2129,5.7752,4.2397,1.5355,1.3706,52,0.556,0.004,0.658,0.017,0.0,0.485,0.333,0.249,1.844,0.045,0.806,0.643,0.674,0.072,0.901,0.737,0.729,0.134,0.961,0.809,0.825,0.254
14,6,dialogue,19960,9.9583,1.037,11.2084,0.0,0.2129,5.7752,4.2397,1.5355,1.3706,52,0.556,0.004,0.538,0.03,0.0,0.537,0.247,0.082,1.78,0.04,0.796,0.621,0.646,0.063,0.89,0.695,0.666,0.111,0.955,0.763,0.765,0.232
14,6,fiction,19960,9.8222,1.022,11.2084,0.0,0.2129,5.7752,4.2397,1.5355,1.3706,52,0.556,0.005,0.446,0.175,0.0,0.375,0.346,0.161,1.704,0.036,0.84,0.686,0.725,0.05,0.91,0.765,0.745,0.102,0.959,0.853,0.823,0.226
14,6,math,19960,10.7262,1.116,11.2084,0.0,0.2129,5.7752,4.2397,1.5355,1.3706,52,0.556,0.0039,0.641,0.104,0.0,0.726,0.319,0.214,1.871,0.063,0.722,0.496,0.502,0.115,0.849,0.594,0.576,0.198,0.936,0.694,0.707,0.331
14,6,news,19960,10.4616,1.089,11.2084,0.0,0.2129,5.7752,4.2397,1.5355,1.3706,52,0.556,0.004,0.525,0.069,0.0,0.398,0.299,0.24,1.851,0.057,0.847,0.718,0.721,0.061,0.917,0.774,0.752,0.111,0.963,0.832,0.814,0.193
14,6,val,5988,9.6074,1.0,11.2084,0.0,0.2129,5.7752,4.2397,1.5355,1.3706,52,0.556,0.0041,0.598,0.142,0.0,0.584,0.495,0.433,1.869,0.062,0.781,0.6,0.595,0.073,0.874,0.71,0.679,0.131,0.941,0.812,0.788,0.227
14,7,code,19960,10.7858,1.065,11.2446,0.0,0.3528,5.8973,3.7161,2.1811,1.5981,39,0.37,0.004,0.642,0.043,0.0,0.21,0.466,0.494,1.786,0.043,0.908,0.695,0.843,0.054,0.953,0.882,0.892,0.103,0.982,0.918,0.912,0.198
14,7,dialogue,19960,10.6828,1.055,11.2446,0.0,0.3528,5.8973,3.7161,2.1811,1.5981,39,0.37,0.004,0.538,0.03,0.0,0.722,0.485,0.332,1.403,0.102,0.696,0.488,0.54,0.149,0.831,0.668,0.623,0.262,0.926,0.756,0.681,0.416
14,7,fiction,19960,10.7613,1.063,11.2446,0.0,0.3528,5.8973,3.7161,2.1811,1.5981,39,0.37,0.0046,0.484,0.159,0.0,0.782,0.471,0.366,1.409,0.102,0.667,0.471,0.522,0.153,0.805,0.639,0.63,0.261,0.911,0.741,0.692,0.419
14,7,math,19960,10.7289,1.059,11.2446,0.0,0.3528,5.8973,3.7161,2.1811,1.5981,39,0.37,0.0038,0.649,0.104,0.0,0.416,0.414,0.373,1.605,0.066,0.82,0.625,0.694,0.101,0.901,0.77,0.77,0.179,0.958,0.83,0.8,0.295
14,7,news,19960,11.0029,1.086,11.2446,0.0,0.3528,5.8973,3.7161,2.1811,1.5981,39,0.37,0.004,0.525,0.069,0.0,0.616,0.591,0.251,1.641,0.17,0.813,0.584,0.597,0.226,0.926,0.763,0.653,0.366,0.979,0.856,0.739,0.493
14,7,val,5988,10.1283,1.0,11.2446,0.0,0.3528,5.8973,3.7161,2.1811,1.5981,39,0.37,0.0041,0.598,0.142,0.0,0.779,0.502,0.381,1.711,0.127,0.704,0.511,0.496,0.164,0.838,0.662,0.625,0.269,0.932,0.768,0.705,0.417
14,8,code,19960,10.8114,1.089,13.9476,0.0,0.8604,5.9608,0.8329,5.1279,4.3687,45,0.397,0.004,0.658,0.017,0.0,0.118,0.936,0.072,0.152,0.304,0.927,0.851,0.89,0.349,0.98,0.964,0.895,0.381,0.992,0.982,0.904,0.426
14,8,dialogue,19960,10.4538,1.053,13.9476,0.0,0.8604,5.9608,0.8329,5.1279,4.3687,45,0.397,0.004,0.538,0.03,0.0,0.085,0.951,0.082,0.147,0.409,0.926,0.882,0.905,0.437,0.982,0.97,0.91,0.461,0.992,0.986,0.917,0.495
14,8,fiction,19960,10.3445,1.042,13.9476,0.0,0.8604,5.9608,0.8329,5.1279,4.3687,45,0.397,0.0038,0.584,0.017,0.0,0.195,0.937,0.051,0.145,0.489,0.896,0.819,0.842,0.555,0.973,0.952,0.847,0.59,0.989,0.98,0.859,0.626
14,8,math,19960,10.4242,1.05,13.9476,0.0,0.8604,5.9608,0.8329,5.1279,4.3687,45,0.397,0.0039,0.641,0.104,0.0,0.193,0.919,0.057,0.157,0.5,0.907,0.832,0.844,0.557,0.976,0.95,0.85,0.592,0.99,0.979,0.862,0.628
14,8,news,19960,10.2003,1.027,13.9476,0.0,0.8604,5.9608,0.8329,5.1279,4.3687,45,0.397,0.004,0.525,0.069,0.0,0.155,0.971,0.072,0.156,0.462,0.932,0.865,0.872,0.511,0.987,0.971,0.879,0.541,0.995,0.99,0.888,0.573
14,8,val,5988,9.9312,1.0,13.9476,0.0,0.8604,5.9608,0.8329,5.1279,4.3687,45,0.397,0.0041,0.598,0.142,0.0,0.228,0.925,0.061,0.181,0.474,0.906,0.829,0.825,0.547,0.976,0.95,0.832,0.588,0.99,0.98,0.845,0.624
14,9,code,19960,10.7661,1.064,12.5176,0.0,0.5922,5.8851,2.3443,3.5408,2.7902,58,0.383,0.004,0.658,0.017,0.0,0.265,0.714,0.08,0.628,0.127,0.852,0.753,0.806,0.183,0.938,0.886,0.821,0.269,0.981,0.946,0.841,0.36
14,9,dialogue,19960,10.8558,1.073,12.5176,0.0,0.5922,5.8851,2.3443,3.5408,2.7902,58,0.383,0.004,0.538,0.03,0.0,0.623,0.788,0.078,0.462,0.281,0.735,0.634,0.647,0.435,0.888,0.817,0.684,0.555,0.961,0.903,0.732,0.648
14,9,fiction,19960,10.7747,1.065,12.5176,0.0,0.5922,5.8851,2.3443,3.5408,2.7902,58,0.383,0.0038,0.584,0.017,0.0,0.734,0.765,0.09,0.691,0.26,0.707,0.538,0.551,0.4,0.87,0.765,0.594,0.559,0.956,0.895,0.653,0.675
14,9,math,19960,10.6559,1.053,12.5176,0.0,0.5922,5.8851,2.3443,3.5408,2.7902,58,0.383,0.0038,0.649,0.104,0.0,0.549,0.731,0.097,0.639,0.263,0.773,0.647,0.657,0.386,0.907,0.819,0.69,0.507,0.969,0.916,0.73,0.599
14,9,news,19960,10.6058,1.049,12.5176,0.0,0.5922,5.8851,2.3443,3.5408,2.7902,58,0.383,0.004,0.525,0.069,0.0,0.455,0.785,0.11,0.75,0.256,0.827,0.696,0.704,0.367,0.955,0.876,0.732,0.489,0.993,0.959,0.764,0.569
14,9,val,5988,10.115,1.0,12.5176,0.0,0.5922,5.8851,2.3443,3.5408,2.7902,58,0.383,0.0041,0.598,0.142,0.0,0.626,0.732,0.12,0.82,0.279,0.745,0.615,0.602,0.371,0.889,0.792,0.648,0.505,0.963,0.908,0.699,0.614
14,10,code,19960,12.3211,1.209,11.5389,0.0,0.5933,5.7697,2.1946,3.5751,2.5813,41,0.767,0.004,0.667,0.037,0.0,0.052,0.323,0.127,0.346,0.098,0.967,0.922,0.947,0.115,0.984,0.957,0.954,0.164,0.993,0.97,0.959,0.247
14,10,dialogue,19960,11.059,1.085,11.5389,0.0,0.5933,5.7697,2.1946,3.5751,2.5813,41,0.767,0.008,0.267,0.353,0.0,0.111,0.568,0.169,0.557,0.099,0.953,0.875,0.907,0.131,0.972,0.934,0.918,0.226,0.986,0.964,0.933,0.401
14,10,fiction,19960,10.4728,1.028,11.5389,0.0,0.5933,5.7697,2.1946,3.5751,2.5813,41,0.767,0.0078,0.462,0.33,0.0,0.121,0.448,0.183,0.607,0.077,0.939,0.866,0.906,0.107,0.964,0.927,0.918,0.198,0.982,0.955,0.935,0.393
14,10,math,19960,11.3765,1.116,11.5389,0.0,0.5933,5.7697,2.1946,3.5751,2.5813,41,0.767,0.0052,0.524,0.297,0.0,0.175,0.466,0.286,0.539,0.129,0.93,0.856,0.871,0.149,0.963,0.908,0.895,0.217,0.983,0.943,0.927,0.332
14,10,news,19960,11.089,1.088,11.5389,0.0,0.5933,5.7697,2.1946,3.5751,2.5813,41,0.767,0.004,0.531,0.08,0.0,0.114,0.567,0.288,0.638,0.119,0.946,0.894,0.905,0.122,0.971,0.939,0.924,0.173,0.985,0.962,0.944,0.247
14,10,val,5988,10.192,1.0,11.5389,0.0,0.5933,5.7697,2.1946,3.5751,2.5813,41,0.767,0.0041,0.598,0.142,0.0,0.15,0.721,0.371,0.846,0.119,0.932,0.868,0.869,0.122,0.966,0.924,0.895,0.181,0.986,0.966,0.937,0.268
14,11,code,19960,12.2249,1.165,10.8988,0.0,0.2599,5.7948,4.326,1.4689,1.0907,41,0.489,0.004,0.658,0.017,0.0,0.622,0.241,0.391,2.286,0.058,0.799,0.555,0.56,0.109,0.904,0.627,0.699,0.195,0.964,0.698,0.722,0.328
14,11,dialogue,19960,11.0453,1.052,10.8988,0.0,0.2599,5.7948,4.326,1.4689,1.0907,41,0.489,0.0048,0.443,0.196,0.0,0.611,0.249,0.338,2.305,0.044,0.79,0.606,0.607,0.081,0.888,0.665,0.729,0.129,0.955,0.745,0.784,0.235
14,11,fiction,19960,10.9826,1.046,10.8988,0.0,0.2599,5.7948,4.326,1.4689,1.0907,41,0.489,0.0054,0.556,0.258,0.0,0.469,0.233,0.324,2.285,0.044,0.801,0.671,0.675,0.08,0.889,0.724,0.762,0.137,0.952,0.781,0.783,0.248
14,11,math,19960,11.891,1.133,10.8988,0.0,0.2599,5.7948,4.326,1.4689,1.0907,41,0.489,0.0043,0.593,0.213,0.0,0.784,0.22,0.282,2.344,0.07,0.719,0.426,0.431,0.132,0.85,0.509,0.563,0.228,0.939,0.606,0.62,0.374
14,11,news,19960,11.4421,1.09,10.8988,0.0,0.2599,5.7948,4.326,1.4689,1.0907,41,0.489,0.004,0.525,0.069,0.0,0.373,0.224,0.18,2.318,0.058,0.873,0.727,0.728,0.081,0.936,0.768,0.776,0.133,0.971,0.814,0.803,0.217
14,11,val,5988,10.4951,1.0,10.8988,0.0,0.2599,5.7948,4.326,1.4689,1.0907,41,0.489,0.0041,0.598,0.142,0.0,0.717,0.289,0.213,2.283,0.065,0.739,0.513,0.512,0.095,0.85,0.605,0.601,0.159,0.93,0.701,0.676,0.262
14,12,code,19960,11.1598,1.14,10.0682,0.0,0.2652,5.7902,3.948,1.8422,1.5348,16,0.509,0.004,0.658,0.017,0.0,0.396,0.464,0.354,1.469,0.073,0.821,0.67,0.727,0.101,0.905,0.79,0.797,0.176,0.962,0.849,0.815,0.292
14,12,dialogue,19960,10.3834,1.061,10.0682,0.0,0.2652,5.7902,3.948,1.8422,1.5348,16,0.509,0.0041,0.524,0.07,0.0,0.54,0.365,0.311,1.331,0.066,0.766,0.642,0.676,0.1,0.865,0.747,0.753,0.172,0.94,0.803,0.79,0.316
14,12,fiction,19960,10.585,1.081,10.0682,0.0,0.2652,5.7902,3.948,1.8422,1.5348,16,0.509,0.0041,0.598,0.101,0.0,0.527,0.431,0.313,1.285,0.074,0.765,0.603,0.655,0.111,0.865,0.734,0.736,0.2,0.94,0.807,0.784,0.342
14,12,math,19960,10.7137,1.095,10.0682,0.0,0.2652,5.7902,3.948,1.8422,1.5348,16,0.509,0.0039,0.641,0.113,0.0,0.689,0.405,0.353,1.526,0.104,0.704,0.519,0.532,0.153,0.831,0.637,0.65,0.255,0.926,0.728,0.687,0.4
14,12,news,19960,10.497,1.072,10.0682,0.0,0.2652,5.7902,3.948,1.8422,1.5348,16,0.509,0.004,0.525,0.069,0.0,0.269,0.423,0.363,1.55,0.087,0.872,0.783,0.797,0.101,0.93,0.859,0.844,0.158,0.97,0.898,0.875,0.232
14,12,val,5988,9.7879,1.0,10.0682,0.0,0.2652,5.7902,3.948,1.8422,1.5348,16,0.509,0.0041,0.598,0.142,0.0,0.668,0.464,0.39,1.65,0.091,0.711,0.567,0.561,0.114,0.824,0.681,0.654,0.19,0.913,0.78,0.75,0.302
14,13,code,19960,11.0399,1.121,11.5358,0.0,0.6997,5.9092,1.9887,3.9206,1.9371,47,0.656,0.004,0.658,0.017,0.0,0.128,0.6,0.093,0.6,0.128,0.941,0.862,0.891,0.155,0.974,0.934,0.899,0.208,0.988,0.955,0.908,0.286
14,13,dialogue,19960,10.5567,1.072,11.5358,0.0,0.6997,5.9092,1.9887,3.9206,1.9371,47,0.656,0.004,0.538,0.03,0.0,0.049,0.681,0.259,0.277,0.107,0.955,0.915,0.938,0.13,0.98,0.965,0.947,0.172,0.99,0.975,0.955,0.242
14,13,fiction,19960,10.5445,1.071,11.5358,0.0,0.6997,5.9092,1.9887,3.9206,1.9371,47,0.656,0.0038,0.584,0.017,0.0,0.15,0.58,0.087,0.554,0.145,0.927,0.85,0.877,0.173,0.965,0.921,0.886,0.23,0.982,0.947,0.897,0.303
14,13,math,19960,10.7878,1.096,11.5358,0.0,0.6997,5.9092,1.9887,3.9206,1.9371,47,0.656,0.0039,0.641,0.104,0.0,0.216,0.663,0.1,0.483,0.223,0.905,0.818,0.829,0.276,0.956,0.902,0.844,0.338,0.978,0.937,0.867,0.407
14,13,news,19960,10.6069,1.077,11.5358,0.0,0.6997,5.9092,1.9887,3.9206,1.9371,47,0.656,0.004,0.525,0.069,0.0,0.354,0.617,0.101,0.704,0.251,0.849,0.753,0.753,0.302,0.94,0.854,0.773,0.387,0.973,0.909,0.808,0.458
14,13,val,5988,9.8444,1.0,11.5358,0.0,0.6997,5.9092,1.9887,3.9206,1.9371,47,0.656,0.0041,0.598,0.142,0.0,0.22,0.581,0.143,0.858,0.227,0.915,0.827,0.823,0.255,0.966,0.895,0.843,0.319,0.985,0.934,0.877,0.378
14,14,code,19960,11.3899,1.127,9.2175,0.0,0.3161,5.9177,3.9658,1.952,1.4028,49,0.244,0.0041,0.671,0.045,0.0,0.568,0.402,0.277,2.139,0.209,0.787,0.599,0.629,0.138,0.884,0.711,0.723,0.212,0.945,0.805,0.757,0.303
14,14,dialogue,19960,11.2328,1.112,9.2175,0.0,0.3161,5.9177,3.9658,1.952,1.4028,49,0.244,0.0081,0.264,0.36,0.0,0.616,0.393,0.089,1.837,0.246,0.752,0.597,0.626,0.159,0.848,0.697,0.662,0.247,0.918,0.793,0.705,0.364
14,14,fiction,19960,10.6072,1.05,9.2175,0.0,0.3161,5.9177,3.9658,1.952,1.4028,49,0.244,0.0078,0.465,0.32,0.0,0.773,0.399,0.222,1.864,0.275,0.698,0.503,0.53,0.184,0.816,0.618,0.616,0.285,0.901,0.746,0.671,0.422
14,14,math,19960,11.35,1.123,9.2175,0.0,0.3161,5.9177,3.9658,1.952,1.4028,49,0.244,0.0053,0.519,0.299,0.0,0.687,0.414,0.158,1.939,0.269,0.721,0.532,0.541,0.188,0.833,0.642,0.609,0.28,0.913,0.75,0.673,0.385
14,14,news,19960,10.3071,1.02,9.2175,0.0,0.3161,5.9177,3.9658,1.952,1.4028,49,0.244,0.0043,0.512,0.105,0.0,0.786,0.404,0.111,1.828,0.502,0.752,0.461,0.455,0.309,0.875,0.598,0.523,0.439,0.945,0.745,0.589,0.565
14,14,val,5988,10.1042,1.0,9.2175,0.0,0.3161,5.9177,3.9658,1.952,1.4028,49,0.244,0.0041,0.598,0.142,0.0,0.814,0.363,0.193,1.914,0.383,0.692,0.446,0.438,0.23,0.816,0.558,0.54,0.332,0.903,0.691,0.601,0.449
14,15,code,19960,11.9866,1.222,9.7053,0.0,0.3821,5.8939,3.6921,2.2018,1.4045,13,0.585,0.004,0.658,0.017,0.0,0.347,0.267,0.232,1.25,0.082,0.812,0.725,0.754,0.096,0.885,0.779,0.797,0.158,0.943,0.836,0.836,0.269
14,15,dialogue,19960,11.0614,1.128,9.7053,0.0,0.3821,5.8939,3.6921,2.2018,1.4045,13,0.585,0.0047,0.457,0.145,0.0,0.756,0.178,0.102,0.837,0.178,0.629,0.514,0.523,0.267,0.765,0.559,0.576,0.381,0.88,0.665,0.646,0.522
14,15,fiction,19960,11.2842,1.151,9.7053,0.0,0.3821,5.8939,3.6921,2.2018,1.4045,13,0.585,0.0074,0.426,0.305,0.0,0.758,0.231,0.109,1.07,0.137,0.661,0.527,0.542,0.196,0.797,0.581,0.59,0.315,0.905,0.69,0.664,0.488
14,15,math,19960,10.9536,1.117,9.7053,0.0,0.3821,5.8939,3.6921,2.2018,1.4045,13,0.585,0.0042,0.6,0.206,0.0,0.517,0.242,0.179,1.201,0.124,0.757,0.636,0.649,0.157,0.855,0.695,0.706,0.246,0.931,0.765,0.755,0.37
14,15,news,19960,10.6716,1.088,9.7053,0.0,0.3821,5.8939,3.6921,2.2018,1.4045,13,0.585,0.004,0.525,0.069,0.0,0.42,0.225,0.107,1.184,0.106,0.819,0.722,0.736,0.127,0.905,0.773,0.768,0.206,0.962,0.842,0.807,0.308
14,15,val,5988,9.806,1.0,9.7053,0.0,0.3821,5.8939,3.6921,2.2018,1.4045,13,0.585,0.0041,0.598,0.142,0.0,0.7,0.363,0.381,1.467,0.13,0.699,0.582,0.584,0.134,0.811,0.668,0.666,0.225,0.907,0.764,0.748,0.341
15,0,code,19960,9.9142,1.405,8.2934,0.0,0.1855,5.7309,4.1664,1.5645,1.4659,6,0.363,0.004,0.667,0.062,0.0,0.585,0.727,0.734,1.253,0.073,0.832,0.589,0.606,0.097,0.918,0.78,0.81,0.182,0.97,0.829,0.817,0.329
15,0,dialogue,19960,8.4874,1.203,8.2934,0.0,0.1855,5.7309,4.1664,1.5645,1.4659,6,0.363,0.0048,0.547,0.178,0.0,0.804,0.861,0.877,1.147,0.056,0.755,0.454,0.458,0.106,0.876,0.742,0.774,0.221,0.954,0.805,0.781,0.399
15,0,fiction,19960,8.2827,1.174,8.2934,0.0,0.1855,5.7309,4.1664,1.5645,1.4659,6,0.363,0.0076,0.454,0.399,0.0,0.639,0.935,0.934,1.26,0.044,0.851,0.589,0.599,0.107,0.922,0.838,0.853,0.215,0.968,0.87,0.86,0.422
15,0,math,19960,8.8275,1.251,8.2934,0.0,0.1855,5.7309,4.1664,1.5645,1.4659,6,0.363,0.0041,0.622,0.186,0.0,0.814,0.685,0.716,1.301,0.083,0.742,0.397,0.409,0.124,0.866,0.651,0.684,0.225,0.945,0.771,0.74,0.391
15,0,news,19960,8.6103,1.221,8.2934,0.0,0.1855,5.7309,4.1664,1.5645,1.4659,6,0.363,0.007,0.716,0.408,0.0,0.713,0.869,0.868,1.01,0.081,0.807,0.531,0.543,0.118,0.917,0.795,0.829,0.239,0.967,0.868,0.849,0.43
15,0,val,5988,7.054,1.0,8.2934,0.0,0.1855,5.7309,4.1664,1.5645,1.4659,6,0.363,0.0086,0.808,0.423,0.0,0.858,0.667,0.568,1.439,0.066,0.668,0.409,0.411,0.069,0.814,0.613,0.601,0.133,0.914,0.801,0.793,0.246
15,1,code,19960,10.4396,1.181,9.366,0.0,0.2177,5.8138,4.1321,1.6817,1.4675,17,0.601,0.004,0.658,0.017,0.0,0.513,0.654,0.632,1.575,0.049,0.832,0.637,0.637,0.081,0.926,0.78,0.796,0.152,0.975,0.851,0.848,0.278
15,1,dialogue,19960,9.3552,1.058,9.366,0.0,0.2177,5.8138,4.1321,1.6817,1.4675,17,0.601,0.0041,0.524,0.07,0.0,0.559,0.536,0.461,1.441,0.04,0.815,0.641,0.641,0.072,0.908,0.765,0.777,0.128,0.966,0.833,0.827,0.247
15,1,fiction,19960,9.5041,1.075,9.366,0.0,0.2177,5.8138,4.1321,1.6817,1.4675,17,0.601,0.004,0.568,0.082,0.0,0.411,0.501,0.393,1.46,0.038,0.823,0.712,0.712,0.056,0.898,0.794,0.791,0.106,0.955,0.846,0.837,0.208
15,1,math,19960,9.9641,1.127,9.366,0.0,0.2177,5.8138,4.1321,1.6817,1.4675,17,0.601,0.004,0.625,0.128,0.0,0.708,0.552,0.45,1.696,0.06,0.753,0.5,0.5,0.102,0.876,0.668,0.665,0.187,0.952,0.79,0.789,0.325
15,1,news,19960,9.6473,1.091,9.366,0.0,0.2177,5.8138,4.1321,1.6817,1.4675,17,0.601,0.004,0.525,0.069,0.0,0.247,0.572,0.512,1.678,0.05,0.894,0.796,0.796,0.056,0.945,0.865,0.863,0.097,0.976,0.909,0.9,0.163
15,1,val,5988,8.8391,1.0,9.366,0.0,0.2177,5.8138,4.1321,1.6817,1.4675,17,0.601,0.0041,0.598,0.142,0.0,0.583,0.462,0.375,1.773,0.057,0.789,0.601,0.601,0.07,0.88,0.715,0.696,0.126,0.943,0.802,0.789,0.218
15,2,code,19960,10.7104,1.425,7.9184,0.0,0.2093,5.7932,4.1017,1.6915,1.4644,48,0.387,0.004,0.658,0.017,0.0,0.449,0.068,0.023,1.143,0.095,0.826,0.609,0.674,0.124,0.912,0.637,0.675,0.198,0.968,0.736,0.729,0.295
15,2,dialogue,19960,8.758,1.165,7.9184,0.0,0.2093,5.7932,4.1017,1.6915,1.4644,48,0.387,0.004,0.538,0.03,0.0,0.562,0.148,0.149,1.127,0.04,0.809,0.613,0.66,0.064,0.898,0.658,0.675,0.127,0.954,0.81,0.809,0.231
15,2,fiction,19960,8.3551,1.111,7.9184,0.0,0.2093,5.7932,4.1017,1.6915,1.4644,48,0.387,0.0038,0.584,0.017,0.0,0.611,0.125,0.001,1.251,0.05,0.91,0.507,0.558,0.156,0.946,0.546,0.56,0.332,0.97,0.866,0.908,0.489
15,2,math,19960,9.1717,1.22,7.9184,0.0,0.2093,5.7932,4.1017,1.6915,1.4644,48,0.387,0.0038,0.649,0.104,0.0,0.749,0.131,0.054,1.194,0.099,0.711,0.43,0.463,0.134,0.835,0.486,0.485,0.234,0.924,0.635,0.619,0.376
15,2,news,19960,8.907,1.185,7.9184,0.0,0.2093,5.7932,4.1017,1.6915,1.4644,48,0.387,0.004,0.525,0.069,0.0,0.594,0.139,0.109,1.153,0.087,0.82,0.567,0.6,0.097,0.908,0.619,0.616,0.188,0.959,0.821,0.823,0.334
15,2,val,5988,7.5187,1.0,7.9184,0.0,0.2093,5.7932,4.1017,1.6915,1.4644,48,0.387,0.0041,0.598,0.142,0.0,0.776,0.637,0.553,1.536,0.084,0.721,0.439,0.427,0.07,0.847,0.655,0.629,0.137,0.93,0.81,0.772,0.255
15,3,code,19960,10.6732,1.155,9.8091,0.0,0.2256,5.7981,4.2811,1.517,1.2788,54,0.582,0.004,0.642,0.044,0.0,0.401,0.332,0.481,1.875,0.043,0.869,0.685,0.722,0.056,0.942,0.777,0.788,0.112,0.98,0.859,0.855,0.206
15,3,dialogue,19960,9.456,1.023,9.8091,0.0,0.2256,5.7981,4.2811,1.517,1.2788,54,0.582,0.0041,0.524,0.07,0.0,0.315,0.22,0.178,1.602,0.037,0.89,0.74,0.781,0.047,0.947,0.817,0.811,0.081,0.98,0.861,0.839,0.168
15,3,fiction,19960,9.6873,1.048,9.8091,0.0,0.2256,5.7981,4.2811,1.517,1.2788,54,0.582,0.0038,0.584,0.017,0.0,0.361,0.221,0.2,1.713,0.036,0.852,0.688,0.736,0.046,0.919,0.776,0.777,0.091,0.965,0.836,0.823,0.193
15,3,math,19960,10.2005,1.104,9.8091,0.0,0.2256,5.7981,4.2811,1.517,1.2788,54,0.582,0.0039,0.641,0.113,0.0,0.608,0.274,0.317,1.948,0.058,0.786,0.552,0.564,0.088,0.894,0.642,0.644,0.161,0.96,0.743,0.72,0.282
15,3,news,19960,10.1138,1.095,9.8091,0.0,0.2256,5.7981,4.2811,1.517,1.2788,54,0.582,0.004,0.525,0.069,0.0,0.365,0.308,0.228,1.851,0.063,0.87,0.735,0.736,0.068,0.936,0.786,0.779,0.121,0.973,0.851,0.821,0.204
15,3,val,5988,9.2392,1.0,9.8091,0.0,0.2256,5.7981,4.2811,1.517,1.2788,54,0.582,0.0041,0.598,0.142,0.0,0.608,0.396,0.362,1.967,0.059,0.805,0.575,0.571,0.066,0.902,0.684,0.665,0.121,0.961,0.804,0.799,0.223
15,4,code,19960,10.7635,1.239,8.9852,0.0,0.3227,5.8797,3.3567,2.523,2.2427,18,0.659,0.004,0.658,0.017,0.0,0.25,0.359,0.142,1.026,0.059,0.879,0.767,0.791,0.082,0.936,0.814,0.814,0.147,0.973,0.896,0.86,0.257
15,4,dialogue,19960,10.2119,1.175,8.9852,0.0,0.3227,5.8797,3.3567,2.523,2.2427,18,0.659,0.004,0.538,0.03,0.0,0.295,0.332,0.286,0.922,0.053,0.855,0.733,0.759,0.076,0.919,0.785,0.806,0.134,0.964,0.859,0.852,0.241
15,4,fiction,19960,10.3379,1.19,8.9852,0.0,0.3227,5.8797,3.3567,2.523,2.2427,18,0.659,0.0039,0.59,0.04,0.0,0.225,0.331,0.213,1.247,0.047,0.876,0.759,0.8,0.061,0.924,0.809,0.824,0.111,0.964,0.88,0.867,0.207
15,4,math,19960,10.4231,1.199,8.9852,0.0,0.3227,5.8797,3.3567,2.523,2.2427,18,0.659,0.0039,0.641,0.104,0.0,0.459,0.447,0.237,1.1,0.114,0.78,0.644,0.652,0.143,0.873,0.724,0.696,0.238,0.942,0.832,0.77,0.365
15,4,news,19960,9.9805,1.148,8.9852,0.0,0.3227,5.8797,3.3567,2.523,2.2427,18,0.659,0.004,0.525,0.069,0.0,0.258,0.427,0.314,1.264,0.07,0.891,0.787,0.797,0.074,0.946,0.848,0.823,0.127,0.98,0.906,0.879,0.224
15,4,val,5988,8.6906,1.0,8.9852,0.0,0.3227,5.8797,3.3567,2.523,2.2427,18,0.659,0.0041,0.598,0.142,0.0,0.325,0.645,0.479,1.35,0.08,0.838,0.745,0.739,0.087,0.904,0.831,0.792,0.147,0.955,0.901,0.873,0.235
15,5,code,19960,12.7912,1.071,15.4511,0.0,0.5568,5.919,1.881,4.038,3.514,37,0.538,0.004,0.658,0.017,0.0,0.122,0.622,0.132,1.173,0.393,0.928,0.888,0.887,0.363,0.98,0.934,0.894,0.388,0.991,0.966,0.911,0.404
15,5,dialogue,19960,13.0496,1.092,15.4511,0.0,0.5568,5.919,1.881,4.038,3.514,37,0.538,0.004,0.538,0.03,0.0,0.035,0.676,0.259,1.135,0.278,0.958,0.944,0.942,0.257,0.991,0.968,0.947,0.27,0.996,0.984,0.957,0.285
15,5,fiction,19960,12.3454,1.034,15.4511,0.0,0.5568,5.919,1.881,4.038,3.514,37,0.538,0.0038,0.584,0.017,0.0,0.126,0.613,0.133,1.103,0.429,0.931,0.882,0.88,0.397,0.983,0.932,0.888,0.423,0.993,0.966,0.905,0.437
15,5,math,19960,12.4819,1.045,15.4511,0.0,0.5568,5.919,1.881,4.038,3.514,37,0.538,0.004,0.633,0.107,0.0,0.148,0.63,0.128,1.115,0.465,0.924,0.871,0.87,0.429,0.977,0.924,0.879,0.454,0.989,0.959,0.897,0.471
15,5,news,19960,11.8925,0.996,15.4511,0.0,0.5568,5.919,1.881,4.038,3.514,37,0.538,0.004,0.525,0.069,0.0,0.118,0.646,0.145,1.088,0.402,0.935,0.889,0.887,0.367,0.987,0.939,0.896,0.389,0.995,0.972,0.913,0.405
15,5,val,5988,11.9449,1.0,15.4511,0.0,0.5568,5.919,1.881,4.038,3.514,37,0.538,0.0041,0.598,0.142,0.0,0.165,0.658,0.131,1.076,0.449,0.927,0.861,0.859,0.404,0.983,0.924,0.87,0.438,0.993,0.964,0.89,0.457
15,6,code,19960,12.5731,1.117,12.2024,0.0,0.3594,5.9313,3.9166,2.0146,1.3377,45,0.276,0.004,0.642,0.046,0.0,0.85,0.266,0.181,1.645,0.168,0.616,0.422,0.428,0.211,0.781,0.506,0.508,0.34,0.907,0.627,0.55,0.497
15,6,dialogue,19960,11.7263,1.042,12.2024,0.0,0.3594,5.9313,3.9166,2.0146,1.3377,45,0.276,0.004,0.538,0.03,0.0,0.879,0.331,0.14,1.262,0.16,0.649,0.455,0.461,0.218,0.809,0.563,0.527,0.346,0.915,0.668,0.579,0.498
15,6,fiction,19960,11.9678,1.064,12.2024,0.0,0.3594,5.9313,3.9166,2.0146,1.3377,45,0.276,0.0051,0.441,0.164,0.0,0.851,0.364,0.114,1.312,0.203,0.65,0.438,0.457,0.235,0.802,0.551,0.51,0.368,0.912,0.68,0.546,0.518
15,6,math,19960,12.3162,1.095,12.2024,0.0,0.3594,5.9313,3.9166,2.0146,1.3377,45,0.276,0.0039,0.641,0.104,0.0,0.892,0.326,0.158,1.455,0.238,0.624,0.369,0.366,0.288,0.792,0.486,0.445,0.445,0.915,0.615,0.493,0.596
15,6,news,19960,12.1269,1.078,12.2024,0.0,0.3594,5.9313,3.9166,2.0146,1.3377,45,0.276,0.004,0.525,0.069,0.0,0.798,0.482,0.146,1.545,0.28,0.747,0.465,0.461,0.293,0.895,0.638,0.525,0.472,0.972,0.768,0.623,0.636
15,6,val,5988,11.2515,1.0,12.2024,0.0,0.3594,5.9313,3.9166,2.0146,1.3377,45,0.276,0.0041,0.598,0.142,0.0,0.86,0.38,0.254,1.687,0.219,0.685,0.386,0.378,0.251,0.833,0.522,0.442,0.399,0.931,0.671,0.566,0.569
15,7,code,19960,10.5842,1.09,10.3422,0.0,0.3602,5.9075,3.4797,2.4278,1.7619,13,0.586,0.004,0.658,0.017,0.0,0.343,0.368,0.418,1.16,0.051,0.849,0.714,0.767,0.067,0.919,0.787,0.824,0.135,0.966,0.872,0.868,0.235
15,7,dialogue,19960,9.8503,1.015,10.3422,0.0,0.3602,5.9075,3.4797,2.4278,1.7619,13,0.586,0.004,0.538,0.03,0.0,0.187,0.339,0.363,0.717,0.039,0.915,0.799,0.857,0.041,0.951,0.862,0.887,0.078,0.975,0.925,0.925,0.175
15,7,fiction,19960,9.738,1.003,10.3422,0.0,0.3602,5.9075,3.4797,2.4278,1.7619,13,0.586,0.0038,0.584,0.017,0.0,0.267,0.48,0.722,0.825,0.041,0.896,0.723,0.786,0.048,0.94,0.815,0.882,0.101,0.969,0.915,0.92,0.206
15,7,math,19960,10.3151,1.063,10.3422,0.0,0.3602,5.9075,3.4797,2.4278,1.7619,13,0.586,0.0038,0.649,0.104,0.0,0.481,0.374,0.336,1.08,0.076,0.798,0.632,0.65,0.107,0.887,0.706,0.723,0.189,0.95,0.811,0.798,0.301
15,7,news,19960,10.4259,1.074,10.3422,0.0,0.3602,5.9075,3.4797,2.4278,1.7619,13,0.586,0.004,0.525,0.069,0.0,0.31,0.634,0.393,0.994,0.107,0.928,0.758,0.762,0.126,0.973,0.856,0.807,0.223,0.991,0.944,0.877,0.317
15,7,val,5988,9.7061,1.0,10.3422,0.0,0.3602,5.9075,3.4797,2.4278,1.7619,13,0.586,0.0041,0.598,0.142,0.0,0.565,0.645,0.754,1.225,0.081,0.828,0.594,0.576,0.089,0.914,0.743,0.789,0.17,0.964,0.878,0.853,0.293
15,8,code,19960,11.3804,1.192,9.4568,0.0,0.7476,5.9301,1.4916,4.4386,2.4101,49,0.711,0.004,0.667,0.037,0.0,0.172,0.751,0.1,0.201,0.18,0.873,0.817,0.84,0.222,0.93,0.906,0.853,0.273,0.965,0.937,0.87,0.338
15,8,dialogue,19960,10.7897,1.13,9.4568,0.0,0.7476,5.9301,1.4916,4.4386,2.4101,49,0.711,0.0078,0.274,0.346,0.0,0.085,0.787,0.214,0.219,0.099,0.908,0.872,0.894,0.139,0.944,0.93,0.906,0.238,0.968,0.951,0.92,0.393
15,8,fiction,19960,10.6237,1.112,9.4568,0.0,0.7476,5.9301,1.4916,4.4386,2.4101,49,0.711,0.0076,0.461,0.325,0.0,0.102,0.579,0.134,0.237,0.076,0.903,0.855,0.887,0.108,0.933,0.915,0.897,0.207,0.96,0.938,0.912,0.373
15,8,math,19960,10.5484,1.105,9.4568,0.0,0.7476,5.9301,1.4916,4.4386,2.4101,49,0.711,0.0052,0.529,0.295,0.0,0.275,0.57,0.16,0.266,0.15,0.832,0.784,0.793,0.193,0.896,0.856,0.819,0.269,0.944,0.9,0.849,0.373
15,8,news,19960,10.4398,1.093,9.4568,0.0,0.7476,5.9301,1.4916,4.4386,2.4101,49,0.711,0.004,0.531,0.08,0.0,0.106,0.577,0.328,0.335,0.102,0.921,0.892,0.895,0.123,0.957,0.933,0.912,0.168,0.978,0.956,0.929,0.24
15,8,val,5988,9.5496,1.0,9.4568,0.0,0.7476,5.9301,1.4916,4.4386,2.4101,49,0.711,0.0041,0.598,0.142,0.0,0.154,0.651,0.39,0.588,0.105,0.88,0.844,0.839,0.12,0.923,0.888,0.872,0.17,0.958,0.926,0.9,0.245
15,9,code,19960,10.4747,1.151,9.9147,0.0,0.2603,5.7675,4.1911,1.5765,1.2545,11,0.598,0.0041,0.634,0.052,0.0,0.472,0.472,0.573,1.809,0.048,0.824,0.653,0.674,0.079,0.914,0.766,0.795,0.146,0.968,0.811,0.823,0.267
15,9,dialogue,19960,9.3035,1.022,9.9147,0.0,0.2603,5.7675,4.1911,1.5765,1.2545,11,0.598,0.004,0.538,0.03,0.0,0.43,0.366,0.443,1.395,0.04,0.833,0.697,0.727,0.062,0.911,0.785,0.794,0.116,0.964,0.832,0.836,0.224
15,9,fiction,19960,9.4376,1.037,9.9147,0.0,0.2603,5.7675,4.1911,1.5765,1.2545,11,0.598,0.0038,0.584,0.017,0.0,0.366,0.269,0.258,1.498,0.035,0.834,0.695,0.735,0.056,0.905,0.779,0.782,0.106,0.959,0.825,0.815,0.219
15,9,math,19960,10.0131,1.1,9.9147,0.0,0.2603,5.7675,4.1911,1.5765,1.2545,11,0.598,0.0038,0.649,0.104,0.0,0.705,0.457,0.505,1.784,0.06,0.75,0.512,0.521,0.101,0.87,0.658,0.681,0.184,0.949,0.741,0.725,0.318
15,9,news,19960,9.9135,1.089,9.9147,0.0,0.2603,5.7675,4.1911,1.5765,1.2545,11,0.598,0.004,0.525,0.069,0.0,0.331,0.397,0.377,1.755,0.055,0.865,0.743,0.754,0.063,0.929,0.813,0.819,0.113,0.97,0.87,0.858,0.195
15,9,val,5988,9.0997,1.0,9.9147,0.0,0.2603,5.7675,4.1911,1.5765,1.2545,11,0.598,0.0041,0.598,0.142,0.0,0.527,0.398,0.33,1.776,0.056,0.793,0.629,0.634,0.07,0.882,0.72,0.716,0.123,0.946,0.805,0.778,0.219
15,10,code,19960,11.7767,1.21,11.35,0.0,0.6469,5.9358,1.5862,4.3495,3.8212,60,0.374,0.0041,0.659,0.049,0.0,0.299,0.895,0.093,0.988,0.548,0.985,0.792,0.802,0.363,0.994,0.948,0.813,0.387,0.997,0.989,0.838,0.418
15,10,dialogue,19960,11.6679,1.198,11.35,0.0,0.6469,5.9358,1.5862,4.3495,3.8212,60,0.374,0.0086,0.249,0.38,0.0,0.3,0.884,0.093,1.002,0.573,0.986,0.79,0.796,0.384,0.995,0.947,0.808,0.419,0.998,0.988,0.834,0.469
15,10,fiction,19960,9.9433,1.021,11.35,0.0,0.6469,5.9358,1.5862,4.3495,3.8212,60,0.374,0.0081,0.46,0.331,0.0,0.326,0.88,0.091,1.009,0.637,0.97,0.757,0.763,0.431,0.987,0.929,0.777,0.465,0.994,0.978,0.807,0.515
15,10,math,19960,11.1197,1.142,11.35,0.0,0.6469,5.9358,1.5862,4.3495,3.8212,60,0.374,0.0054,0.509,0.307,0.0,0.327,0.892,0.092,0.994,0.657,0.987,0.76,0.762,0.433,0.994,0.941,0.777,0.461,0.998,0.989,0.808,0.496
15,10,news,19960,9.5129,0.977,11.35,0.0,0.6469,5.9358,1.5862,4.3495,3.8212,60,0.374,0.0044,0.511,0.12,0.0,0.321,0.885,0.095,0.99,0.615,0.962,0.759,0.761,0.414,0.983,0.923,0.777,0.445,0.991,0.976,0.808,0.481
15,10,val,5988,9.7358,1.0,11.35,0.0,0.6469,5.9358,1.5862,4.3495,3.8212,60,0.374,0.0041,0.598,0.142,0.0,0.324,0.887,0.099,0.996,0.61,0.966,0.76,0.76,0.407,0.983,0.923,0.777,0.435,0.991,0.975,0.807,0.467
15,11,code,19960,10.8155,1.144,10.4538,0.0,0.2194,5.8241,4.325,1.4991,1.2701,46,0.578,0.0041,0.634,0.038,0.0,0.5,0.578,0.538,1.579,0.045,0.819,0.604,0.65,0.065,0.914,0.76,0.79,0.129,0.968,0.866,0.874,0.246
15,11,dialogue,19960,9.7138,1.028,10.4538,0.0,0.2194,5.8241,4.325,1.4991,1.2701,46,0.578,0.004,0.538,0.03,0.0,0.553,0.423,0.325,1.359,0.04,0.799,0.623,0.662,0.062,0.892,0.734,0.741,0.116,0.954,0.824,0.83,0.223
15,11,fiction,19960,9.887,1.046,10.4538,0.0,0.2194,5.8241,4.325,1.4991,1.2701,46,0.578,0.0039,0.577,0.041,0.0,0.429,0.464,0.253,1.433,0.036,0.822,0.659,0.698,0.05,0.897,0.757,0.756,0.102,0.953,0.844,0.848,0.201
15,11,math,19960,10.3253,1.093,10.4538,0.0,0.2194,5.8241,4.325,1.4991,1.2701,46,0.578,0.0039,0.641,0.104,0.0,0.708,0.469,0.445,1.643,0.058,0.732,0.492,0.509,0.094,0.855,0.635,0.665,0.169,0.94,0.763,0.777,0.303
15,11,news,19960,10.3132,1.091,10.4538,0.0,0.2194,5.8241,4.325,1.4991,1.2701,46,0.578,0.004,0.525,0.069,0.0,0.303,0.452,0.299,1.629,0.051,0.874,0.765,0.769,0.057,0.935,0.826,0.823,0.102,0.972,0.892,0.883,0.178
15,11,val,5988,9.4507,1.0,10.4538,0.0,0.2194,5.8241,4.325,1.4991,1.2701,46,0.578,0.0041,0.598,0.142,0.0,0.56,0.474,0.311,1.747,0.053,0.785,0.609,0.61,0.065,0.88,0.707,0.681,0.118,0.944,0.82,0.811,0.207
15,12,code,19960,11.3585,1.079,9.4288,0.0,0.4613,5.8751,3.4211,2.454,1.2341,38,0.277,0.0042,0.651,0.048,0.0,0.363,0.252,0.029,1.285,0.177,0.845,0.749,0.774,0.182,0.924,0.814,0.787,0.26,0.969,0.836,0.804,0.358
15,12,dialogue,19960,11.1026,1.055,9.4288,0.0,0.4613,5.8751,3.4211,2.454,1.2341,38,0.277,0.0082,0.261,0.367,0.0,0.495,0.514,0.039,0.771,0.287,0.797,0.687,0.703,0.312,0.909,0.794,0.719,0.433,0.965,0.841,0.751,0.586
15,12,fiction,19960,10.8763,1.033,9.4288,0.0,0.4613,5.8751,3.4211,2.454,1.2341,38,0.277,0.0089,0.421,0.337,0.0,0.613,0.487,0.038,0.924,0.356,0.751,0.633,0.647,0.375,0.874,0.744,0.666,0.485,0.942,0.794,0.699,0.625
15,12,math,19960,11.1371,1.058,9.4288,0.0,0.4613,5.8751,3.4211,2.454,1.2341,38,0.277,0.0054,0.509,0.303,0.0,0.538,0.409,0.042,1.044,0.267,0.783,0.666,0.676,0.282,0.89,0.753,0.697,0.381,0.953,0.797,0.729,0.502
15,12,news,19960,10.9609,1.041,9.4288,0.0,0.4613,5.8751,3.4211,2.454,1.2341,38,0.277,0.0043,0.5,0.105,0.0,0.567,0.427,0.05,1.302,0.455,0.807,0.645,0.647,0.407,0.932,0.75,0.662,0.506,0.978,0.817,0.705,0.59
15,12,val,5988,10.526,1.0,9.4288,0.0,0.4613,5.8751,3.4211,2.454,1.2341,38,0.277,0.0041,0.598,0.142,0.0,0.72,0.36,0.133,1.552,0.423,0.744,0.557,0.554,0.362,0.874,0.652,0.584,0.47,0.944,0.73,0.663,0.563
15,13,code,19960,10.8509,1.133,10.189,0.0,0.3659,5.9268,3.7599,2.1669,1.5611,38,0.692,0.004,0.658,0.017,0.0,0.42,0.493,0.544,1.552,0.046,0.827,0.678,0.718,0.061,0.906,0.798,0.822,0.125,0.959,0.865,0.857,0.233
15,13,dialogue,19960,10.1058,1.055,10.189,0.0,0.3659,5.9268,3.7599,2.1669,1.5611,38,0.692,0.004,0.538,0.03,0.0,0.515,0.563,0.406,1.19,0.067,0.798,0.655,0.679,0.088,0.883,0.78,0.769,0.155,0.944,0.854,0.823,0.277
15,13,fiction,19960,10.5138,1.098,10.189,0.0,0.3659,5.9268,3.7599,2.1669,1.5611,38,0.692,0.0038,0.584,0.017,0.0,0.456,0.371,0.276,1.381,0.063,0.832,0.637,0.666,0.082,0.903,0.73,0.728,0.164,0.956,0.8,0.768,0.304
15,13,math,19960,10.1217,1.057,10.189,0.0,0.3659,5.9268,3.7599,2.1669,1.5611,38,0.692,0.0038,0.649,0.104,0.0,0.585,0.48,0.551,1.285,0.07,0.766,0.596,0.603,0.107,0.864,0.716,0.744,0.195,0.936,0.818,0.799,0.321
15,13,news,19960,10.3508,1.081,10.189,0.0,0.3659,5.9268,3.7599,2.1669,1.5611,38,0.692,0.004,0.525,0.069,0.0,0.278,0.62,0.279,1.331,0.093,0.899,0.781,0.781,0.123,0.956,0.87,0.831,0.198,0.985,0.919,0.861,0.281
15,13,val,5988,9.5761,1.0,10.189,0.0,0.3659,5.9268,3.7599,2.1669,1.5611,38,0.692,0.0041,0.598,0.142,0.0,0.415,0.627,0.582,1.463,0.086,0.839,0.708,0.698,0.103,0.915,0.813,0.808,0.179,0.963,0.899,0.872,0.268
15,14,code,19960,11.5017,1.149,10.2483,0.0,0.3096,5.8158,4.114,1.7018,1.2502,30,0.58,0.0042,0.627,0.036,0.0,0.648,0.508,0.395,1.494,0.075,0.757,0.544,0.577,0.121,0.873,0.714,0.692,0.211,0.947,0.775,0.764,0.356
15,14,dialogue,19960,10.5036,1.05,10.2483,0.0,0.3096,5.8158,4.114,1.7018,1.2502,30,0.58,0.004,0.538,0.03,0.0,0.57,0.471,0.405,1.344,0.055,0.783,0.637,0.657,0.092,0.887,0.761,0.765,0.166,0.955,0.812,0.815,0.3
15,14,fiction,19960,10.5999,1.059,10.2483,0.0,0.3096,5.8158,4.114,1.7018,1.2502,30,0.58,0.0042,0.542,0.101,0.0,0.475,0.53,0.365,1.342,0.057,0.794,0.667,0.692,0.092,0.883,0.788,0.775,0.169,0.949,0.836,0.82,0.303
15,14,math,19960,11.288,1.128,10.2483,0.0,0.3096,5.8158,4.114,1.7018,1.2502,30,0.58,0.0039,0.641,0.104,0.0,0.822,0.531,0.435,1.571,0.104,0.674,0.414,0.422,0.176,0.819,0.609,0.6,0.293,0.922,0.695,0.681,0.451
15,14,news,19960,10.8439,1.084,10.2483,0.0,0.3096,5.8158,4.114,1.7018,1.2502,30,0.58,0.004,0.525,0.069,0.0,0.332,0.428,0.291,1.627,0.076,0.858,0.757,0.766,0.091,0.927,0.832,0.821,0.149,0.97,0.87,0.853,0.235
15,14,val,5988,10.0061,1.0,10.2483,0.0,0.3096,5.8158,4.114,1.7018,1.2502,30,0.58,0.0041,0.598,0.142,0.0,0.58,0.561,0.47,1.696,0.077,0.757,0.608,0.612,0.095,0.857,0.734,0.725,0.163,0.932,0.802,0.778,0.266
15,15,code,19960,10.8311,1.144,10.3356,0.0,0.2368,5.8026,4.299,1.5036,1.2241,32,0.583,0.0042,0.627,0.074,0.0,0.578,0.576,0.663,1.823,0.061,0.807,0.585,0.602,0.108,0.91,0.75,0.789,0.2,0.967,0.839,0.817,0.347
15,15,dialogue,19960,9.7631,1.031,10.3356,0.0,0.2368,5.8026,4.299,1.5036,1.2241,32,0.583,0.004,0.538,0.03,0.0,0.666,0.467,0.532,1.577,0.053,0.741,0.579,0.595,0.102,0.858,0.714,0.732,0.173,0.941,0.8,0.795,0.316
15,15,fiction,19960,9.7709,1.032,10.3356,0.0,0.2368,5.8026,4.299,1.5036,1.2241,32,0.583,0.0039,0.577,0.039,0.0,0.568,0.545,0.609,1.595,0.049,0.757,0.587,0.615,0.077,0.86,0.731,0.745,0.15,0.937,0.827,0.842,0.294
15,15,math,19960,10.4019,1.099,10.3356,0.0,0.2368,5.8026,4.299,1.5036,1.2241,32,0.583,0.0038,0.649,0.104,0.0,0.731,0.56,0.633,1.823,0.073,0.728,0.493,0.496,0.124,0.852,0.67,0.678,0.223,0.938,0.767,0.748,0.369
15,15,news,19960,10.2514,1.083,10.3356,0.0,0.2368,5.8026,4.299,1.5036,1.2241,32,0.583,0.004,0.525,0.069,0.0,0.362,0.377,0.301,1.812,0.069,0.843,0.749,0.749,0.077,0.912,0.815,0.805,0.13,0.962,0.87,0.857,0.209
15,15,val,5988,9.4662,1.0,10.3356,0.0,0.2368,5.8026,4.299,1.5036,1.2241,32,0.583,0.0041,0.598,0.142,0.0,0.633,0.541,0.516,1.922,0.069,0.757,0.584,0.578,0.086,0.86,0.714,0.692,0.151,0.935,0.812,0.79,0.256
16,0,code,19960,12.0447,1.096,10.5845,0.0,0.3158,5.8398,4.3673,1.4725,0.9219,4,0.551,0.0044,0.584,0.066,0.0,0.456,0.317,0.246,1.936,0.053,0.829,0.655,0.687,0.075,0.917,0.745,0.738,0.15,0.971,0.812,0.793,0.274
16,0,dialogue,19960,12.5534,1.143,10.5845,0.0,0.3158,5.8398,4.3673,1.4725,0.9219,4,0.551,0.004,0.538,0.03,0.0,0.636,0.378,0.18,1.665,0.081,0.732,0.584,0.607,0.126,0.856,0.69,0.666,0.208,0.943,0.78,0.749,0.353
16,0,fiction,19960,12.3878,1.128,10.5845,0.0,0.3158,5.8398,4.3673,1.4725,0.9219,4,0.551,0.0039,0.59,0.037,0.0,0.591,0.33,0.168,1.644,0.095,0.747,0.601,0.632,0.145,0.862,0.699,0.69,0.245,0.943,0.785,0.77,0.389
16,0,math,19960,12.2074,1.111,10.5845,0.0,0.3158,5.8398,4.3673,1.4725,0.9219,4,0.551,0.004,0.625,0.103,0.0,0.727,0.363,0.163,1.812,0.094,0.712,0.477,0.491,0.151,0.849,0.596,0.557,0.261,0.941,0.716,0.723,0.418
16,0,news,19960,12.0008,1.092,10.5845,0.0,0.3158,5.8398,4.3673,1.4725,0.9219,4,0.551,0.004,0.525,0.069,0.0,0.46,0.345,0.267,1.832,0.089,0.827,0.685,0.693,0.113,0.916,0.758,0.751,0.187,0.968,0.827,0.799,0.299
16,0,val,5988,10.9848,1.0,10.5845,0.0,0.3158,5.8398,4.3673,1.4725,0.9219,4,0.551,0.0041,0.598,0.142,0.0,0.635,0.386,0.265,1.879,0.094,0.733,0.585,0.589,0.123,0.845,0.675,0.658,0.205,0.93,0.766,0.756,0.322
16,1,code,19960,10.4927,1.084,10.5892,0.0,0.3612,5.9151,3.5948,2.3202,1.7828,4,0.551,0.0045,0.578,0.102,0.0,0.138,0.57,0.733,1.601,0.033,0.944,0.861,0.887,0.039,0.978,0.927,0.927,0.089,0.994,0.956,0.962,0.216
16,1,dialogue,19960,10.306,1.065,10.5892,0.0,0.3612,5.9151,3.5948,2.3202,1.7828,4,0.551,0.004,0.538,0.03,0.0,0.727,0.696,0.627,1.03,0.091,0.732,0.54,0.552,0.135,0.855,0.739,0.731,0.224,0.935,0.858,0.815,0.386
16,1,fiction,19960,10.2857,1.063,10.5892,0.0,0.3612,5.9151,3.5948,2.3202,1.7828,4,0.551,0.0074,0.302,0.302,0.0,0.548,0.66,0.583,1.138,0.076,0.777,0.628,0.662,0.108,0.877,0.788,0.777,0.198,0.945,0.878,0.845,0.379
16,1,math,19960,10.2468,1.059,10.5892,0.0,0.3612,5.9151,3.5948,2.3202,1.7828,4,0.551,0.0039,0.641,0.123,0.0,0.418,0.562,0.575,1.368,0.073,0.827,0.678,0.69,0.103,0.909,0.79,0.773,0.184,0.963,0.865,0.851,0.315
16,1,news,19960,10.7983,1.116,10.5892,0.0,0.3612,5.9151,3.5948,2.3202,1.7828,4,0.551,0.004,0.525,0.069,0.0,0.546,0.753,0.358,1.078,0.183,0.826,0.65,0.646,0.259,0.934,0.847,0.745,0.375,0.98,0.902,0.811,0.475
16,1,val,5988,9.6754,1.0,10.5892,0.0,0.3612,5.9151,3.5948,2.3202,1.7828,4,0.551,0.0041,0.598,0.142,0.0,0.562,0.612,0.413,1.418,0.13,0.789,0.626,0.623,0.166,0.899,0.777,0.726,0.262,0.962,0.862,0.812,0.367
16,2,code,19960,11.3418,1.294,9.5895,0.0,0.3705,5.7688,3.5937,2.1751,1.3336,58,0.528,0.0042,0.619,0.082,0.0,0.132,0.268,0.415,1.352,0.058,0.944,0.851,0.887,0.071,0.976,0.899,0.921,0.128,0.991,0.926,0.929,0.237
16,2,dialogue,19960,10.1064,1.153,9.5895,0.0,0.3705,5.7688,3.5937,2.1751,1.3336,58,0.528,0.004,0.538,0.03,0.0,0.284,0.5,0.603,1.283,0.046,0.888,0.785,0.807,0.067,0.942,0.856,0.887,0.118,0.975,0.904,0.903,0.212
16,2,fiction,19960,9.3907,1.071,9.5895,0.0,0.3705,5.7688,3.5937,2.1751,1.3336,58,0.528,0.004,0.568,0.083,0.0,0.173,0.598,0.7,1.197,0.039,0.916,0.783,0.825,0.056,0.953,0.871,0.913,0.115,0.978,0.923,0.925,0.237
16,2,math,19960,10.1014,1.152,9.5895,0.0,0.3705,5.7688,3.5937,2.1751,1.3336,58,0.528,0.0039,0.641,0.104,0.0,0.424,0.407,0.562,1.332,0.078,0.848,0.689,0.694,0.122,0.924,0.772,0.815,0.205,0.969,0.83,0.84,0.325
16,2,news,19960,9.8038,1.118,9.5895,0.0,0.3705,5.7688,3.5937,2.1751,1.3336,58,0.528,0.004,0.525,0.069,0.0,0.416,0.489,0.397,1.113,0.122,0.865,0.708,0.708,0.179,0.942,0.791,0.767,0.275,0.982,0.875,0.834,0.383
16,2,val,5988,8.7669,1.0,9.5895,0.0,0.3705,5.7688,3.5937,2.1751,1.3336,58,0.528,0.0041,0.598,0.142,0.0,0.589,0.587,0.658,1.311,0.076,0.797,0.642,0.633,0.106,0.891,0.763,0.773,0.193,0.954,0.868,0.84,0.317
16,3,code,19960,11.2786,1.24,9.7034,0.0,0.2307,5.8538,4.0307,1.8231,1.5806,18,0.557,0.004,0.658,0.017,0.0,0.482,0.354,0.381,1.807,0.051,0.821,0.621,0.652,0.079,0.91,0.732,0.729,0.148,0.966,0.799,0.82,0.263
16,3,dialogue,19960,10.1072,1.111,9.7034,0.0,0.2307,5.8538,4.0307,1.8231,1.5806,18,0.557,0.0047,0.457,0.143,0.0,0.485,0.293,0.249,1.812,0.042,0.817,0.685,0.706,0.064,0.901,0.761,0.74,0.11,0.959,0.82,0.837,0.209
16,3,fiction,19960,9.7323,1.07,9.7034,0.0,0.2307,5.8538,4.0307,1.8231,1.5806,18,0.557,0.0048,0.557,0.2,0.0,0.341,0.243,0.159,1.649,0.039,0.839,0.712,0.75,0.056,0.903,0.788,0.772,0.1,0.954,0.841,0.845,0.204
16,3,math,19960,10.3975,1.143,9.7034,0.0,0.2307,5.8538,4.0307,1.8231,1.5806,18,0.557,0.004,0.617,0.141,0.0,0.711,0.318,0.321,1.78,0.07,0.722,0.474,0.488,0.113,0.846,0.591,0.574,0.191,0.934,0.7,0.717,0.322
16,3,news,19960,9.9667,1.096,9.7034,0.0,0.2307,5.8538,4.0307,1.8231,1.5806,18,0.557,0.004,0.525,0.069,0.0,0.284,0.407,0.327,1.833,0.053,0.873,0.774,0.78,0.061,0.929,0.839,0.832,0.107,0.967,0.891,0.886,0.18
16,3,val,5988,9.0934,1.0,9.7034,0.0,0.2307,5.8538,4.0307,1.8231,1.5806,18,0.557,0.0041,0.598,0.142,0.0,0.653,0.391,0.31,1.916,0.064,0.742,0.568,0.566,0.078,0.848,0.667,0.659,0.138,0.928,0.779,0.769,0.231
16,4,code,19960,10.9919,1.096,10.1117,0.0,0.3601,5.9024,3.7502,2.1522,1.5489,55,0.611,0.0042,0.627,0.038,0.0,0.327,0.704,0.459,1.025,0.043,0.9,0.729,0.767,0.057,0.96,0.87,0.853,0.126,0.986,0.931,0.898,0.235
16,4,dialogue,19960,11.6664,1.164,10.1117,0.0,0.3601,5.9024,3.7502,2.1522,1.5489,55,0.611,0.004,0.538,0.03,0.0,0.613,0.676,0.615,0.846,0.108,0.75,0.609,0.624,0.147,0.869,0.77,0.747,0.241,0.948,0.867,0.826,0.377
16,4,fiction,19960,11.5104,1.148,10.1117,0.0,0.3601,5.9024,3.7502,2.1522,1.5489,55,0.611,0.0039,0.577,0.017,0.0,0.649,0.648,0.486,0.859,0.154,0.726,0.563,0.586,0.212,0.857,0.742,0.703,0.326,0.941,0.84,0.756,0.464
16,4,math,19960,10.8978,1.087,10.1117,0.0,0.3601,5.9024,3.7502,2.1522,1.5489,55,0.611,0.004,0.633,0.102,0.0,0.618,0.72,0.598,1.035,0.09,0.771,0.552,0.566,0.12,0.885,0.754,0.711,0.218,0.954,0.868,0.828,0.364
16,4,news,19960,10.57,1.054,10.1117,0.0,0.3601,5.9024,3.7502,2.1522,1.5489,55,0.611,0.004,0.525,0.069,0.0,0.34,0.596,0.325,0.99,0.099,0.857,0.76,0.766,0.116,0.933,0.852,0.822,0.19,0.977,0.916,0.865,0.289
16,4,val,5988,10.0266,1.0,10.1117,0.0,0.3601,5.9024,3.7502,2.1522,1.5489,55,0.611,0.0041,0.598,0.142,0.0,0.589,0.732,0.6,1.07,0.098,0.767,0.608,0.607,0.118,0.874,0.767,0.738,0.203,0.946,0.878,0.841,0.326
16,5,code,19960,10.8873,1.154,9.7716,0.0,0.2861,5.8844,4.0542,1.8302,1.4793,26,0.614,0.0042,0.612,0.075,0.0,0.442,0.48,0.415,1.501,0.057,0.83,0.671,0.696,0.069,0.912,0.771,0.787,0.128,0.964,0.861,0.848,0.237
16,5,dialogue,19960,9.9479,1.055,9.7716,0.0,0.2861,5.8844,4.0542,1.8302,1.4793,26,0.614,0.004,0.538,0.03,0.0,0.473,0.569,0.286,1.215,0.051,0.812,0.698,0.721,0.07,0.894,0.788,0.775,0.127,0.954,0.881,0.853,0.242
16,5,fiction,19960,9.7627,1.035,9.7716,0.0,0.2861,5.8844,4.0542,1.8302,1.4793,26,0.614,0.004,0.57,0.037,0.0,0.411,0.495,0.259,1.133,0.052,0.806,0.698,0.722,0.072,0.88,0.776,0.768,0.13,0.942,0.866,0.838,0.247
16,5,math,19960,10.4974,1.113,9.7716,0.0,0.2861,5.8844,4.0542,1.8302,1.4793,26,0.614,0.0038,0.649,0.104,0.0,0.673,0.49,0.496,1.427,0.077,0.73,0.516,0.523,0.108,0.854,0.655,0.668,0.198,0.94,0.811,0.785,0.333
16,5,news,19960,10.0434,1.065,9.7716,0.0,0.2861,5.8844,4.0542,1.8302,1.4793,26,0.614,0.004,0.525,0.069,0.0,0.306,0.444,0.259,1.322,0.073,0.863,0.776,0.78,0.081,0.929,0.838,0.823,0.14,0.972,0.902,0.874,0.233
16,5,val,5988,9.4313,1.0,9.7716,0.0,0.2861,5.8844,4.0542,1.8302,1.4793,26,0.614,0.0041,0.598,0.142,0.0,0.594,0.622,0.392,1.483,0.077,0.757,0.606,0.605,0.088,0.865,0.728,0.691,0.157,0.941,0.848,0.834,0.265
16,6,code,19960,11.2946,1.098,11.6277,0.0,0.7126,5.9578,1.9424,4.0154,2.0543,56,0.254,0.004,0.658,0.017,0.0,0.495,0.192,0.055,1.347,0.155,0.79,0.656,0.691,0.192,0.901,0.724,0.701,0.274,0.966,0.785,0.73,0.367
16,6,dialogue,19960,10.5528,1.026,11.6277,0.0,0.7126,5.9578,1.9424,4.0154,2.0543,56,0.254,0.004,0.538,0.03,0.0,0.781,0.718,0.029,0.357,0.341,0.678,0.561,0.567,0.451,0.833,0.731,0.579,0.554,0.926,0.831,0.623,0.647
16,6,fiction,19960,11.221,1.091,11.6277,0.0,0.7126,5.9578,1.9424,4.0154,2.0543,56,0.254,0.0038,0.584,0.017,0.0,0.723,0.731,0.095,0.588,0.405,0.695,0.588,0.591,0.49,0.85,0.756,0.626,0.593,0.933,0.854,0.66,0.676
16,6,math,19960,10.7321,1.043,11.6277,0.0,0.7126,5.9578,1.9424,4.0154,2.0543,56,0.254,0.0039,0.641,0.104,0.0,0.687,0.597,0.201,0.767,0.285,0.715,0.59,0.598,0.339,0.853,0.723,0.652,0.438,0.934,0.816,0.693,0.54
16,6,news,19960,10.7562,1.046,11.6277,0.0,0.7126,5.9578,1.9424,4.0154,2.0543,56,0.254,0.004,0.525,0.069,0.0,0.445,0.665,0.175,0.619,0.453,0.8,0.719,0.723,0.496,0.928,0.846,0.768,0.572,0.973,0.913,0.791,0.632
16,6,val,5988,10.2868,1.0,11.6277,0.0,0.7126,5.9578,1.9424,4.0154,2.0543,56,0.254,0.0041,0.598,0.142,0.0,0.669,0.665,0.152,0.771,0.476,0.733,0.631,0.618,0.519,0.872,0.762,0.658,0.616,0.941,0.853,0.695,0.695
16,7,code,19960,11.7418,1.151,8.9537,0.0,0.5993,5.866,2.5704,3.2957,1.7745,17,0.657,0.004,0.667,0.037,0.0,0.069,0.377,0.178,0.589,0.068,0.939,0.863,0.909,0.086,0.967,0.93,0.925,0.133,0.985,0.95,0.929,0.242
16,7,dialogue,19960,10.9363,1.072,8.9537,0.0,0.5993,5.866,2.5704,3.2957,1.7745,17,0.657,0.0082,0.262,0.365,0.0,0.132,0.549,0.122,0.551,0.113,0.898,0.839,0.873,0.162,0.944,0.909,0.894,0.27,0.974,0.937,0.901,0.471
16,7,fiction,19960,10.1145,0.992,8.9537,0.0,0.5993,5.866,2.5704,3.2957,1.7745,17,0.657,0.0079,0.462,0.319,0.0,0.154,0.451,0.181,0.566,0.074,0.865,0.797,0.838,0.118,0.91,0.872,0.868,0.224,0.951,0.903,0.876,0.422
16,7,math,19960,10.9208,1.071,8.9537,0.0,0.5993,5.866,2.5704,3.2957,1.7745,17,0.657,0.0052,0.524,0.297,0.0,0.142,0.534,0.431,0.486,0.101,0.911,0.846,0.869,0.136,0.95,0.911,0.91,0.216,0.977,0.939,0.92,0.356
16,7,news,19960,10.4288,1.022,8.9537,0.0,0.5993,5.866,2.5704,3.2957,1.7745,17,0.657,0.0043,0.5,0.105,0.0,0.151,0.57,0.316,0.523,0.207,0.908,0.844,0.849,0.221,0.96,0.909,0.883,0.285,0.983,0.947,0.896,0.373
16,7,val,5988,10.2008,1.0,8.9537,0.0,0.5993,5.866,2.5704,3.2957,1.7745,17,0.657,0.0041,0.598,0.142,0.0,0.461,0.322,0.204,1.032,0.255,0.818,0.663,0.66,0.266,0.907,0.743,0.711,0.361,0.958,0.816,0.757,0.465
16,8,code,19650,5.6996,1.493,9.9776,0.0,0.1077,5.7686,5.1568,0.6118,0.5314,21,0.854,0.004,0.667,0.037,0.0,0.022,0.668,0.72,1.637,0.02,0.996,0.978,0.979,0.011,0.999,0.988,0.989,0.022,1.0,0.995,0.995,0.042
16,8,dialogue,19878,5.0807,1.331,9.9776,0.0,0.1077,5.7686,5.1568,0.6118,0.5314,21,0.854,0.0073,0.295,0.312,0.0,0.015,0.761,0.859,1.503,0.027,0.999,0.976,0.984,0.026,1.0,0.992,0.993,0.05,1.0,0.999,0.999,0.095
16,8,fiction,19917,4.4312,1.161,9.9776,0.0,0.1077,5.7686,5.1568,0.6118,0.5314,21,0.854,0.0074,0.49,0.299,0.0,0.047,0.951,0.955,1.439,0.023,0.996,0.939,0.951,0.025,0.999,0.993,0.993,0.045,1.0,0.999,0.999,0.093
16,8,math,19651,5.1901,1.36,9.9776,0.0,0.1077,5.7686,5.1568,0.6118,0.5314,21,0.854,0.005,0.55,0.278,0.0,0.084,0.877,0.916,1.561,0.03,0.993,0.913,0.916,0.027,0.999,0.976,0.976,0.051,1.0,0.994,0.994,0.095
16,8,news,19887,4.1883,1.097,9.9776,0.0,0.1077,5.7686,5.1568,0.6118,0.5314,21,0.854,0.004,0.525,0.069,0.0,0.056,0.814,0.816,1.548,0.032,0.994,0.947,0.947,0.024,0.999,0.98,0.981,0.04,1.0,0.995,0.994,0.07
16,8,val,5963,3.8163,1.0,9.9776,0.0,0.1077,5.7686,5.1568,0.6118,0.5314,21,0.854,0.0041,0.598,0.142,0.0,0.122,0.905,0.932,1.59,0.04,0.992,0.879,0.879,0.042,0.999,0.971,0.97,0.073,1.0,0.996,0.996,0.119
16,9,code,19960,11.1557,1.28,8.9277,0.0,0.6146,5.8596,2.3796,3.4799,1.7981,53,0.841,0.0047,0.681,0.146,0.0,0.061,0.143,0.108,1.263,0.036,0.978,0.888,0.935,0.045,0.99,0.942,0.941,0.089,0.997,0.95,0.944,0.177
16,9,dialogue,19960,12.4821,1.432,8.9277,0.0,0.6146,5.8596,2.3796,3.4799,1.7981,53,0.841,0.0094,0.25,0.396,0.0,0.174,0.693,0.133,0.49,0.04,0.948,0.836,0.861,0.136,0.976,0.921,0.88,0.28,0.991,0.969,0.893,0.478
16,9,fiction,19960,10.9843,1.261,8.9277,0.0,0.6146,5.8596,2.3796,3.4799,1.7981,53,0.841,0.011,0.573,0.393,0.0,0.096,0.567,0.236,0.499,0.035,0.954,0.876,0.913,0.086,0.974,0.942,0.932,0.239,0.988,0.967,0.94,0.49
16,9,math,19960,10.5338,1.209,8.9277,0.0,0.6146,5.8596,2.3796,3.4799,1.7981,53,0.841,0.0058,0.474,0.331,0.0,0.13,0.516,0.509,0.891,0.052,0.943,0.87,0.889,0.078,0.969,0.929,0.929,0.154,0.986,0.954,0.944,0.264
16,9,news,19960,9.6559,1.108,8.9277,0.0,0.6146,5.8596,2.3796,3.4799,1.7981,53,0.841,0.0087,0.655,0.382,0.0,0.058,0.767,0.749,0.767,0.047,0.981,0.94,0.948,0.078,0.992,0.977,0.976,0.163,0.997,0.987,0.983,0.323
16,9,val,5988,8.7136,1.0,8.9277,0.0,0.6146,5.8596,2.3796,3.4799,1.7981,53,0.841,0.0078,0.787,0.394,0.0,0.132,0.702,0.638,0.985,0.056,0.955,0.897,0.889,0.095,0.979,0.942,0.939,0.181,0.993,0.973,0.966,0.34
16,10,code,19960,11.2594,1.327,12.2967,0.0,0.7003,5.9339,1.6883,4.2456,2.7845,17,0.633,0.004,0.658,0.017,0.0,0.218,0.605,0.056,0.331,0.147,0.919,0.796,0.824,0.217,0.969,0.898,0.835,0.286,0.989,0.936,0.849,0.356
16,10,dialogue,19960,9.6415,1.137,12.2967,0.0,0.7003,5.9339,1.6883,4.2456,2.7845,17,0.633,0.004,0.538,0.03,0.0,0.332,0.746,0.24,0.419,0.133,0.827,0.734,0.746,0.204,0.904,0.855,0.801,0.281,0.955,0.908,0.828,0.361
16,10,fiction,19960,9.3409,1.101,12.2967,0.0,0.7003,5.9339,1.6883,4.2456,2.7845,17,0.633,0.004,0.595,0.059,0.0,0.352,0.739,0.296,0.44,0.119,0.85,0.705,0.729,0.185,0.928,0.857,0.789,0.275,0.971,0.93,0.842,0.372
16,10,math,19960,9.8979,1.167,12.2967,0.0,0.7003,5.9339,1.6883,4.2456,2.7845,17,0.633,0.0039,0.641,0.104,0.0,0.341,0.737,0.208,0.419,0.179,0.865,0.725,0.733,0.261,0.941,0.863,0.782,0.353,0.978,0.928,0.815,0.435
16,10,news,19960,9.011,1.062,12.2967,0.0,0.7003,5.9339,1.6883,4.2456,2.7845,17,0.633,0.004,0.525,0.069,0.0,0.22,0.736,0.327,0.464,0.103,0.901,0.823,0.824,0.15,0.964,0.913,0.865,0.224,0.991,0.969,0.912,0.304
16,10,val,5988,8.4833,1.0,12.2967,0.0,0.7003,5.9339,1.6883,4.2456,2.7845,17,0.633,0.0041,0.598,0.142,0.0,0.311,0.811,0.433,0.526,0.142,0.864,0.762,0.757,0.189,0.94,0.884,0.832,0.273,0.978,0.952,0.89,0.365
16,11,code,19960,11.1518,1.168,8.7578,0.0,0.3986,5.8576,3.5223,2.3353,1.7174,21,0.655,0.0042,0.651,0.048,0.0,0.07,0.472,0.442,1.49,0.047,0.957,0.831,0.917,0.047,0.978,0.945,0.948,0.091,0.99,0.962,0.957,0.182
16,11,dialogue,19960,10.4719,1.097,8.7578,0.0,0.3986,5.8576,3.5223,2.3353,1.7174,21,0.655,0.0078,0.277,0.332,0.0,0.097,0.447,0.215,1.921,0.065,0.926,0.837,0.896,0.064,0.954,0.925,0.919,0.114,0.975,0.943,0.93,0.209
16,11,fiction,19960,10.4323,1.092,8.7578,0.0,0.3986,5.8576,3.5223,2.3353,1.7174,21,0.655,0.0078,0.484,0.317,0.0,0.509,0.401,0.248,1.592,0.151,0.779,0.636,0.691,0.132,0.858,0.765,0.757,0.218,0.925,0.825,0.798,0.368
16,11,math,19960,10.5968,1.11,8.7578,0.0,0.3986,5.8576,3.5223,2.3353,1.7174,21,0.655,0.005,0.55,0.266,0.0,0.193,0.462,0.344,1.54,0.086,0.905,0.797,0.837,0.091,0.945,0.885,0.886,0.148,0.974,0.918,0.901,0.256
16,11,news,19960,10.0756,1.055,8.7578,0.0,0.3986,5.8576,3.5223,2.3353,1.7174,21,0.655,0.0043,0.5,0.105,0.0,0.502,0.513,0.131,1.226,0.259,0.819,0.671,0.68,0.246,0.922,0.795,0.73,0.363,0.972,0.868,0.766,0.467
16,11,val,5988,9.5499,1.0,8.7578,0.0,0.3986,5.8576,3.5223,2.3353,1.7174,21,0.655,0.0041,0.598,0.142,0.0,0.378,0.496,0.323,1.672,0.174,0.84,0.728,0.721,0.147,0.909,0.812,0.792,0.218,0.956,0.872,0.843,0.314
16,12,code,19960,10.1781,1.121,9.4648,0.0,0.7898,5.9464,1.1394,4.8069,3.8236,62,0.41,0.0042,0.651,0.048,0.0,0.167,0.694,0.051,0.522,0.261,0.921,0.835,0.859,0.244,0.961,0.917,0.866,0.294,0.979,0.951,0.881,0.352
16,12,dialogue,19960,9.7576,1.074,9.4648,0.0,0.7898,5.9464,1.1394,4.8069,3.8236,62,0.41,0.0086,0.249,0.382,0.0,0.085,0.768,0.07,0.509,0.218,0.966,0.902,0.923,0.201,0.98,0.964,0.928,0.272,0.989,0.977,0.936,0.382
16,12,fiction,19960,9.3081,1.025,9.4648,0.0,0.7898,5.9464,1.1394,4.8069,3.8236,62,0.41,0.0081,0.46,0.331,0.0,0.148,0.811,0.049,0.517,0.349,0.937,0.845,0.867,0.306,0.96,0.931,0.875,0.367,0.977,0.954,0.888,0.462
16,12,math,19960,9.6449,1.062,9.4648,0.0,0.7898,5.9464,1.1394,4.8069,3.8236,62,0.41,0.0054,0.514,0.299,0.0,0.138,0.753,0.071,0.51,0.335,0.947,0.867,0.878,0.288,0.967,0.938,0.886,0.326,0.982,0.961,0.899,0.389
16,12,news,19960,9.258,1.019,9.4648,0.0,0.7898,5.9464,1.1394,4.8069,3.8236,62,0.41,0.0044,0.506,0.104,0.0,0.166,0.881,0.07,0.488,0.44,0.935,0.849,0.852,0.379,0.964,0.934,0.861,0.412,0.98,0.962,0.875,0.454
16,12,val,5988,9.0826,1.0,9.4648,0.0,0.7898,5.9464,1.1394,4.8069,3.8236,62,0.41,0.0041,0.598,0.142,0.0,0.188,0.846,0.066,0.489,0.495,0.928,0.835,0.834,0.427,0.957,0.921,0.845,0.452,0.976,0.952,0.865,0.489
16,13,code,19960,10.9207,1.157,9.8402,0.0,0.2353,5.8004,4.1456,1.6547,1.3733,31,0.517,0.004,0.658,0.017,0.0,0.459,0.319,0.496,1.978,0.058,0.835,0.655,0.679,0.081,0.924,0.714,0.748,0.149,0.974,0.809,0.82,0.271
16,13,dialogue,19960,9.9253,1.052,9.8402,0.0,0.2353,5.8004,4.1456,1.6547,1.3733,31,0.517,0.0042,0.518,0.084,0.0,0.534,0.265,0.339,1.657,0.049,0.809,0.652,0.669,0.072,0.898,0.703,0.753,0.119,0.959,0.787,0.807,0.23
16,13,fiction,19960,9.8486,1.043,9.8402,0.0,0.2353,5.8004,4.1456,1.6547,1.3733,31,0.517,0.0038,0.584,0.017,0.0,0.343,0.319,0.225,1.772,0.055,0.833,0.715,0.745,0.063,0.898,0.758,0.792,0.11,0.952,0.84,0.833,0.208
16,13,math,19960,10.4592,1.108,9.8402,0.0,0.2353,5.8004,4.1456,1.6547,1.3733,31,0.517,0.004,0.633,0.113,0.0,0.701,0.379,0.441,2.058,0.087,0.74,0.504,0.513,0.12,0.863,0.612,0.653,0.206,0.945,0.727,0.712,0.339
16,13,news,19960,10.2447,1.085,9.8402,0.0,0.2353,5.8004,4.1456,1.6547,1.3733,31,0.517,0.004,0.525,0.069,0.0,0.285,0.335,0.292,2.042,0.089,0.874,0.773,0.777,0.085,0.935,0.82,0.828,0.132,0.973,0.875,0.86,0.21
16,13,val,5988,9.4384,1.0,9.8402,0.0,0.2353,5.8004,4.1456,1.6547,1.3733,31,0.517,0.0041,0.598,0.142,0.0,0.685,0.33,0.199,2.071,0.099,0.744,0.561,0.563,0.098,0.848,0.657,0.635,0.16,0.928,0.749,0.717,0.266
16,14,code,19960,11.8806,1.229,8.4553,0.0,0.4893,5.7815,2.9084,2.8732,1.8407,34,0.667,0.004,0.667,0.037,0.0,0.228,0.353,0.366,0.914,0.061,0.897,0.803,0.827,0.082,0.945,0.87,0.875,0.134,0.978,0.906,0.893,0.234
16,14,dialogue,19960,10.4347,1.079,8.4553,0.0,0.4893,5.7815,2.9084,2.8732,1.8407,34,0.667,0.008,0.267,0.355,0.0,0.038,0.534,0.233,0.921,0.052,0.942,0.903,0.929,0.08,0.962,0.947,0.942,0.146,0.979,0.962,0.953,0.345
16,14,fiction,19960,10.1062,1.045,8.4553,0.0,0.4893,5.7815,2.9084,2.8732,1.8407,34,0.667,0.0078,0.465,0.336,0.0,0.137,0.453,0.247,0.805,0.082,0.874,0.824,0.847,0.113,0.915,0.883,0.876,0.202,0.953,0.916,0.9,0.389
16,14,math,19960,10.7603,1.113,8.4553,0.0,0.4893,5.7815,2.9084,2.8732,1.8407,34,0.667,0.0053,0.519,0.298,0.0,0.164,0.501,0.405,0.793,0.077,0.905,0.843,0.851,0.11,0.946,0.9,0.897,0.181,0.975,0.931,0.922,0.318
16,14,news,19960,10.2496,1.06,8.4553,0.0,0.4893,5.7815,2.9084,2.8732,1.8407,34,0.667,0.0041,0.524,0.093,0.0,0.096,0.577,0.384,0.742,0.127,0.926,0.875,0.883,0.143,0.963,0.925,0.911,0.188,0.983,0.952,0.927,0.27
16,14,val,5988,9.669,1.0,8.4553,0.0,0.4893,5.7815,2.9084,2.8732,1.8407,34,0.667,0.0041,0.598,0.142,0.0,0.331,0.39,0.199,1.294,0.159,0.837,0.741,0.74,0.154,0.904,0.806,0.786,0.217,0.953,0.858,0.816,0.303
16,15,code,19960,12.13,1.263,11.049,0.0,0.3818,5.9091,3.6487,2.2604,1.5331,15,0.345,0.004,0.642,0.049,0.0,0.331,0.207,0.332,1.52,0.069,0.877,0.644,0.758,0.09,0.942,0.78,0.806,0.169,0.979,0.816,0.813,0.298
16,15,dialogue,19960,10.1137,1.053,11.049,0.0,0.3818,5.9091,3.6487,2.2604,1.5331,15,0.345,0.004,0.538,0.03,0.0,0.562,0.507,0.45,1.165,0.081,0.785,0.581,0.642,0.105,0.88,0.746,0.752,0.191,0.946,0.83,0.787,0.331
16,15,fiction,19960,10.0725,1.049,11.049,0.0,0.3818,5.9091,3.6487,2.2604,1.5331,15,0.345,0.0038,0.584,0.017,0.0,0.361,0.333,0.476,1.216,0.063,0.839,0.635,0.739,0.082,0.908,0.776,0.812,0.148,0.957,0.832,0.831,0.27
16,15,math,19960,10.4292,1.086,11.049,0.0,0.3818,5.9091,3.6487,2.2604,1.5331,15,0.345,0.0039,0.641,0.113,0.0,0.424,0.371,0.537,1.474,0.072,0.847,0.625,0.692,0.111,0.924,0.767,0.798,0.196,0.971,0.811,0.82,0.314
16,15,news,19960,10.4623,1.089,11.049,0.0,0.3818,5.9091,3.6487,2.2604,1.5331,15,0.345,0.004,0.525,0.069,0.0,0.357,0.562,0.235,1.298,0.123,0.888,0.71,0.74,0.162,0.956,0.845,0.796,0.259,0.987,0.901,0.82,0.352
16,15,val,5988,9.6059,1.0,11.049,0.0,0.3818,5.9091,3.6487,2.2604,1.5331,15,0.345,0.0041,0.598,0.142,0.0,0.63,0.452,0.271,1.563,0.123,0.777,0.565,0.56,0.163,0.879,0.69,0.651,0.272,0.949,0.804,0.772,0.408
17,0,code,19960,11.5599,1.209,10.5607,0.0,0.5233,5.8894,3.053,2.8365,1.6066,53,0.553,0.004,0.658,0.017,0.0,0.123,0.547,0.681,1.048,0.038,0.969,0.814,0.883,0.052,0.987,0.926,0.944,0.109,0.996,0.955,0.962,0.202
17,0,dialogue,19960,10.0063,1.046,10.5607,0.0,0.5233,5.8894,3.053,2.8365,1.6066,53,0.553,0.004,0.538,0.03,0.0,0.388,0.333,0.206,0.638,0.053,0.847,0.689,0.727,0.078,0.91,0.758,0.74,0.143,0.956,0.866,0.825,0.264
17,0,fiction,19960,9.7196,1.016,10.5607,0.0,0.5233,5.8894,3.053,2.8365,1.6066,53,0.553,0.0039,0.577,0.041,0.0,0.536,0.387,0.095,0.792,0.078,0.832,0.562,0.595,0.112,0.913,0.671,0.61,0.201,0.961,0.821,0.845,0.357
17,0,math,19960,10.0327,1.049,10.5607,0.0,0.5233,5.8894,3.053,2.8365,1.6066,53,0.553,0.0038,0.649,0.104,0.0,0.244,0.348,0.395,0.893,0.068,0.909,0.759,0.791,0.096,0.952,0.831,0.806,0.155,0.98,0.889,0.883,0.26
17,0,news,19960,10.26,1.073,10.5607,0.0,0.5233,5.8894,3.053,2.8365,1.6066,53,0.553,0.004,0.525,0.069,0.0,0.318,0.539,0.179,0.791,0.125,0.878,0.767,0.78,0.156,0.95,0.852,0.807,0.24,0.984,0.923,0.853,0.337
17,0,val,5988,9.5644,1.0,10.5607,0.0,0.5233,5.8894,3.053,2.8365,1.6066,53,0.553,0.0041,0.598,0.142,0.0,0.501,0.447,0.302,1.093,0.11,0.794,0.653,0.646,0.138,0.887,0.756,0.716,0.221,0.951,0.843,0.811,0.336
17,1,code,19960,10.8492,1.211,8.4627,0.0,0.2925,5.9474,4.391,1.5563,1.1146,40,0.507,0.004,0.658,0.017,0.0,0.119,0.21,0.214,1.561,0.042,0.946,0.881,0.899,0.058,0.973,0.902,0.918,0.099,0.99,0.929,0.924,0.177
17,1,dialogue,19960,11.6215,1.298,8.4627,0.0,0.2925,5.9474,4.391,1.5563,1.1146,40,0.507,0.0044,0.483,0.14,0.0,0.665,0.157,0.205,1.326,0.173,0.7,0.551,0.552,0.253,0.824,0.583,0.622,0.357,0.923,0.68,0.695,0.482
17,1,fiction,19960,11.0568,1.235,8.4627,0.0,0.2925,5.9474,4.391,1.5563,1.1146,40,0.507,0.0046,0.522,0.192,0.0,0.694,0.253,0.194,1.366,0.129,0.692,0.523,0.527,0.2,0.822,0.582,0.601,0.308,0.921,0.696,0.697,0.445
17,1,math,19960,10.4026,1.162,8.4627,0.0,0.2925,5.9474,4.391,1.5563,1.1146,40,0.507,0.0042,0.607,0.193,0.0,0.498,0.335,0.311,1.532,0.093,0.788,0.63,0.634,0.148,0.886,0.702,0.729,0.235,0.954,0.799,0.824,0.363
17,1,news,19960,10.0732,1.125,8.4627,0.0,0.2925,5.9474,4.391,1.5563,1.1146,40,0.507,0.004,0.525,0.069,0.0,0.41,0.354,0.254,1.441,0.108,0.826,0.714,0.727,0.124,0.905,0.781,0.779,0.192,0.96,0.849,0.829,0.287
17,1,val,5988,8.9559,1.0,8.4627,0.0,0.2925,5.9474,4.391,1.5563,1.1146,40,0.507,0.0041,0.598,0.142,0.0,0.59,0.465,0.393,1.629,0.088,0.714,0.568,0.57,0.109,0.818,0.677,0.671,0.18,0.912,0.782,0.768,0.295
17,2,code,19167,4.7598,1.553,10.9221,0.0,0.1047,5.6815,5.1653,0.5162,0.4817,15,1.0,0.002,1.0,0.017,0.0,0.0,0.0,0.0,1.32,0.01,1.0,1.0,1.0,0.004,1.0,1.0,1.0,0.011,1.0,1.0,1.0,0.027
17,2,dialogue,19404,4.3039,1.404,10.9221,0.0001,0.1047,5.6815,5.1653,0.5162,0.4817,15,1.0,0.002,1.0,0.03,0.0,0.0,0.0,0.0,1.388,0.01,1.0,0.998,1.0,0.004,1.0,0.998,1.0,0.013,1.0,0.998,1.0,0.031
17,2,fiction,18192,3.572,1.165,10.9221,0.0,0.1047,5.6815,5.1653,0.5162,0.4817,15,1.0,0.002,1.0,0.017,0.0,0.0,0.0,0.0,1.588,0.01,1.0,0.998,1.0,0.005,1.0,0.998,1.0,0.011,1.0,0.998,1.0,0.028
17,2,math,16538,3.9781,1.298,10.9221,0.0,0.1047,5.6815,5.1653,0.5162,0.4817,15,1.0,0.002,1.0,0.107,0.0,0.0,0.0,0.0,1.488,0.011,1.0,0.998,0.999,0.005,1.0,0.998,0.999,0.014,1.0,0.998,0.999,0.034
17,2,news,18620,3.4485,1.125,10.9221,0.0,0.1047,5.6815,5.1653,0.5162,0.4817,15,1.0,0.002,1.0,0.069,0.0,0.0,0.0,0.0,1.42,0.011,1.0,1.0,1.0,0.005,1.0,1.0,1.0,0.011,1.0,1.0,1.0,0.029
17,2,val,5129,3.0659,1.0,10.9221,0.0001,0.1047,5.6815,5.1653,0.5162,0.4817,15,1.0,0.002,1.0,0.149,0.0,0.002,0.0,0.0,1.618,0.013,1.0,0.994,0.994,0.007,1.0,0.994,0.994,0.014,1.0,0.994,0.994,0.029
17,3,code,19960,11.7608,1.217,8.7236,0.0,0.4441,5.8185,3.2821,2.5364,1.547,17,0.744,0.004,0.667,0.037,0.0,0.074,0.367,0.269,1.783,0.063,0.969,0.861,0.928,0.052,0.986,0.946,0.947,0.1,0.995,0.96,0.95,0.179
17,3,dialogue,19960,10.718,1.109,8.7236,0.0,0.4441,5.8185,3.2821,2.5364,1.547,17,0.744,0.0082,0.261,0.367,0.0,0.013,0.92,0.936,1.112,0.036,0.996,0.932,0.987,0.051,0.998,0.995,0.995,0.116,0.999,0.997,0.996,0.263
17,3,fiction,19960,10.2923,1.065,8.7236,0.0,0.4441,5.8185,3.2821,2.5364,1.547,17,0.744,0.0079,0.475,0.322,0.0,0.058,0.485,0.342,1.067,0.053,0.974,0.866,0.938,0.071,0.988,0.958,0.958,0.158,0.996,0.973,0.961,0.333
17,3,math,19960,10.6995,1.107,8.7236,0.0,0.4441,5.8185,3.2821,2.5364,1.547,17,0.744,0.0052,0.524,0.297,0.0,0.101,0.522,0.48,1.337,0.077,0.962,0.877,0.91,0.084,0.982,0.943,0.947,0.15,0.993,0.962,0.956,0.27
17,3,news,19960,10.2611,1.062,8.7236,0.0,0.4441,5.8185,3.2821,2.5364,1.547,17,0.744,0.0043,0.5,0.105,0.0,0.069,0.727,0.654,1.009,0.078,0.974,0.909,0.933,0.078,0.989,0.967,0.964,0.127,0.996,0.981,0.97,0.205
17,3,val,5988,9.6636,1.0,8.7236,0.0,0.4441,5.8185,3.2821,2.5364,1.547,17,0.744,0.0041,0.598,0.142,0.0,0.156,0.558,0.42,1.46,0.115,0.94,0.858,0.862,0.101,0.971,0.914,0.909,0.155,0.988,0.952,0.939,0.237
17,4,code,19960,11.9515,1.234,8.3696,0.0,0.5132,5.7807,3.2692,2.5114,1.0797,55,0.756,0.004,0.667,0.037,0.0,0.055,0.335,0.225,1.207,0.074,0.948,0.841,0.921,0.085,0.973,0.932,0.936,0.129,0.989,0.955,0.946,0.212
17,4,dialogue,19960,11.0225,1.138,8.3696,0.0,0.5132,5.7807,3.2692,2.5114,1.0797,55,0.756,0.0082,0.262,0.362,0.0,0.012,0.812,0.799,0.969,0.045,0.981,0.904,0.973,0.081,0.99,0.983,0.982,0.161,0.996,0.989,0.986,0.33
17,4,fiction,19960,11.649,1.203,8.3696,0.0,0.5132,5.7807,3.2692,2.5114,1.0797,55,0.756,0.0079,0.475,0.322,0.0,0.709,0.239,0.099,1.548,0.165,0.628,0.47,0.508,0.211,0.762,0.579,0.55,0.343,0.886,0.666,0.613,0.536
17,4,math,19960,10.9449,1.13,8.3696,0.0,0.5132,5.7807,3.2692,2.5114,1.0797,55,0.756,0.0052,0.529,0.297,0.0,0.117,0.523,0.465,0.848,0.096,0.932,0.856,0.894,0.129,0.963,0.927,0.928,0.205,0.984,0.949,0.95,0.323
17,4,news,19960,10.7773,1.113,8.3696,0.0,0.5132,5.7807,3.2692,2.5114,1.0797,55,0.756,0.0043,0.5,0.105,0.0,0.099,0.536,0.388,0.716,0.152,0.924,0.859,0.884,0.176,0.965,0.926,0.911,0.241,0.985,0.951,0.928,0.318
17,4,val,5988,9.6823,1.0,8.3696,0.0,0.5132,5.7807,3.2692,2.5114,1.0797,55,0.756,0.0041,0.598,0.142,0.0,0.13,0.578,0.548,1.568,0.098,0.927,0.872,0.873,0.107,0.959,0.916,0.915,0.152,0.982,0.945,0.934,0.218
17,5,code,19960,12.6206,1.415,8.8737,0.0,0.3848,5.7866,3.6584,2.1282,1.5627,35,0.71,0.004,0.658,0.017,0.0,0.717,0.253,0.155,1.693,0.125,0.698,0.489,0.524,0.167,0.833,0.593,0.593,0.269,0.932,0.696,0.617,0.412
17,5,dialogue,19960,10.2042,1.144,8.8737,0.0,0.3848,5.7866,3.6584,2.1282,1.5627,35,0.71,0.0052,0.41,0.232,0.0,0.397,0.394,0.586,1.26,0.06,0.85,0.71,0.748,0.089,0.925,0.82,0.865,0.154,0.968,0.878,0.901,0.257
17,5,fiction,19960,10.0694,1.129,8.8737,0.0,0.3848,5.7866,3.6584,2.1282,1.5627,35,0.71,0.006,0.567,0.273,0.0,0.273,0.431,0.2,1.399,0.057,0.866,0.731,0.794,0.079,0.923,0.846,0.83,0.151,0.965,0.9,0.863,0.272
17,5,math,19960,11.2583,1.262,8.8737,0.0,0.3848,5.7866,3.6584,2.1282,1.5627,35,0.71,0.0041,0.622,0.189,0.0,0.766,0.387,0.183,1.297,0.148,0.673,0.446,0.451,0.207,0.817,0.593,0.547,0.331,0.924,0.715,0.628,0.488
17,5,news,19960,10.0784,1.13,8.8737,0.0,0.3848,5.7866,3.6584,2.1282,1.5627,35,0.71,0.004,0.525,0.069,0.0,0.34,0.401,0.157,1.327,0.09,0.883,0.732,0.759,0.109,0.954,0.827,0.798,0.186,0.987,0.901,0.83,0.283
17,5,val,5988,8.9198,1.0,8.8737,0.0,0.3848,5.7866,3.6584,2.1282,1.5627,35,0.71,0.0041,0.598,0.142,0.0,0.256,0.566,0.328,1.586,0.071,0.884,0.786,0.79,0.083,0.939,0.864,0.848,0.144,0.976,0.928,0.918,0.232
17,6,code,19960,9.6065,1.129,9.2887,0.0,0.296,5.9319,3.7501,2.1818,1.8363,59,0.193,0.004,0.658,0.017,0.0,0.165,0.304,0.158,1.15,0.039,0.893,0.594,0.85,0.046,0.936,0.773,0.861,0.091,0.97,0.899,0.89,0.184
17,6,dialogue,19960,8.8093,1.035,9.2887,0.0,0.296,5.9319,3.7501,2.1818,1.8363,59,0.193,0.004,0.538,0.03,0.0,0.864,0.377,0.391,1.087,0.098,0.53,0.266,0.35,0.159,0.695,0.409,0.431,0.3,0.854,0.625,0.547,0.489
17,6,fiction,19960,9.6222,1.131,9.2887,0.0,0.296,5.9319,3.7501,2.1818,1.8363,59,0.193,0.0046,0.538,0.182,0.0,0.905,0.424,0.381,1.086,0.077,0.56,0.281,0.419,0.131,0.712,0.498,0.525,0.245,0.851,0.657,0.577,0.414
17,6,math,19960,9.1414,1.074,9.2887,0.0,0.296,5.9319,3.7501,2.1818,1.8363,59,0.193,0.0039,0.641,0.113,0.0,0.688,0.192,0.166,1.035,0.105,0.673,0.4,0.529,0.155,0.807,0.523,0.542,0.278,0.915,0.693,0.621,0.439
17,6,news,19960,9.7273,1.143,9.2887,0.0,0.296,5.9319,3.7501,2.1818,1.8363,59,0.193,0.004,0.525,0.069,0.0,0.849,0.286,0.134,0.89,0.198,0.663,0.371,0.457,0.252,0.831,0.502,0.497,0.426,0.942,0.696,0.62,0.593
17,6,val,5988,8.5105,1.0,9.2887,0.0,0.296,5.9319,3.7501,2.1818,1.8363,59,0.193,0.0041,0.598,0.142,0.0,0.934,0.541,0.489,1.189,0.102,0.58,0.314,0.308,0.141,0.728,0.533,0.525,0.252,0.858,0.684,0.653,0.416
17,7,code,19960,10.259,1.182,9.457,0.0,0.274,5.8434,4.0944,1.749,1.423,40,0.5,0.004,0.658,0.017,0.0,0.429,0.467,0.46,1.381,0.044,0.846,0.636,0.7,0.07,0.926,0.774,0.797,0.141,0.973,0.862,0.861,0.25
17,7,dialogue,19960,9.2851,1.07,9.457,0.0,0.274,5.8434,4.0944,1.749,1.423,40,0.5,0.004,0.538,0.03,0.0,0.594,0.541,0.569,1.01,0.041,0.807,0.582,0.613,0.084,0.904,0.735,0.767,0.164,0.961,0.832,0.806,0.301
17,7,fiction,19960,9.1455,1.054,9.457,0.0,0.274,5.8434,4.0944,1.749,1.423,40,0.5,0.004,0.582,0.061,0.0,0.48,0.493,0.502,1.136,0.037,0.806,0.599,0.665,0.057,0.891,0.761,0.781,0.116,0.951,0.84,0.827,0.236
17,7,math,19960,9.6933,1.117,9.457,0.0,0.274,5.8434,4.0944,1.749,1.423,40,0.5,0.0039,0.641,0.122,0.0,0.651,0.488,0.473,1.366,0.061,0.765,0.514,0.534,0.11,0.876,0.648,0.678,0.199,0.947,0.78,0.772,0.335
17,7,news,19960,9.4415,1.088,9.457,0.0,0.274,5.8434,4.0944,1.749,1.423,40,0.5,0.004,0.525,0.069,0.0,0.381,0.506,0.431,1.303,0.055,0.855,0.718,0.739,0.074,0.927,0.826,0.828,0.134,0.971,0.891,0.884,0.223
17,7,val,5988,8.6801,1.0,9.457,0.0,0.274,5.8434,4.0944,1.749,1.423,40,0.5,0.0041,0.598,0.142,0.0,0.654,0.495,0.498,1.473,0.059,0.754,0.56,0.558,0.088,0.862,0.689,0.7,0.155,0.938,0.812,0.776,0.259
17,8,code,19960,11.2249,1.204,10.8394,0.0,0.3834,5.9143,3.6402,2.2741,1.6559,60,0.371,0.004,0.658,0.017,0.0,0.455,0.235,0.165,0.966,0.073,0.841,0.642,0.697,0.102,0.924,0.709,0.73,0.185,0.972,0.837,0.835,0.304
17,8,dialogue,19960,10.6454,1.142,10.8394,0.0,0.3834,5.9143,3.6402,2.2741,1.6559,60,0.371,0.0048,0.453,0.164,0.0,0.521,0.292,0.098,0.684,0.171,0.827,0.642,0.672,0.24,0.91,0.693,0.682,0.347,0.96,0.854,0.771,0.454
17,8,fiction,19960,10.1085,1.084,10.8394,0.0,0.3834,5.9143,3.6402,2.2741,1.6559,60,0.371,0.0044,0.562,0.171,0.0,0.658,0.271,0.043,0.877,0.136,0.786,0.515,0.544,0.208,0.891,0.562,0.554,0.339,0.953,0.761,0.642,0.5
17,8,math,19960,10.3775,1.113,10.8394,0.0,0.3834,5.9143,3.6402,2.2741,1.6559,60,0.371,0.004,0.625,0.141,0.0,0.641,0.229,0.11,1.003,0.105,0.778,0.532,0.548,0.155,0.889,0.589,0.579,0.27,0.956,0.767,0.744,0.414
17,8,news,19960,9.8421,1.056,10.8394,0.0,0.3834,5.9143,3.6402,2.2741,1.6559,60,0.371,0.004,0.525,0.069,0.0,0.531,0.433,0.324,1.052,0.095,0.814,0.636,0.647,0.139,0.911,0.726,0.719,0.242,0.968,0.842,0.781,0.375
17,8,val,5988,9.3211,1.0,10.8394,0.0,0.3834,5.9143,3.6402,2.2741,1.6559,60,0.371,0.0041,0.598,0.142,0.0,0.751,0.612,0.538,1.23,0.094,0.762,0.454,0.453,0.128,0.88,0.672,0.671,0.236,0.949,0.809,0.775,0.397
17,9,code,19960,11.3877,1.225,8.7641,0.0,0.4715,5.7954,3.1715,2.6239,1.572,20,0.82,0.004,0.667,0.037,0.0,0.043,0.407,0.314,1.145,0.046,0.982,0.9,0.958,0.054,0.992,0.968,0.968,0.099,0.997,0.978,0.97,0.172
17,9,dialogue,19960,10.251,1.103,8.7641,0.0,0.4715,5.7954,3.1715,2.6239,1.572,20,0.82,0.0076,0.281,0.335,0.0,0.011,0.851,0.878,0.894,0.035,0.993,0.931,0.987,0.066,0.997,0.993,0.992,0.153,0.999,0.995,0.993,0.354
17,9,fiction,19960,10.0014,1.076,8.7641,0.0,0.4715,5.7954,3.1715,2.6239,1.572,20,0.82,0.0074,0.456,0.322,0.0,0.063,0.39,0.318,0.885,0.082,0.965,0.88,0.935,0.099,0.98,0.947,0.945,0.177,0.991,0.965,0.952,0.346
17,9,math,19960,10.5606,1.136,8.7641,0.0,0.4715,5.7954,3.1715,2.6239,1.572,20,0.82,0.005,0.55,0.28,0.0,0.168,0.507,0.355,0.942,0.085,0.925,0.845,0.87,0.118,0.962,0.91,0.898,0.19,0.985,0.941,0.918,0.311
17,9,news,19960,10.2136,1.099,8.7641,0.0,0.4715,5.7954,3.1715,2.6239,1.572,20,0.82,0.004,0.531,0.08,0.0,0.051,0.738,0.741,0.864,0.07,0.983,0.935,0.955,0.075,0.994,0.975,0.974,0.109,0.998,0.987,0.981,0.182
17,9,val,5988,9.2924,1.0,8.7641,0.0,0.4715,5.7954,3.1715,2.6239,1.572,20,0.82,0.0041,0.598,0.142,0.0,0.121,0.62,0.522,1.398,0.076,0.955,0.897,0.895,0.085,0.979,0.936,0.93,0.124,0.993,0.965,0.964,0.198
17,10,code,19960,11.5786,1.335,9.5778,0.0,0.2735,5.8363,4.1364,1.6999,1.3872,52,0.378,0.004,0.658,0.017,0.0,0.366,0.222,0.166,1.623,0.046,0.847,0.694,0.743,0.058,0.917,0.778,0.769,0.105,0.966,0.825,0.823,0.193
17,10,dialogue,19960,9.4314,1.087,9.5778,0.0,0.2735,5.8363,4.1364,1.6999,1.3872,52,0.378,0.0042,0.506,0.098,0.0,0.577,0.212,0.178,1.504,0.038,0.747,0.577,0.611,0.066,0.848,0.661,0.651,0.112,0.933,0.72,0.693,0.216
17,10,fiction,19960,9.0766,1.047,9.5778,0.0,0.2735,5.8363,4.1364,1.6999,1.3872,52,0.378,0.0049,0.571,0.224,0.0,0.544,0.27,0.227,1.465,0.039,0.784,0.595,0.628,0.058,0.879,0.687,0.684,0.113,0.946,0.791,0.751,0.233
17,10,math,19960,10.1523,1.171,9.5778,0.0,0.2735,5.8363,4.1364,1.6999,1.3872,52,0.378,0.0039,0.641,0.104,0.0,0.712,0.206,0.141,1.602,0.065,0.703,0.475,0.501,0.094,0.827,0.553,0.545,0.169,0.923,0.657,0.625,0.298
17,10,news,19960,9.4772,1.093,9.5778,0.0,0.2735,5.8363,4.1364,1.6999,1.3872,52,0.378,0.004,0.525,0.069,0.0,0.503,0.445,0.414,1.657,0.052,0.808,0.64,0.666,0.059,0.89,0.761,0.75,0.11,0.951,0.825,0.815,0.205
17,10,val,5988,8.6726,1.0,9.5778,0.0,0.2735,5.8363,4.1364,1.6999,1.3872,52,0.378,0.0041,0.598,0.142,0.0,0.817,0.619,0.564,1.732,0.062,0.675,0.381,0.386,0.069,0.812,0.605,0.575,0.137,0.915,0.748,0.721,0.258
17,11,code,19960,9.6983,1.057,12.3499,0.0,0.5271,5.9213,1.9792,3.9421,3.6704,49,0.345,0.004,0.654,0.036,0.0,0.45,0.779,0.085,1.439,0.528,0.95,0.714,0.712,0.292,0.971,0.873,0.729,0.31,0.985,0.959,0.763,0.33
17,11,dialogue,19960,10.1318,1.104,12.3499,0.0,0.5271,5.9213,1.9792,3.9421,3.6704,49,0.345,0.0076,0.281,0.332,0.0,0.432,0.805,0.087,1.457,0.575,0.978,0.716,0.714,0.313,0.989,0.891,0.731,0.336,0.994,0.983,0.765,0.365
17,11,fiction,19960,9.5217,1.038,12.3499,0.0,0.5271,5.9213,1.9792,3.9421,3.6704,49,0.345,0.0076,0.461,0.325,0.0,0.45,0.808,0.086,1.441,0.615,0.972,0.698,0.696,0.34,0.985,0.882,0.714,0.362,0.993,0.98,0.749,0.39
17,11,math,19960,9.6511,1.052,12.3499,0.0,0.5271,5.9213,1.9792,3.9421,3.6704,49,0.345,0.0052,0.534,0.287,0.0,0.45,0.805,0.085,1.439,0.616,0.974,0.693,0.691,0.336,0.985,0.883,0.709,0.353,0.993,0.981,0.746,0.374
17,11,news,19960,9.043,0.985,12.3499,0.0,0.5271,5.9213,1.9792,3.9421,3.6704,49,0.345,0.0042,0.518,0.094,0.0,0.442,0.815,0.085,1.427,0.589,0.97,0.708,0.706,0.323,0.983,0.889,0.723,0.338,0.991,0.98,0.759,0.355
17,11,val,5988,9.1763,1.0,12.3499,0.0,0.5271,5.9213,1.9792,3.9421,3.6704,49,0.345,0.0041,0.598,0.142,0.0,0.452,0.815,0.086,1.432,0.641,0.974,0.684,0.683,0.35,0.986,0.886,0.702,0.365,0.993,0.983,0.741,0.383
17,12,code,19960,11.1132,1.154,8.7778,0.0,0.6263,5.8157,2.248,3.5678,1.4012,20,0.695,0.0041,0.659,0.049,0.0,0.192,0.31,0.356,0.481,0.052,0.915,0.82,0.848,0.082,0.96,0.878,0.886,0.16,0.985,0.908,0.916,0.263
17,12,dialogue,19960,10.1725,1.056,8.7778,0.0,0.6263,5.8157,2.248,3.5678,1.4012,20,0.695,0.0084,0.254,0.378,0.0,0.008,0.867,0.848,0.555,0.04,0.99,0.953,0.984,0.08,0.994,0.989,0.989,0.185,0.997,0.992,0.992,0.346
17,12,fiction,19960,10.6822,1.109,8.7778,0.0,0.6263,5.8157,2.248,3.5678,1.4012,20,0.695,0.0081,0.466,0.331,0.0,0.047,0.477,0.298,0.398,0.046,0.967,0.909,0.943,0.092,0.981,0.956,0.954,0.214,0.991,0.967,0.969,0.393
17,12,math,19960,10.3648,1.076,8.7778,0.0,0.6263,5.8157,2.248,3.5678,1.4012,20,0.695,0.0054,0.514,0.299,0.0,0.118,0.507,0.469,0.399,0.074,0.939,0.887,0.898,0.118,0.967,0.93,0.926,0.205,0.986,0.946,0.945,0.322
17,12,news,19960,10.4169,1.081,8.7778,0.0,0.6263,5.8157,2.248,3.5678,1.4012,20,0.695,0.0044,0.506,0.104,0.0,0.085,0.434,0.331,0.478,0.149,0.958,0.909,0.918,0.166,0.981,0.94,0.933,0.217,0.992,0.961,0.957,0.287
17,12,val,5988,9.6329,1.0,8.7778,0.0,0.6263,5.8157,2.248,3.5678,1.4012,20,0.695,0.0041,0.598,0.142,0.0,0.196,0.468,0.427,0.901,0.139,0.912,0.839,0.837,0.144,0.953,0.882,0.879,0.198,0.979,0.926,0.914,0.271
17,13,code,19960,11.5115,1.133,10.1422,0.0,0.2638,5.8847,4.2749,1.6098,1.2613,55,0.542,0.004,0.65,0.02,0.0,0.421,0.431,0.371,1.728,0.051,0.838,0.691,0.708,0.062,0.919,0.752,0.786,0.112,0.968,0.854,0.882,0.207
17,13,dialogue,19960,10.3826,1.022,10.1422,0.0,0.2638,5.8847,4.2749,1.6098,1.2613,55,0.542,0.004,0.538,0.03,0.0,0.488,0.492,0.414,1.547,0.048,0.822,0.67,0.681,0.058,0.901,0.734,0.765,0.099,0.956,0.849,0.863,0.197
17,13,fiction,19960,10.3553,1.019,10.1422,0.0,0.2638,5.8847,4.2749,1.6098,1.2613,55,0.542,0.004,0.575,0.069,0.0,0.452,0.418,0.42,1.5,0.046,0.805,0.653,0.668,0.057,0.89,0.713,0.757,0.107,0.948,0.838,0.828,0.213
17,13,math,19960,10.8217,1.065,10.1422,0.0,0.2638,5.8847,4.2749,1.6098,1.2613,55,0.542,0.0038,0.649,0.104,0.0,0.658,0.395,0.267,1.725,0.073,0.747,0.533,0.54,0.1,0.866,0.611,0.633,0.171,0.945,0.753,0.778,0.302
17,13,news,19960,10.8594,1.069,10.1422,0.0,0.2638,5.8847,4.2749,1.6098,1.2613,55,0.542,0.004,0.525,0.069,0.0,0.441,0.472,0.458,1.543,0.086,0.823,0.702,0.706,0.086,0.909,0.785,0.78,0.141,0.965,0.871,0.855,0.238
17,13,val,5988,10.162,1.0,10.1422,0.0,0.2638,5.8847,4.2749,1.6098,1.2613,55,0.542,0.0041,0.598,0.142,0.0,0.641,0.472,0.448,1.703,0.082,0.728,0.555,0.558,0.083,0.841,0.669,0.669,0.143,0.927,0.79,0.776,0.244
17,14,code,19960,12.1967,1.296,9.649,0.0,0.6637,5.826,2.0185,3.8076,1.8065,25,0.722,0.004,0.667,0.037,0.0,0.537,0.562,0.148,0.5,0.303,0.78,0.651,0.659,0.404,0.897,0.778,0.703,0.507,0.96,0.85,0.739,0.609
17,14,dialogue,19960,10.2366,1.088,9.649,0.0,0.6637,5.826,2.0185,3.8076,1.8065,25,0.722,0.0076,0.283,0.33,0.0,0.028,0.773,0.63,0.466,0.048,0.972,0.933,0.961,0.085,0.987,0.977,0.973,0.175,0.995,0.986,0.98,0.379
17,14,fiction,19960,10.158,1.08,9.649,0.0,0.6637,5.826,2.0185,3.8076,1.8065,25,0.722,0.0075,0.473,0.317,0.0,0.077,0.466,0.207,0.47,0.057,0.955,0.887,0.927,0.096,0.976,0.946,0.938,0.198,0.989,0.966,0.95,0.399
17,14,math,19960,10.7072,1.138,9.649,0.0,0.6637,5.826,2.0185,3.8076,1.8065,25,0.722,0.005,0.545,0.278,0.0,0.327,0.595,0.224,0.532,0.194,0.853,0.768,0.777,0.26,0.926,0.859,0.822,0.352,0.968,0.907,0.848,0.471
17,14,news,19960,10.3278,1.098,9.649,0.0,0.6637,5.826,2.0185,3.8076,1.8065,25,0.722,0.004,0.531,0.08,0.0,0.113,0.474,0.35,0.635,0.124,0.939,0.891,0.895,0.143,0.976,0.932,0.921,0.197,0.992,0.96,0.938,0.29
17,14,val,5988,9.4079,1.0,9.649,0.0,0.6637,5.826,2.0185,3.8076,1.8065,25,0.722,0.0041,0.598,0.142,0.0,0.134,0.672,0.537,0.806,0.102,0.926,0.878,0.876,0.124,0.963,0.923,0.919,0.175,0.985,0.96,0.949,0.271
17,15,code,19960,11.229,1.114,9.5651,0.0,0.3329,5.8621,3.9217,1.9404,1.3946,11,0.558,0.0041,0.634,0.046,0.0,0.492,0.355,0.409,1.289,0.082,0.817,0.643,0.672,0.099,0.91,0.745,0.772,0.167,0.967,0.812,0.801,0.295
17,15,dialogue,19960,10.3499,1.027,9.5651,0.0,0.3329,5.8621,3.9217,1.9404,1.3946,11,0.558,0.005,0.434,0.181,0.0,0.373,0.404,0.319,0.987,0.054,0.857,0.745,0.763,0.069,0.922,0.816,0.816,0.124,0.966,0.873,0.857,0.25
17,15,fiction,19960,10.2535,1.017,9.5651,0.0,0.3329,5.8621,3.9217,1.9404,1.3946,11,0.558,0.005,0.52,0.242,0.0,0.397,0.344,0.131,1.18,0.066,0.83,0.703,0.725,0.085,0.9,0.77,0.755,0.145,0.952,0.848,0.837,0.271
17,15,math,19960,10.645,1.056,9.5651,0.0,0.3329,5.8621,3.9217,1.9404,1.3946,11,0.558,0.0042,0.588,0.208,0.0,0.63,0.383,0.334,1.359,0.087,0.764,0.55,0.565,0.118,0.877,0.664,0.676,0.197,0.951,0.762,0.73,0.346
17,15,news,19960,10.6166,1.053,9.5651,0.0,0.3329,5.8621,3.9217,1.9404,1.3946,11,0.558,0.004,0.525,0.069,0.0,0.362,0.39,0.332,1.482,0.122,0.859,0.741,0.751,0.115,0.928,0.815,0.797,0.171,0.971,0.876,0.863,0.258
17,15,val,5988,10.0803,1.0,9.5651,0.0,0.3329,5.8621,3.9217,1.9404,1.3946,11,0.558,0.0041,0.598,0.142,0.0,0.591,0.372,0.319,1.648,0.142,0.774,0.607,0.606,0.133,0.87,0.692,0.666,0.199,0.94,0.798,0.787,0.305
18,0,code,19960,10.4041,1.107,9.5681,0.0,0.3214,5.7937,4.081,1.7127,1.1592,4,0.526,0.0042,0.627,0.041,0.0,0.368,0.35,0.351,1.719,0.054,0.843,0.712,0.752,0.091,0.924,0.804,0.782,0.16,0.975,0.861,0.881,0.266
18,0,dialogue,19960,9.881,1.051,9.5681,0.0,0.3214,5.7937,4.081,1.7127,1.1592,4,0.526,0.0043,0.5,0.104,0.0,0.465,0.276,0.284,1.602,0.078,0.811,0.687,0.716,0.106,0.896,0.763,0.755,0.168,0.956,0.822,0.825,0.292
18,0,fiction,19960,10.4647,1.113,9.5681,0.0,0.3214,5.7937,4.081,1.7127,1.1592,4,0.526,0.006,0.42,0.247,0.0,0.54,0.24,0.21,1.551,0.152,0.772,0.63,0.656,0.159,0.869,0.705,0.685,0.243,0.941,0.772,0.778,0.388
18,0,math,19960,10.3652,1.102,9.5681,0.0,0.3214,5.7937,4.081,1.7127,1.1592,4,0.526,0.0039,0.641,0.104,0.0,0.674,0.301,0.37,1.728,0.115,0.726,0.528,0.54,0.166,0.852,0.62,0.593,0.27,0.942,0.715,0.737,0.405
18,0,news,19960,10.2462,1.09,9.5681,0.0,0.3214,5.7937,4.081,1.7127,1.1592,4,0.526,0.004,0.525,0.069,0.0,0.44,0.279,0.162,1.75,0.102,0.831,0.711,0.718,0.114,0.917,0.773,0.747,0.187,0.969,0.835,0.818,0.295
18,0,val,5988,9.4022,1.0,9.5681,0.0,0.3214,5.7937,4.081,1.7127,1.1592,4,0.526,0.0042,0.59,0.145,0.0,0.649,0.358,0.246,1.861,0.094,0.736,0.559,0.56,0.113,0.851,0.657,0.625,0.191,0.934,0.753,0.751,0.315
18,1,code,19960,11.043,1.113,11.0063,0.0,0.7841,5.9522,1.186,4.7661,3.5124,63,0.624,0.004,0.662,0.024,0.0,0.033,0.842,0.115,0.245,0.188,0.979,0.95,0.953,0.173,0.99,0.975,0.957,0.205,0.995,0.988,0.961,0.231
18,1,dialogue,19960,11.121,1.121,11.0063,0.0,0.7841,5.9522,1.186,4.7661,3.5124,63,0.624,0.0064,0.333,0.313,0.0,0.028,0.885,0.294,0.27,0.177,0.973,0.951,0.952,0.173,0.989,0.976,0.963,0.23,0.994,0.988,0.968,0.31
18,1,fiction,19960,10.7456,1.083,11.0063,0.0,0.7841,5.9522,1.186,4.7661,3.5124,63,0.624,0.0065,0.492,0.29,0.0,0.057,0.714,0.186,0.301,0.237,0.954,0.929,0.93,0.24,0.979,0.957,0.939,0.298,0.989,0.975,0.946,0.374
18,1,math,19960,10.479,1.056,11.0063,0.0,0.7841,5.9522,1.186,4.7661,3.5124,63,0.624,0.0048,0.557,0.278,0.0,0.081,0.808,0.212,0.253,0.295,0.96,0.917,0.917,0.279,0.981,0.955,0.928,0.319,0.99,0.977,0.938,0.367
18,1,news,19960,9.8903,0.997,11.0063,0.0,0.7841,5.9522,1.186,4.7661,3.5124,63,0.624,0.004,0.525,0.069,0.0,0.071,0.811,0.197,0.312,0.274,0.95,0.92,0.918,0.26,0.978,0.954,0.931,0.289,0.989,0.977,0.941,0.328
18,1,val,5988,9.921,1.0,11.0063,0.0,0.7841,5.9522,1.186,4.7661,3.5124,63,0.624,0.0041,0.598,0.142,0.0,0.112,0.75,0.156,0.341,0.328,0.936,0.894,0.892,0.312,0.97,0.935,0.908,0.338,0.985,0.965,0.922,0.383
18,2,code,19960,11.642,1.111,12.0005,0.0,0.65,5.9689,2.3773,3.5915,1.6051,30,0.454,0.004,0.658,0.017,0.0,0.23,0.444,0.07,1.204,0.146,0.885,0.798,0.837,0.164,0.942,0.879,0.85,0.214,0.973,0.91,0.865,0.278
18,2,dialogue,19960,11.9811,1.143,12.0005,0.0,0.65,5.9689,2.3773,3.5915,1.6051,30,0.454,0.004,0.538,0.03,0.0,0.271,0.703,0.068,0.579,0.405,0.862,0.8,0.815,0.452,0.946,0.898,0.83,0.501,0.977,0.942,0.855,0.548
18,2,fiction,19960,11.7314,1.119,12.0005,0.0,0.65,5.9689,2.3773,3.5915,1.6051,30,0.454,0.0038,0.584,0.017,0.0,0.357,0.653,0.058,0.713,0.473,0.858,0.742,0.758,0.527,0.946,0.865,0.772,0.593,0.978,0.918,0.796,0.651
18,2,math,19960,11.5002,1.097,12.0005,0.0,0.65,5.9689,2.3773,3.5915,1.6051,30,0.454,0.0039,0.641,0.104,0.0,0.471,0.57,0.073,1.004,0.326,0.8,0.689,0.698,0.38,0.904,0.805,0.721,0.458,0.958,0.865,0.763,0.534
18,2,news,19960,11.0511,1.054,12.0005,0.0,0.65,5.9689,2.3773,3.5915,1.6051,30,0.454,0.004,0.525,0.069,0.0,0.312,0.611,0.084,1.002,0.39,0.872,0.775,0.781,0.417,0.957,0.878,0.796,0.484,0.984,0.925,0.826,0.542
18,2,val,5988,10.4802,1.0,12.0005,0.0,0.65,5.9689,2.3773,3.5915,1.6051,30,0.454,0.0041,0.598,0.142,0.0,0.401,0.606,0.084,1.126,0.337,0.844,0.727,0.725,0.363,0.934,0.83,0.748,0.448,0.973,0.894,0.79,0.521
18,3,code,19960,11.8779,1.185,8.9072,0.0,0.5612,5.8026,2.5518,3.2507,1.5537,28,0.74,0.004,0.667,0.037,0.0,0.211,0.408,0.082,0.428,0.178,0.883,0.807,0.837,0.224,0.945,0.872,0.852,0.29,0.979,0.908,0.876,0.394
18,3,dialogue,19960,10.9706,1.095,8.9072,0.0,0.5612,5.8026,2.5518,3.2507,1.5537,28,0.74,0.0082,0.262,0.362,0.0,0.012,0.907,0.869,0.523,0.042,0.994,0.951,0.989,0.082,0.998,0.995,0.994,0.196,0.999,0.997,0.996,0.431
18,3,fiction,19960,10.7366,1.072,8.9072,0.0,0.5612,5.8026,2.5518,3.2507,1.5537,28,0.74,0.0078,0.471,0.319,0.0,0.047,0.349,0.328,0.363,0.067,0.971,0.911,0.955,0.102,0.984,0.964,0.965,0.232,0.993,0.975,0.972,0.457
18,3,math,19960,11.0411,1.102,8.9072,0.0,0.5612,5.8026,2.5518,3.2507,1.5537,28,0.74,0.0052,0.529,0.297,0.0,0.11,0.545,0.354,0.418,0.122,0.941,0.89,0.907,0.154,0.97,0.935,0.927,0.241,0.988,0.957,0.947,0.381
18,3,news,19960,10.9199,1.09,8.9072,0.0,0.5612,5.8026,2.5518,3.2507,1.5537,28,0.74,0.004,0.531,0.08,0.0,0.071,0.599,0.426,0.398,0.15,0.962,0.924,0.931,0.165,0.986,0.957,0.947,0.221,0.995,0.974,0.96,0.315
18,3,val,5988,10.0199,1.0,8.9072,0.0,0.5612,5.8026,2.5518,3.2507,1.5537,28,0.74,0.0041,0.598,0.142,0.0,0.131,0.672,0.452,1.302,0.114,0.95,0.901,0.9,0.116,0.976,0.938,0.929,0.172,0.991,0.962,0.951,0.245
18,4,code,19960,11.988,1.089,12.2729,0.0,0.4289,5.9461,2.6195,3.3266,2.9995,21,0.353,0.004,0.658,0.017,0.0,0.47,0.519,0.161,0.953,0.173,0.786,0.662,0.691,0.213,0.892,0.767,0.723,0.307,0.956,0.881,0.765,0.408
18,4,dialogue,19960,12.0487,1.095,12.2729,0.0,0.4289,5.9461,2.6195,3.3266,2.9995,21,0.353,0.004,0.538,0.03,0.0,0.73,0.741,0.188,0.697,0.299,0.705,0.534,0.543,0.367,0.861,0.743,0.601,0.501,0.948,0.868,0.675,0.609
18,4,fiction,19960,11.8934,1.081,12.2729,0.0,0.4289,5.9461,2.6195,3.3266,2.9995,21,0.353,0.0038,0.584,0.017,0.0,0.685,0.758,0.13,0.849,0.365,0.729,0.558,0.567,0.425,0.874,0.758,0.604,0.549,0.951,0.885,0.677,0.649
18,4,math,19960,11.9942,1.09,12.2729,0.0,0.4289,5.9461,2.6195,3.3266,2.9995,21,0.353,0.0039,0.641,0.104,0.0,0.684,0.623,0.162,0.967,0.286,0.7,0.541,0.553,0.333,0.841,0.699,0.606,0.45,0.931,0.834,0.677,0.559
18,4,news,19960,11.6001,1.054,12.2729,0.0,0.4289,5.9461,2.6195,3.3266,2.9995,21,0.353,0.004,0.525,0.069,0.0,0.551,0.699,0.136,1.034,0.337,0.792,0.65,0.657,0.354,0.927,0.809,0.69,0.469,0.98,0.924,0.738,0.562
18,4,val,5988,11.0071,1.0,12.2729,0.0,0.4289,5.9461,2.6195,3.3266,2.9995,21,0.353,0.0041,0.598,0.142,0.0,0.631,0.656,0.13,1.067,0.337,0.756,0.611,0.606,0.362,0.887,0.757,0.648,0.478,0.954,0.873,0.706,0.572
18,5,code,19960,10.6944,1.124,8.618,0.0,0.58,5.893,3.0201,2.8729,1.2296,35,0.7,0.004,0.667,0.037,0.0,0.044,0.243,0.121,1.286,0.037,0.983,0.938,0.953,0.05,0.993,0.96,0.959,0.087,0.998,0.969,0.963,0.187
18,5,dialogue,19960,9.9598,1.046,8.618,0.0,0.58,5.893,3.0201,2.8729,1.2296,35,0.7,0.0078,0.276,0.347,0.0,0.022,0.523,0.318,1.221,0.039,0.983,0.922,0.971,0.062,0.991,0.98,0.978,0.13,0.996,0.984,0.979,0.307
18,5,fiction,19960,10.6847,1.123,8.618,0.0,0.58,5.893,3.0201,2.8729,1.2296,35,0.7,0.0079,0.475,0.317,0.0,0.169,0.211,0.214,1.392,0.05,0.94,0.852,0.862,0.104,0.973,0.884,0.894,0.194,0.989,0.908,0.903,0.375
18,5,math,19960,9.9987,1.05,8.618,0.0,0.58,5.893,3.0201,2.8729,1.2296,35,0.7,0.0052,0.534,0.294,0.0,0.13,0.357,0.292,1.151,0.068,0.945,0.877,0.886,0.092,0.974,0.913,0.913,0.157,0.991,0.939,0.931,0.285
18,5,news,19960,10.0054,1.051,8.618,0.0,0.58,5.893,3.0201,2.8729,1.2296,35,0.7,0.0042,0.512,0.098,0.0,0.129,0.428,0.229,0.999,0.128,0.93,0.875,0.877,0.145,0.973,0.912,0.899,0.204,0.991,0.939,0.916,0.289
18,5,val,5988,9.5185,1.0,8.618,0.0,0.58,5.893,3.0201,2.8729,1.2296,35,0.7,0.0041,0.598,0.142,0.0,0.298,0.41,0.3,1.327,0.163,0.878,0.78,0.777,0.169,0.939,0.841,0.816,0.229,0.975,0.889,0.867,0.322
18,6,code,19960,10.4743,1.131,9.4483,0.0,0.3219,5.8169,4.0513,1.7656,1.2948,33,0.583,0.004,0.658,0.017,0.0,0.487,0.393,0.392,1.594,0.053,0.797,0.644,0.661,0.081,0.891,0.746,0.748,0.158,0.957,0.813,0.785,0.28
18,6,dialogue,19960,9.4301,1.018,9.4483,0.0,0.3219,5.8169,4.0513,1.7656,1.2948,33,0.583,0.0042,0.518,0.084,0.0,0.496,0.471,0.272,1.277,0.048,0.815,0.685,0.704,0.075,0.902,0.786,0.764,0.156,0.961,0.864,0.816,0.284
18,6,fiction,19960,9.9018,1.069,9.4483,0.0,0.3219,5.8169,4.0513,1.7656,1.2948,33,0.583,0.0043,0.558,0.157,0.0,0.354,0.398,0.217,1.355,0.056,0.841,0.723,0.744,0.069,0.907,0.801,0.792,0.134,0.958,0.87,0.829,0.25
18,6,math,19960,9.9745,1.077,9.4483,0.0,0.3219,5.8169,4.0513,1.7656,1.2948,33,0.583,0.0038,0.649,0.104,0.0,0.752,0.44,0.356,1.509,0.081,0.682,0.462,0.466,0.137,0.824,0.607,0.601,0.245,0.929,0.724,0.683,0.398
18,6,news,19960,9.8583,1.064,9.4483,0.0,0.3219,5.8169,4.0513,1.7656,1.2948,33,0.583,0.004,0.525,0.069,0.0,0.311,0.455,0.255,1.598,0.076,0.866,0.773,0.774,0.082,0.932,0.839,0.821,0.139,0.974,0.892,0.857,0.228
18,6,val,5988,9.2652,1.0,9.4483,0.0,0.3219,5.8169,4.0513,1.7656,1.2948,33,0.583,0.0041,0.598,0.142,0.0,0.536,0.411,0.35,1.795,0.077,0.787,0.644,0.644,0.087,0.879,0.734,0.734,0.153,0.947,0.821,0.797,0.26
18,7,code,19960,12.0818,1.296,9.1155,0.0,0.2098,5.8906,4.3697,1.5209,1.26,27,0.799,0.004,0.667,0.037,0.0,0.056,0.248,0.292,1.982,0.034,0.97,0.883,0.935,0.048,0.989,0.948,0.949,0.081,0.998,0.962,0.96,0.148
18,7,dialogue,19960,11.383,1.221,9.1155,0.0,0.2098,5.8906,4.3697,1.5209,1.26,27,0.799,0.0081,0.264,0.361,0.0,0.065,0.49,0.345,1.863,0.045,0.951,0.824,0.924,0.055,0.973,0.947,0.945,0.102,0.989,0.959,0.958,0.182
18,7,fiction,19960,12.1914,1.308,9.1155,0.0,0.2098,5.8906,4.3697,1.5209,1.26,27,0.799,0.0078,0.471,0.32,0.0,0.063,0.583,0.758,1.878,0.03,0.963,0.85,0.927,0.041,0.979,0.95,0.951,0.072,0.991,0.967,0.971,0.135
18,7,math,19960,11.2585,1.208,9.1155,0.0,0.2098,5.8906,4.3697,1.5209,1.26,27,0.799,0.0053,0.519,0.303,0.0,0.254,0.39,0.245,1.957,0.083,0.879,0.755,0.793,0.101,0.939,0.848,0.833,0.163,0.98,0.893,0.871,0.264
18,7,news,19960,11.0907,1.19,9.1155,0.0,0.2098,5.8906,4.3697,1.5209,1.26,27,0.799,0.0041,0.524,0.093,0.0,0.487,0.818,0.951,1.639,0.084,0.896,0.606,0.653,0.088,0.963,0.858,0.892,0.156,0.988,0.92,0.955,0.29
18,7,val,5988,9.3205,1.0,9.1155,0.0,0.2098,5.8906,4.3697,1.5209,1.26,27,0.799,0.0041,0.598,0.142,0.0,0.138,0.774,0.817,1.649,0.052,0.942,0.844,0.863,0.055,0.97,0.922,0.923,0.088,0.988,0.956,0.95,0.15
18,8,code,19960,10.7449,1.074,10.5413,0.0,0.3632,5.9428,3.9278,2.015,1.3391,25,0.502,0.0046,0.571,0.125,0.0,0.431,0.343,0.327,1.757,0.054,0.84,0.645,0.692,0.083,0.924,0.764,0.767,0.161,0.972,0.826,0.806,0.278
18,8,dialogue,19960,10.3641,1.036,10.5413,0.0,0.3632,5.9428,3.9278,2.015,1.3391,25,0.502,0.004,0.538,0.03,0.0,0.623,0.425,0.279,1.22,0.075,0.747,0.574,0.596,0.115,0.861,0.703,0.647,0.214,0.942,0.798,0.749,0.355
18,8,fiction,19960,10.5778,1.057,10.5413,0.0,0.3632,5.9428,3.9278,2.015,1.3391,25,0.502,0.0039,0.577,0.021,0.0,0.623,0.259,0.205,1.454,0.077,0.746,0.548,0.581,0.11,0.856,0.65,0.639,0.203,0.937,0.739,0.707,0.349
18,8,math,19960,10.3102,1.031,10.5413,0.0,0.3632,5.9428,3.9278,2.015,1.3391,25,0.502,0.0039,0.641,0.104,0.0,0.607,0.346,0.319,1.735,0.07,0.777,0.552,0.566,0.119,0.887,0.664,0.67,0.218,0.955,0.751,0.728,0.36
18,8,news,19960,10.8522,1.085,10.5413,0.0,0.3632,5.9428,3.9278,2.015,1.3391,25,0.502,0.004,0.525,0.069,0.0,0.552,0.549,0.25,1.599,0.149,0.813,0.628,0.633,0.19,0.916,0.775,0.683,0.305,0.972,0.85,0.774,0.422
18,8,val,5988,10.0038,1.0,10.5413,0.0,0.3632,5.9428,3.9278,2.015,1.3391,25,0.502,0.0041,0.598,0.142,0.0,0.724,0.483,0.464,1.664,0.141,0.731,0.5,0.494,0.177,0.859,0.646,0.618,0.295,0.942,0.765,0.731,0.444
18,9,code,19960,11.5067,1.256,8.8807,0.0,0.5074,5.8156,3.1587,2.657,1.1881,37,0.623,0.004,0.65,0.025,0.0,0.471,0.372,0.274,0.885,0.075,0.827,0.646,0.683,0.118,0.911,0.754,0.745,0.2,0.964,0.847,0.835,0.319
18,9,dialogue,19960,9.4075,1.027,8.8807,0.0,0.5074,5.8156,3.1587,2.657,1.1881,37,0.623,0.0064,0.336,0.272,0.0,0.15,0.394,0.199,0.437,0.041,0.944,0.817,0.872,0.076,0.971,0.898,0.884,0.165,0.988,0.947,0.961,0.359
18,9,fiction,19960,9.3004,1.015,8.8807,0.0,0.5074,5.8156,3.1587,2.657,1.1881,37,0.623,0.0074,0.456,0.288,0.0,0.249,0.267,0.125,0.695,0.044,0.95,0.746,0.809,0.096,0.979,0.832,0.829,0.214,0.991,0.923,0.974,0.407
18,9,math,19960,9.9274,1.083,8.8807,0.0,0.5074,5.8156,3.1587,2.657,1.1881,37,0.623,0.0046,0.57,0.237,0.0,0.546,0.379,0.254,0.657,0.094,0.797,0.608,0.625,0.159,0.896,0.704,0.674,0.264,0.957,0.816,0.795,0.409
18,9,news,19960,9.9926,1.09,8.8807,0.0,0.5074,5.8156,3.1587,2.657,1.1881,37,0.623,0.004,0.525,0.069,0.0,0.373,0.444,0.233,0.707,0.145,0.878,0.74,0.744,0.186,0.95,0.821,0.797,0.276,0.984,0.903,0.871,0.378
18,9,val,5988,9.1636,1.0,8.8807,0.0,0.5074,5.8156,3.1587,2.657,1.1881,37,0.623,0.0041,0.598,0.142,0.0,0.51,0.511,0.405,1.054,0.123,0.815,0.661,0.65,0.15,0.91,0.762,0.754,0.234,0.965,0.859,0.85,0.34
18,10,code,19960,11.468,1.149,8.4869,0.0,0.6686,5.9469,2.2823,3.6646,1.2851,3,0.63,0.0041,0.659,0.038,0.0,0.074,0.26,0.147,0.743,0.1,0.947,0.886,0.919,0.102,0.972,0.929,0.928,0.14,0.987,0.946,0.935,0.218
18,10,dialogue,19960,10.9802,1.1,8.4869,0.0,0.6686,5.9469,2.2823,3.6646,1.2851,3,0.63,0.0083,0.259,0.366,0.0,0.163,0.484,0.273,0.697,0.131,0.908,0.849,0.875,0.143,0.943,0.904,0.898,0.223,0.969,0.934,0.915,0.369
18,10,fiction,19960,10.8341,1.086,8.4869,0.0,0.6686,5.9469,2.2823,3.6646,1.2851,3,0.63,0.0078,0.468,0.322,0.0,0.304,0.445,0.28,0.923,0.258,0.852,0.746,0.771,0.236,0.909,0.818,0.81,0.313,0.952,0.874,0.836,0.45
18,10,math,19960,10.5607,1.058,8.4869,0.0,0.6686,5.9469,2.2823,3.6646,1.2851,3,0.63,0.0054,0.514,0.299,0.0,0.189,0.534,0.427,0.784,0.147,0.903,0.836,0.851,0.148,0.943,0.89,0.888,0.21,0.972,0.93,0.91,0.315
18,10,news,19960,10.4741,1.05,8.4869,0.0,0.6686,5.9469,2.2823,3.6646,1.2851,3,0.63,0.0042,0.512,0.106,0.0,0.165,0.454,0.19,0.703,0.249,0.92,0.856,0.862,0.231,0.958,0.896,0.881,0.277,0.98,0.936,0.905,0.346
18,10,val,5988,9.9799,1.0,8.4869,0.0,0.6686,5.9469,2.2823,3.6646,1.2851,3,0.63,0.0041,0.598,0.142,0.0,0.249,0.467,0.295,0.966,0.24,0.887,0.797,0.797,0.213,0.936,0.851,0.834,0.261,0.969,0.906,0.877,0.34
18,11,code,19960,10.3105,1.092,9.9097,0.0,0.3421,5.9461,4.1343,1.8118,1.2046,25,0.56,0.0043,0.605,0.058,0.0,0.39,0.481,0.211,1.821,0.047,0.854,0.687,0.727,0.064,0.929,0.806,0.769,0.128,0.975,0.884,0.876,0.231
18,11,dialogue,19960,9.5372,1.01,9.9097,0.0,0.3421,5.9461,4.1343,1.8118,1.2046,25,0.56,0.004,0.538,0.03,0.0,0.489,0.499,0.144,1.468,0.049,0.811,0.646,0.682,0.078,0.9,0.773,0.72,0.144,0.959,0.862,0.855,0.26
18,11,fiction,19960,9.8055,1.039,9.9097,0.0,0.3421,5.9461,4.1343,1.8118,1.2046,25,0.56,0.0039,0.577,0.025,0.0,0.439,0.436,0.269,1.546,0.05,0.81,0.659,0.701,0.068,0.889,0.77,0.75,0.126,0.949,0.853,0.844,0.232
18,11,math,19960,9.8055,1.039,9.9097,0.0,0.3421,5.9461,4.1343,1.8118,1.2046,25,0.56,0.0038,0.649,0.104,0.0,0.571,0.475,0.198,1.73,0.066,0.789,0.567,0.583,0.107,0.891,0.697,0.636,0.199,0.956,0.822,0.805,0.329
18,11,news,19960,10.157,1.076,9.9097,0.0,0.3421,5.9461,4.1343,1.8118,1.2046,25,0.56,0.004,0.525,0.069,0.0,0.421,0.478,0.2,1.563,0.106,0.834,0.707,0.723,0.129,0.922,0.811,0.764,0.213,0.973,0.881,0.821,0.32
18,11,val,5988,9.4409,1.0,9.9097,0.0,0.3421,5.9461,4.1343,1.8118,1.2046,25,0.56,0.0041,0.598,0.142,0.0,0.626,0.494,0.366,1.697,0.108,0.747,0.565,0.561,0.141,0.869,0.687,0.67,0.239,0.95,0.819,0.78,0.36
18,12,code,19960,11.1617,1.246,8.2051,0.0,0.2142,5.8493,4.4252,1.4242,1.1553,37,0.297,0.0027,0.907,0.309,0.0,0.977,0.834,0.857,1.288,0.101,0.854,0.229,0.076,0.11,0.927,0.721,0.742,0.156,0.971,0.756,0.756,0.216
18,12,dialogue,19960,9.7667,1.09,8.2051,0.0,0.2142,5.8493,4.4252,1.4242,1.1553,37,0.297,0.0029,0.966,0.244,0.0,0.973,0.72,0.732,1.256,0.044,0.764,0.24,0.127,0.084,0.918,0.6,0.614,0.146,0.983,0.681,0.636,0.236
18,12,fiction,19960,9.6893,1.082,8.2051,0.0,0.2142,5.8493,4.4252,1.4242,1.1553,37,0.297,0.0022,0.791,0.392,0.0,0.959,0.748,0.792,1.204,0.055,0.837,0.211,0.103,0.087,0.942,0.613,0.636,0.146,0.982,0.719,0.704,0.241
18,12,math,19960,10.204,1.139,8.2051,0.0,0.2142,5.8493,4.4252,1.4242,1.1553,37,0.297,0.0042,0.941,0.416,0.0,0.963,0.636,0.668,1.209,0.098,0.735,0.194,0.138,0.119,0.864,0.526,0.544,0.187,0.945,0.638,0.606,0.283
18,12,news,19960,9.689,1.082,8.2051,0.0,0.2142,5.8493,4.4252,1.4242,1.1553,37,0.297,0.0238,0.786,0.458,0.0,0.751,0.824,0.859,1.049,0.073,0.861,0.423,0.436,0.066,0.956,0.78,0.789,0.118,0.986,0.884,0.875,0.213
18,12,val,5988,8.9571,1.0,8.2051,0.0,0.2142,5.8493,4.4252,1.4242,1.1553,37,0.297,0.0194,0.995,0.462,0.0,0.792,0.772,0.765,1.123,0.097,0.784,0.402,0.404,0.085,0.902,0.711,0.707,0.14,0.964,0.866,0.853,0.243
18,13,code,19960,11.9938,1.166,9.2333,0.0,0.4073,5.7661,3.8776,1.8885,1.131,28,0.536,0.0042,0.635,0.06,0.0,0.49,0.318,0.439,1.737,0.114,0.836,0.654,0.69,0.166,0.931,0.763,0.804,0.247,0.979,0.817,0.808,0.369
18,13,dialogue,19960,10.8223,1.052,9.2333,0.0,0.4073,5.7661,3.8776,1.8885,1.131,28,0.536,0.0078,0.274,0.347,0.0,0.156,0.419,0.359,1.447,0.065,0.937,0.824,0.875,0.095,0.973,0.91,0.918,0.159,0.991,0.935,0.926,0.291
18,13,fiction,19960,10.7915,1.049,9.2333,0.0,0.4073,5.7661,3.8776,1.8885,1.131,28,0.536,0.0076,0.484,0.311,0.0,0.172,0.278,0.31,1.636,0.083,0.925,0.796,0.85,0.093,0.964,0.879,0.893,0.152,0.986,0.906,0.9,0.295
18,13,math,19960,11.4146,1.109,9.2333,0.0,0.4073,5.7661,3.8776,1.8885,1.131,28,0.536,0.0053,0.519,0.309,0.0,0.659,0.368,0.377,1.673,0.121,0.785,0.539,0.553,0.191,0.908,0.668,0.701,0.299,0.973,0.76,0.736,0.454
18,13,news,19960,11.0788,1.077,9.2333,0.0,0.4073,5.7661,3.8776,1.8885,1.131,28,0.536,0.004,0.531,0.08,0.0,0.241,0.33,0.288,1.545,0.175,0.908,0.788,0.81,0.179,0.961,0.859,0.857,0.24,0.986,0.891,0.868,0.319
18,13,val,5988,10.2898,1.0,9.2333,0.0,0.4073,5.7661,3.8776,1.8885,1.131,28,0.536,0.0041,0.598,0.142,0.0,0.404,0.402,0.425,1.75,0.163,0.845,0.713,0.717,0.168,0.921,0.797,0.802,0.234,0.97,0.861,0.852,0.333
18,14,code,19960,11.2833,1.131,8.6863,0.0,0.5973,5.9528,2.9022,3.0506,1.5868,47,0.639,0.0044,0.685,0.123,0.0,0.058,0.267,0.351,1.525,0.052,0.969,0.903,0.942,0.057,0.986,0.951,0.955,0.095,0.995,0.961,0.963,0.201
18,14,dialogue,19960,10.4238,1.045,8.6863,0.0,0.5973,5.9528,2.9022,3.0506,1.5868,47,0.639,0.0084,0.256,0.375,0.0,0.017,0.77,0.742,1.258,0.042,0.993,0.939,0.981,0.058,0.997,0.99,0.989,0.111,0.999,0.993,0.992,0.272
18,14,fiction,19960,10.7432,1.077,8.6863,0.0,0.5973,5.9528,2.9022,3.0506,1.5868,47,0.639,0.0078,0.5,0.307,0.0,0.088,0.422,0.561,1.024,0.1,0.974,0.87,0.919,0.09,0.987,0.943,0.947,0.152,0.995,0.959,0.96,0.318
18,14,math,19960,10.801,1.082,8.6863,0.0,0.5973,5.9528,2.9022,3.0506,1.5868,47,0.639,0.0052,0.524,0.303,0.0,0.184,0.378,0.311,1.352,0.093,0.939,0.824,0.845,0.107,0.974,0.885,0.884,0.17,0.99,0.912,0.905,0.286
18,14,news,19960,10.3696,1.039,8.6863,0.0,0.5973,5.9528,2.9022,3.0506,1.5868,47,0.639,0.0043,0.5,0.105,0.0,0.099,0.49,0.367,1.011,0.109,0.965,0.876,0.907,0.093,0.986,0.937,0.93,0.133,0.994,0.965,0.965,0.223
18,14,val,5988,9.9789,1.0,8.6863,0.0,0.5973,5.9528,2.9022,3.0506,1.5868,47,0.639,0.0041,0.598,0.142,0.0,0.211,0.616,0.544,1.26,0.173,0.947,0.824,0.824,0.133,0.976,0.904,0.897,0.194,0.991,0.945,0.929,0.284
18,15,code,19960,11.8697,1.122,10.4495,0.0,0.6011,5.8886,2.7352,3.1534,1.6434,18,0.708,0.004,0.658,0.017,0.0,0.798,0.697,0.501,0.743,0.157,0.699,0.46,0.465,0.26,0.851,0.69,0.657,0.397,0.942,0.853,0.704,0.53
18,15,dialogue,19960,10.5776,1.0,10.4495,0.0,0.6011,5.8886,2.7352,3.1534,1.6434,18,0.708,0.0062,0.35,0.272,0.0,0.35,0.566,0.488,0.445,0.081,0.843,0.752,0.763,0.112,0.914,0.843,0.835,0.189,0.962,0.907,0.878,0.311
18,15,fiction,19960,10.3078,0.975,10.4495,0.0,0.6011,5.8886,2.7352,3.1534,1.6434,18,0.708,0.0064,0.496,0.286,0.0,0.188,0.671,0.774,0.641,0.046,0.926,0.806,0.836,0.069,0.963,0.911,0.904,0.133,0.982,0.963,0.943,0.273
18,15,math,19960,11.529,1.09,10.4495,0.0,0.6011,5.8886,2.7352,3.1534,1.6434,18,0.708,0.0045,0.567,0.235,0.0,0.741,0.7,0.528,0.667,0.188,0.71,0.485,0.483,0.272,0.849,0.699,0.657,0.393,0.938,0.851,0.733,0.528
18,15,news,19960,11.1193,1.051,10.4495,0.0,0.6011,5.8886,2.7352,3.1534,1.6434,18,0.708,0.004,0.519,0.067,0.0,0.289,0.708,0.397,0.629,0.158,0.886,0.778,0.778,0.191,0.955,0.886,0.835,0.268,0.987,0.943,0.872,0.348
18,15,val,5988,10.5755,1.0,10.4495,0.0,0.6011,5.8886,2.7352,3.1534,1.6434,18,0.708,0.0041,0.598,0.142,0.0,0.323,0.646,0.634,0.863,0.141,0.863,0.762,0.758,0.16,0.934,0.859,0.85,0.229,0.973,0.928,0.895,0.333
19,0,code,19960,11.004,1.072,10.1116,0.0,0.8619,5.9494,0.7944,5.1549,4.6288,54,0.694,0.0041,0.659,0.038,0.0,0.08,0.661,0.145,0.164,0.093,0.943,0.893,0.918,0.107,0.969,0.947,0.926,0.15,0.985,0.967,0.938,0.23
19,0,dialogue,19960,10.2034,0.994,10.1116,0.0,0.8619,5.9494,0.7944,5.1549,4.6288,54,0.694,0.0086,0.251,0.384,0.0,0.018,0.897,0.588,0.189,0.048,0.993,0.963,0.984,0.067,0.997,0.994,0.988,0.168,0.999,0.997,0.995,0.338
19,0,fiction,19960,10.4157,1.015,10.1116,0.0,0.8619,5.9494,0.7944,5.1549,4.6288,54,0.694,0.0082,0.467,0.327,0.0,0.07,0.574,0.165,0.199,0.091,0.957,0.908,0.933,0.11,0.975,0.955,0.94,0.204,0.987,0.97,0.953,0.373
19,0,math,19960,10.2636,1.0,10.1116,0.0,0.8619,5.9494,0.7944,5.1549,4.6288,54,0.694,0.0054,0.514,0.299,0.0,0.098,0.708,0.329,0.17,0.112,0.957,0.915,0.925,0.129,0.978,0.957,0.94,0.192,0.99,0.978,0.957,0.297
19,0,news,19960,10.5942,1.032,10.1116,0.0,0.8619,5.9494,0.7944,5.1549,4.6288,54,0.694,0.0044,0.494,0.107,0.0,0.09,0.839,0.336,0.173,0.192,0.95,0.912,0.913,0.198,0.979,0.958,0.926,0.248,0.99,0.982,0.944,0.322
19,0,val,5988,10.2635,1.0,10.1116,0.0,0.8619,5.9494,0.7944,5.1549,4.6288,54,0.694,0.0041,0.598,0.142,0.0,0.127,0.809,0.311,0.164,0.218,0.937,0.9,0.897,0.226,0.968,0.943,0.915,0.272,0.985,0.974,0.942,0.339
19,1,code,19960,12.704,1.141,13.823,0.0,0.8052,5.9586,1.1923,4.7663,3.4111,35,0.356,0.004,0.658,0.017,0.0,0.281,0.702,0.061,0.241,0.273,0.857,0.755,0.806,0.318,0.936,0.896,0.815,0.383,0.972,0.942,0.832,0.45
19,1,dialogue,19960,12.0645,1.084,13.823,0.0,0.8052,5.9586,1.1923,4.7663,3.4111,35,0.356,0.004,0.538,0.03,0.0,0.429,0.753,0.067,0.191,0.386,0.797,0.714,0.733,0.476,0.912,0.87,0.746,0.54,0.964,0.92,0.774,0.595
19,1,fiction,19960,11.9986,1.078,13.823,0.0,0.8052,5.9586,1.1923,4.7663,3.4111,35,0.356,0.0038,0.584,0.017,0.0,0.459,0.836,0.064,0.269,0.456,0.819,0.692,0.704,0.561,0.934,0.885,0.716,0.646,0.978,0.95,0.74,0.699
19,1,math,19960,12.0855,1.086,13.823,0.0,0.8052,5.9586,1.1923,4.7663,3.4111,35,0.356,0.0039,0.641,0.104,0.0,0.408,0.783,0.062,0.271,0.451,0.831,0.731,0.743,0.53,0.934,0.885,0.754,0.597,0.973,0.944,0.776,0.649
19,1,news,19960,11.5615,1.039,13.823,0.0,0.8052,5.9586,1.1923,4.7663,3.4111,35,0.356,0.004,0.525,0.069,0.0,0.308,0.862,0.084,0.267,0.417,0.878,0.78,0.79,0.499,0.971,0.937,0.801,0.567,0.992,0.977,0.818,0.605
19,1,val,5988,11.1299,1.0,13.823,0.0,0.8052,5.9586,1.1923,4.7663,3.4111,35,0.356,0.0041,0.598,0.142,0.0,0.441,0.827,0.078,0.326,0.391,0.826,0.725,0.72,0.482,0.933,0.887,0.733,0.563,0.974,0.945,0.758,0.617
19,2,code,19960,11.6914,1.029,13.3441,0.0,0.5339,5.9467,2.5364,3.4103,2.489,60,0.278,0.004,0.658,0.017,0.0,0.727,0.583,0.177,1.017,0.325,0.703,0.509,0.513,0.382,0.852,0.681,0.581,0.488,0.942,0.808,0.657,0.589
19,2,dialogue,19960,11.4421,1.008,13.3441,0.0,0.5339,5.9467,2.5364,3.4103,2.489,60,0.278,0.004,0.538,0.03,0.0,0.728,0.518,0.289,0.736,0.234,0.684,0.529,0.54,0.28,0.826,0.674,0.636,0.371,0.923,0.784,0.711,0.476
19,2,fiction,19960,11.8428,1.043,13.3441,0.0,0.5339,5.9467,2.5364,3.4103,2.489,60,0.278,0.0038,0.584,0.017,0.0,0.548,0.529,0.161,0.948,0.299,0.753,0.621,0.651,0.327,0.866,0.743,0.694,0.407,0.939,0.843,0.745,0.494
19,2,math,19960,11.7888,1.038,13.3441,0.0,0.5339,5.9467,2.5364,3.4103,2.489,60,0.278,0.0038,0.649,0.104,0.0,0.768,0.567,0.185,0.898,0.372,0.67,0.48,0.475,0.427,0.82,0.647,0.55,0.536,0.922,0.784,0.634,0.641
19,2,news,19960,11.6739,1.028,13.3441,0.0,0.5339,5.9467,2.5364,3.4103,2.489,60,0.278,0.004,0.525,0.069,0.0,0.532,0.634,0.162,0.975,0.429,0.791,0.663,0.664,0.456,0.917,0.802,0.706,0.542,0.973,0.897,0.756,0.615
19,2,val,5988,11.3567,1.0,13.3441,0.0,0.5339,5.9467,2.5364,3.4103,2.489,60,0.278,0.0041,0.598,0.142,0.0,0.684,0.54,0.167,1.096,0.398,0.72,0.57,0.563,0.417,0.852,0.7,0.62,0.515,0.934,0.819,0.683,0.607
19,3,code,19960,9.8971,1.16,9.1706,0.0,0.3079,5.9179,4.0201,1.8978,1.4977,53,0.537,0.004,0.65,0.022,0.0,0.444,0.462,0.369,1.442,0.044,0.845,0.653,0.682,0.074,0.928,0.743,0.771,0.153,0.975,0.856,0.848,0.275
19,3,dialogue,19960,8.7504,1.025,9.1706,0.0,0.3079,5.9179,4.0201,1.8978,1.4977,53,0.537,0.004,0.531,0.051,0.0,0.36,0.33,0.225,1.24,0.037,0.863,0.732,0.758,0.055,0.931,0.781,0.796,0.109,0.974,0.856,0.852,0.208
19,3,fiction,19960,8.8839,1.041,9.1706,0.0,0.3079,5.9179,4.0201,1.8978,1.4977,53,0.537,0.0038,0.584,0.017,0.0,0.427,0.21,0.155,1.304,0.038,0.828,0.663,0.693,0.055,0.901,0.702,0.727,0.108,0.954,0.798,0.808,0.219
19,3,math,19960,9.3382,1.094,9.1706,0.0,0.3079,5.9179,4.0201,1.8978,1.4977,53,0.537,0.0038,0.649,0.104,0.0,0.643,0.51,0.417,1.383,0.061,0.765,0.51,0.524,0.107,0.88,0.642,0.659,0.207,0.953,0.787,0.776,0.35
19,3,news,19960,8.9507,1.049,9.1706,0.0,0.3079,5.9179,4.0201,1.8978,1.4977,53,0.537,0.004,0.525,0.069,0.0,0.306,0.404,0.239,1.412,0.051,0.875,0.778,0.786,0.069,0.934,0.831,0.824,0.123,0.972,0.894,0.877,0.208
19,3,val,5988,8.5337,1.0,9.1706,0.0,0.3079,5.9179,4.0201,1.8978,1.4977,53,0.537,0.0041,0.598,0.142,0.0,0.626,0.456,0.352,1.554,0.062,0.753,0.555,0.557,0.089,0.858,0.668,0.661,0.16,0.935,0.784,0.759,0.274
19,4,code,19960,12.0478,1.228,8.8544,0.0,0.6829,5.8374,2.0049,3.8324,1.8646,26,0.734,0.004,0.667,0.037,0.0,0.074,0.501,0.177,0.38,0.15,0.954,0.884,0.922,0.163,0.977,0.943,0.934,0.22,0.991,0.964,0.942,0.311
19,4,dialogue,19960,10.5506,1.075,8.8544,0.0,0.6829,5.8374,2.0049,3.8324,1.8646,26,0.734,0.0084,0.254,0.379,0.0,0.018,0.639,0.47,0.461,0.06,0.984,0.934,0.976,0.097,0.993,0.981,0.983,0.207,0.997,0.99,0.985,0.416
19,4,fiction,19960,10.3694,1.057,8.8544,0.0,0.6829,5.8374,2.0049,3.8324,1.8646,26,0.734,0.0084,0.455,0.335,0.0,0.075,0.482,0.336,0.418,0.077,0.948,0.883,0.922,0.123,0.97,0.941,0.94,0.255,0.986,0.955,0.949,0.479
19,4,math,19960,10.6765,1.088,8.8544,0.0,0.6829,5.8374,2.0049,3.8324,1.8646,26,0.734,0.0053,0.519,0.303,0.0,0.119,0.607,0.351,0.295,0.127,0.939,0.884,0.905,0.165,0.969,0.937,0.93,0.249,0.987,0.96,0.947,0.384
19,4,news,19960,10.6967,1.09,8.8544,0.0,0.6829,5.8374,2.0049,3.8324,1.8646,26,0.734,0.0041,0.524,0.093,0.0,0.063,0.622,0.453,0.352,0.15,0.964,0.92,0.934,0.168,0.985,0.962,0.952,0.226,0.994,0.976,0.961,0.321
19,4,val,5988,9.8115,1.0,8.8544,0.0,0.6829,5.8374,2.0049,3.8324,1.8646,26,0.734,0.0041,0.598,0.142,0.0,0.185,0.584,0.283,0.767,0.169,0.935,0.861,0.857,0.176,0.972,0.914,0.889,0.243,0.991,0.948,0.917,0.333
19,5,code,19960,10.0888,1.155,9.698,0.0,0.3061,5.8528,3.8754,1.9774,1.5776,56,0.394,0.004,0.658,0.017,0.0,0.385,0.256,0.329,1.505,0.048,0.836,0.694,0.744,0.07,0.913,0.783,0.795,0.134,0.967,0.834,0.833,0.249
19,5,dialogue,19960,8.9773,1.028,9.698,0.0,0.3061,5.8528,3.8754,1.9774,1.5776,56,0.394,0.004,0.538,0.03,0.0,0.673,0.166,0.106,1.369,0.05,0.745,0.536,0.568,0.087,0.856,0.611,0.601,0.164,0.939,0.683,0.668,0.325
19,5,fiction,19960,9.0259,1.033,9.698,0.0,0.3061,5.8528,3.8754,1.9774,1.5776,56,0.394,0.0038,0.584,0.017,0.0,0.631,0.189,0.173,1.364,0.05,0.727,0.527,0.561,0.081,0.836,0.613,0.588,0.158,0.923,0.693,0.687,0.308
19,5,math,19960,9.5065,1.089,9.698,0.0,0.3061,5.8528,3.8754,1.9774,1.5776,56,0.394,0.0038,0.649,0.104,0.0,0.694,0.185,0.13,1.484,0.071,0.714,0.494,0.515,0.127,0.842,0.571,0.554,0.228,0.934,0.67,0.626,0.385
19,5,news,19960,9.6529,1.105,9.698,0.0,0.3061,5.8528,3.8754,1.9774,1.5776,56,0.394,0.004,0.525,0.069,0.0,0.623,0.365,0.325,1.463,0.095,0.741,0.575,0.585,0.126,0.86,0.684,0.66,0.224,0.946,0.767,0.759,0.367
19,5,val,5988,8.7335,1.0,9.698,0.0,0.3061,5.8528,3.8754,1.9774,1.5776,56,0.394,0.0041,0.598,0.142,0.0,0.739,0.412,0.385,1.563,0.082,0.676,0.479,0.481,0.107,0.8,0.602,0.599,0.186,0.903,0.725,0.697,0.321
19,6,code,19960,9.9595,1.158,9.9432,0.0,0.3389,5.7843,3.6841,2.1002,1.7068,28,0.476,0.0041,0.634,0.057,0.0,0.381,0.175,0.047,1.432,0.037,0.869,0.668,0.722,0.067,0.942,0.758,0.725,0.141,0.982,0.816,0.833,0.262
19,6,dialogue,19960,8.8185,1.026,9.9432,0.0,0.3389,5.7843,3.6841,2.1002,1.7068,28,0.476,0.004,0.538,0.03,0.0,0.392,0.174,0.088,1.062,0.035,0.874,0.711,0.744,0.063,0.942,0.781,0.749,0.131,0.979,0.849,0.832,0.255
19,6,fiction,19960,8.9627,1.043,9.9432,0.0,0.3389,5.7843,3.6841,2.1002,1.7068,28,0.476,0.0038,0.584,0.017,0.0,0.399,0.173,0.084,1.21,0.033,0.852,0.672,0.717,0.059,0.924,0.756,0.729,0.13,0.969,0.831,0.803,0.264
19,6,math,19960,9.2449,1.075,9.9432,0.0,0.3389,5.7843,3.6841,2.1002,1.7068,28,0.476,0.0038,0.649,0.104,0.0,0.58,0.204,0.084,1.412,0.049,0.8,0.565,0.578,0.11,0.901,0.642,0.582,0.201,0.963,0.73,0.749,0.339
19,6,news,19960,9.2254,1.073,9.9432,0.0,0.3389,5.7843,3.6841,2.1002,1.7068,28,0.476,0.004,0.525,0.069,0.0,0.406,0.324,0.181,1.411,0.048,0.858,0.717,0.725,0.084,0.933,0.782,0.753,0.158,0.976,0.864,0.817,0.271
19,6,val,5988,8.5973,1.0,9.9432,0.0,0.3389,5.7843,3.6841,2.1002,1.7068,28,0.476,0.0041,0.598,0.142,0.0,0.731,0.345,0.246,1.537,0.057,0.729,0.478,0.47,0.097,0.856,0.596,0.558,0.178,0.942,0.745,0.685,0.313
19,7,code,19954,10.746,1.132,8.8406,0.0,0.6654,5.8572,2.4378,3.4193,1.4639,53,0.703,0.004,0.662,0.024,0.0,0.038,0.557,0.199,0.443,0.044,0.972,0.885,0.953,0.064,0.986,0.968,0.961,0.118,0.994,0.978,0.964,0.219
19,7,dialogue,19960,10.1851,1.072,8.8406,0.0,0.6654,5.8572,2.4378,3.4193,1.4639,53,0.703,0.0073,0.295,0.314,0.0,0.369,0.626,0.094,0.561,0.134,0.832,0.748,0.783,0.195,0.904,0.853,0.81,0.299,0.954,0.895,0.826,0.466
19,7,fiction,19960,10.3445,1.089,8.8406,0.0,0.6654,5.8572,2.4378,3.4193,1.4639,53,0.703,0.0076,0.5,0.304,0.0,0.333,0.087,0.044,1.219,0.07,0.891,0.735,0.775,0.147,0.951,0.801,0.791,0.279,0.981,0.829,0.798,0.454
19,7,math,19960,9.9792,1.051,8.8406,0.0,0.6654,5.8572,2.4378,3.4193,1.4639,53,0.703,0.005,0.545,0.276,0.0,0.136,0.537,0.41,0.422,0.078,0.925,0.853,0.881,0.122,0.958,0.923,0.915,0.196,0.981,0.946,0.93,0.319
19,7,news,19960,10.6898,1.126,8.8406,0.0,0.6654,5.8572,2.4378,3.4193,1.4639,53,0.703,0.004,0.531,0.08,0.0,0.318,0.667,0.154,0.555,0.216,0.864,0.773,0.784,0.28,0.947,0.883,0.81,0.363,0.982,0.93,0.836,0.448
19,7,val,5988,9.4969,1.0,8.8406,0.0,0.6654,5.8572,2.4378,3.4193,1.4639,53,0.703,0.0041,0.598,0.142,0.0,0.202,0.614,0.318,0.937,0.099,0.893,0.839,0.834,0.134,0.94,0.895,0.875,0.194,0.974,0.934,0.906,0.281
19,8,code,19960,11.4409,1.219,9.4098,0.0,0.7132,5.9414,1.8603,4.0811,1.6434,40,0.572,0.004,0.662,0.024,0.0,0.17,0.098,0.054,0.177,0.195,0.923,0.814,0.864,0.234,0.965,0.874,0.871,0.292,0.985,0.916,0.882,0.357
19,8,dialogue,19960,10.3277,1.1,9.4098,0.0,0.7132,5.9414,1.8603,4.0811,1.6434,40,0.572,0.0055,0.391,0.275,0.0,0.379,0.388,0.353,0.325,0.157,0.848,0.742,0.766,0.199,0.918,0.811,0.813,0.271,0.96,0.87,0.839,0.367
19,8,fiction,19960,10.3003,1.097,9.4098,0.0,0.7132,5.9414,1.8603,4.0811,1.6434,40,0.572,0.0059,0.525,0.298,0.0,0.519,0.802,0.791,0.472,0.153,0.876,0.602,0.624,0.186,0.943,0.776,0.849,0.301,0.975,0.885,0.868,0.456
19,8,math,19960,10.2908,1.096,9.4098,0.0,0.7132,5.9414,1.8603,4.0811,1.6434,40,0.572,0.0046,0.565,0.267,0.0,0.425,0.478,0.424,0.199,0.228,0.846,0.699,0.711,0.28,0.926,0.785,0.803,0.367,0.969,0.882,0.839,0.46
19,8,news,19960,9.9153,1.056,9.4098,0.0,0.7132,5.9414,1.8603,4.0811,1.6434,40,0.572,0.0042,0.553,0.138,0.0,0.537,0.88,0.86,0.282,0.167,0.871,0.637,0.645,0.199,0.96,0.846,0.905,0.3,0.987,0.955,0.938,0.413
19,8,val,5988,9.3879,1.0,9.4098,0.0,0.7132,5.9414,1.8603,4.0811,1.6434,40,0.572,0.0041,0.598,0.142,0.0,0.497,0.793,0.816,0.414,0.153,0.846,0.674,0.665,0.165,0.928,0.821,0.82,0.243,0.968,0.926,0.916,0.347
19,9,code,19960,10.7965,1.175,8.6736,0.0,0.592,5.8727,2.776,3.0967,1.5514,52,0.676,0.004,0.662,0.024,0.0,0.049,0.295,0.295,0.891,0.055,0.974,0.89,0.947,0.056,0.986,0.956,0.956,0.091,0.994,0.963,0.96,0.171
19,9,dialogue,19960,11.1599,1.215,8.6736,0.0,0.592,5.8727,2.776,3.0967,1.5514,52,0.676,0.0074,0.293,0.328,0.0,0.471,0.369,0.269,0.934,0.124,0.767,0.666,0.696,0.164,0.855,0.761,0.736,0.262,0.927,0.82,0.785,0.422
19,9,fiction,19960,10.2759,1.119,8.6736,0.0,0.592,5.8727,2.776,3.0967,1.5514,52,0.676,0.0074,0.47,0.315,0.0,0.388,0.421,0.398,1.155,0.092,0.815,0.707,0.742,0.129,0.888,0.798,0.77,0.219,0.945,0.85,0.825,0.367
19,9,math,19960,10.0846,1.098,8.6736,0.0,0.592,5.8727,2.776,3.0967,1.5514,52,0.676,0.005,0.545,0.278,0.0,0.348,0.545,0.592,0.848,0.105,0.853,0.726,0.75,0.132,0.918,0.824,0.788,0.214,0.962,0.874,0.859,0.343
19,9,news,19960,9.9917,1.088,8.6736,0.0,0.592,5.8727,2.776,3.0967,1.5514,52,0.676,0.004,0.525,0.069,0.0,0.197,0.406,0.275,0.778,0.214,0.91,0.825,0.846,0.213,0.958,0.886,0.867,0.273,0.982,0.922,0.89,0.344
19,9,val,5988,9.185,1.0,8.6736,0.0,0.592,5.8727,2.776,3.0967,1.5514,52,0.676,0.0041,0.598,0.142,0.0,0.325,0.504,0.403,1.095,0.132,0.868,0.767,0.765,0.15,0.928,0.832,0.804,0.218,0.968,0.894,0.875,0.316
19,10,code,19960,9.9553,1.043,11.4579,0.0,0.6299,5.9429,2.1982,3.7447,2.5476,37,0.517,0.004,0.658,0.017,0.0,0.068,0.498,0.148,0.976,0.061,0.955,0.874,0.926,0.077,0.979,0.948,0.935,0.124,0.991,0.964,0.94,0.213
19,10,dialogue,19960,11.0748,1.161,11.4579,0.0,0.6299,5.9429,2.1982,3.7447,2.5476,37,0.517,0.004,0.538,0.03,0.0,0.207,0.827,0.098,0.402,0.22,0.896,0.808,0.851,0.278,0.954,0.925,0.866,0.337,0.98,0.958,0.883,0.414
19,10,fiction,19960,10.7271,1.124,11.4579,0.0,0.6299,5.9429,2.1982,3.7447,2.5476,37,0.517,0.0038,0.584,0.017,0.0,0.32,0.716,0.075,0.642,0.234,0.861,0.735,0.775,0.295,0.937,0.878,0.792,0.377,0.972,0.935,0.821,0.457
19,10,math,19960,10.1282,1.062,11.4579,0.0,0.6299,5.9429,2.1982,3.7447,2.5476,37,0.517,0.0039,0.641,0.104,0.0,0.335,0.702,0.104,0.744,0.211,0.869,0.739,0.758,0.279,0.939,0.87,0.78,0.365,0.974,0.93,0.819,0.448
19,10,news,19960,10.2419,1.073,11.4579,0.0,0.6299,5.9429,2.1982,3.7447,2.5476,37,0.517,0.004,0.525,0.069,0.0,0.25,0.769,0.139,0.808,0.207,0.907,0.794,0.808,0.261,0.967,0.914,0.829,0.343,0.988,0.964,0.857,0.414
19,10,val,5988,9.5413,1.0,11.4579,0.0,0.6299,5.9429,2.1982,3.7447,2.5476,37,0.517,0.0041,0.598,0.142,0.0,0.378,0.744,0.138,0.915,0.213,0.859,0.721,0.717,0.278,0.934,0.854,0.749,0.381,0.972,0.932,0.799,0.473
19,11,code,19960,9.8746,1.158,9.5927,0.0,0.3095,5.8884,4.1057,1.7828,1.4233,56,0.516,0.004,0.658,0.017,0.0,0.417,0.437,0.12,1.579,0.041,0.841,0.635,0.701,0.064,0.923,0.737,0.735,0.131,0.971,0.849,0.861,0.258
19,11,dialogue,19960,8.8643,1.039,9.5927,0.0,0.3095,5.8884,4.1057,1.7828,1.4233,56,0.516,0.004,0.538,0.03,0.0,0.58,0.532,0.378,1.26,0.041,0.776,0.591,0.626,0.07,0.883,0.732,0.709,0.144,0.955,0.834,0.807,0.285
19,11,fiction,19960,8.8214,1.034,9.5927,0.0,0.3095,5.8884,4.1057,1.7828,1.4233,56,0.516,0.0038,0.584,0.017,0.0,0.485,0.454,0.31,1.376,0.038,0.797,0.63,0.678,0.063,0.882,0.741,0.726,0.123,0.947,0.835,0.822,0.246
19,11,math,19960,9.2301,1.082,9.5927,0.0,0.3095,5.8884,4.1057,1.7828,1.4233,56,0.516,0.0038,0.649,0.104,0.0,0.647,0.422,0.24,1.539,0.055,0.738,0.513,0.541,0.096,0.856,0.631,0.616,0.178,0.94,0.769,0.747,0.319
19,11,news,19960,9.1337,1.071,9.5927,0.0,0.3095,5.8884,4.1057,1.7828,1.4233,56,0.516,0.004,0.525,0.069,0.0,0.432,0.491,0.248,1.57,0.056,0.836,0.7,0.718,0.082,0.918,0.794,0.77,0.152,0.969,0.88,0.837,0.256
19,11,val,5988,8.5301,1.0,9.5927,0.0,0.3095,5.8884,4.1057,1.7828,1.4233,56,0.516,0.0041,0.598,0.142,0.0,0.66,0.502,0.404,1.711,0.056,0.734,0.554,0.555,0.08,0.847,0.68,0.653,0.151,0.932,0.814,0.784,0.277
19,12,code,19960,11.2602,1.17,8.9062,0.0,0.6373,5.8629,2.1103,3.7526,2.0473,21,0.747,0.004,0.667,0.037,0.0,0.236,0.364,0.268,0.653,0.107,0.932,0.767,0.799,0.13,0.973,0.848,0.85,0.199,0.989,0.906,0.859,0.292
19,12,dialogue,19960,10.1941,1.059,8.9062,0.0,0.6373,5.8629,2.1103,3.7526,2.0473,21,0.747,0.0084,0.257,0.37,0.0,0.016,0.73,0.711,0.584,0.049,0.985,0.944,0.976,0.077,0.992,0.984,0.983,0.145,0.996,0.99,0.987,0.303
19,12,fiction,19960,9.9135,1.03,8.9062,0.0,0.6373,5.8629,2.1103,3.7526,2.0473,21,0.747,0.0078,0.468,0.322,0.0,0.107,0.383,0.34,0.646,0.059,0.952,0.858,0.894,0.081,0.976,0.924,0.926,0.153,0.99,0.952,0.935,0.304
19,12,math,19960,10.3137,1.072,8.9062,0.0,0.6373,5.8629,2.1103,3.7526,2.0473,21,0.747,0.0053,0.519,0.303,0.0,0.225,0.535,0.426,0.638,0.12,0.911,0.812,0.828,0.144,0.956,0.885,0.883,0.208,0.981,0.935,0.917,0.311
19,12,news,19960,10.4843,1.089,8.9062,0.0,0.6373,5.8629,2.1103,3.7526,2.0473,21,0.747,0.004,0.531,0.08,0.0,0.203,0.605,0.482,0.524,0.207,0.917,0.83,0.836,0.216,0.967,0.903,0.897,0.274,0.987,0.949,0.918,0.349
19,12,val,5988,9.6253,1.0,8.9062,0.0,0.6373,5.8629,2.1103,3.7526,2.0473,21,0.747,0.0041,0.598,0.142,0.0,0.155,0.666,0.537,0.804,0.127,0.92,0.859,0.856,0.137,0.958,0.913,0.908,0.181,0.982,0.955,0.943,0.256
19,13,code,19960,9.977,1.122,12.0925,0.0,0.3712,5.9469,2.4502,3.4967,3.5028,54,0.32,0.0047,0.553,0.142,0.0,0.615,0.776,0.08,1.904,0.609,0.957,0.596,0.594,0.239,0.976,0.824,0.615,0.258,0.987,0.966,0.657,0.284
19,13,dialogue,19960,10.079,1.134,12.0925,0.0,0.3712,5.9469,2.4502,3.4967,3.5028,54,0.32,0.0053,0.406,0.196,0.0,0.608,0.775,0.079,1.924,0.588,0.975,0.62,0.618,0.225,0.987,0.841,0.638,0.243,0.993,0.977,0.678,0.27
19,13,fiction,19960,9.1787,1.033,12.0925,0.0,0.3712,5.9469,2.4502,3.4967,3.5028,54,0.32,0.0058,0.496,0.253,0.0,0.615,0.786,0.08,1.914,0.62,0.973,0.597,0.595,0.239,0.985,0.832,0.616,0.259,0.993,0.978,0.659,0.288
19,13,math,19960,9.5929,1.079,12.0925,0.0,0.3712,5.9469,2.4502,3.4967,3.5028,54,0.32,0.0052,0.485,0.253,0.0,0.627,0.775,0.08,1.912,0.662,0.959,0.56,0.558,0.257,0.975,0.813,0.581,0.277,0.986,0.967,0.628,0.305
19,13,news,19960,8.7764,0.987,12.0925,0.0,0.3712,5.9469,2.4502,3.4967,3.5028,54,0.32,0.0068,0.309,0.289,0.0,0.612,0.788,0.08,1.911,0.61,0.971,0.605,0.603,0.237,0.984,0.838,0.624,0.258,0.992,0.977,0.667,0.288
19,13,val,5988,8.8885,1.0,12.0925,0.0,0.3712,5.9469,2.4502,3.4967,3.5028,54,0.32,0.0072,0.343,0.322,0.0,0.611,0.781,0.08,1.935,0.636,0.971,0.589,0.587,0.248,0.984,0.832,0.609,0.276,0.992,0.974,0.654,0.322
19,14,code,19960,8.9158,1.183,12.4798,0.0,0.8395,5.9715,0.9769,4.9946,4.2135,48,0.178,0.004,0.658,0.017,0.0,0.649,0.87,0.046,0.202,0.388,0.727,0.573,0.64,0.518,0.875,0.843,0.656,0.606,0.939,0.911,0.69,0.669
19,14,dialogue,19960,8.443,1.12,12.4798,0.0,0.8395,5.9715,0.9769,4.9946,4.2135,48,0.178,0.004,0.538,0.03,0.0,0.633,0.864,0.056,0.178,0.57,0.791,0.687,0.645,0.727,0.897,0.869,0.663,0.795,0.954,0.925,0.696,0.838
19,14,fiction,19960,8.9201,1.183,12.4798,0.0,0.8395,5.9715,0.9769,4.9946,4.2135,48,0.178,0.0038,0.584,0.017,0.0,0.727,0.948,0.044,0.199,0.478,0.776,0.651,0.608,0.682,0.911,0.891,0.622,0.781,0.97,0.957,0.658,0.829
19,14,math,19960,8.3418,1.106,12.4798,0.0,0.8395,5.9715,0.9769,4.9946,4.2135,48,0.178,0.0039,0.641,0.104,0.0,0.7,0.908,0.042,0.199,0.503,0.77,0.647,0.61,0.679,0.902,0.869,0.625,0.774,0.96,0.94,0.66,0.826
19,14,news,19960,8.1218,1.077,12.4798,0.0,0.8395,5.9715,0.9769,4.9946,4.2135,48,0.178,0.004,0.525,0.069,0.0,0.568,0.943,0.048,0.204,0.484,0.818,0.669,0.667,0.655,0.938,0.915,0.681,0.738,0.978,0.966,0.709,0.779
19,14,val,5988,7.5393,1.0,12.4798,0.0,0.8395,5.9715,0.9769,4.9946,4.2135,48,0.178,0.0041,0.598,0.142,0.0,0.685,0.927,0.046,0.215,0.432,0.761,0.63,0.634,0.585,0.893,0.869,0.65,0.683,0.956,0.94,0.685,0.747
19,15,code,19960,11.7837,1.168,8.6198,0.0,0.4178,5.8059,3.0514,2.7545,1.9461,36,0.698,0.004,0.667,0.037,0.0,0.092,0.384,0.151,1.063,0.093,0.939,0.855,0.908,0.105,0.968,0.931,0.921,0.154,0.986,0.944,0.931,0.234
19,15,dialogue,19960,10.7375,1.065,8.6198,0.0,0.4178,5.8059,3.0514,2.7545,1.9461,36,0.698,0.0084,0.257,0.374,0.0,0.03,0.539,0.488,1.212,0.058,0.982,0.902,0.963,0.072,0.991,0.976,0.973,0.14,0.996,0.982,0.979,0.315
19,15,fiction,19960,10.6465,1.056,8.6198,0.0,0.4178,5.8059,3.0514,2.7545,1.9461,36,0.698,0.0078,0.452,0.333,0.0,0.118,0.325,0.146,1.099,0.116,0.929,0.819,0.882,0.118,0.958,0.904,0.897,0.196,0.98,0.928,0.914,0.37
19,15,math,19960,10.6573,1.057,8.6198,0.0,0.4178,5.8059,3.0514,2.7545,1.9461,36,0.698,0.0054,0.514,0.299,0.0,0.15,0.482,0.316,1.159,0.103,0.921,0.844,0.875,0.119,0.956,0.911,0.905,0.183,0.98,0.935,0.926,0.296
19,15,news,19960,10.6564,1.057,8.6198,0.0,0.4178,5.8059,3.0514,2.7545,1.9461,36,0.698,0.0043,0.5,0.105,0.0,0.135,0.52,0.289,0.93,0.153,0.929,0.857,0.876,0.17,0.968,0.921,0.9,0.231,0.986,0.944,0.917,0.316
19,15,val,5988,10.0853,1.0,8.6198,0.0,0.4178,5.8059,3.0514,2.7545,1.9461,36,0.698,0.0041,0.598,0.142,0.0,0.224,0.473,0.267,1.505,0.183,0.895,0.813,0.812,0.184,0.944,0.865,0.849,0.242,0.974,0.912,0.894,0.315
20,0,code,19960,10.9068,1.09,9.277,0.0,0.521,5.9019,3.4981,2.4038,1.2171,56,0.729,0.004,0.662,0.024,0.0,0.294,0.352,0.327,1.794,0.048,0.935,0.753,0.782,0.072,0.975,0.833,0.84,0.133,0.993,0.888,0.867,0.25
20,0,dialogue,19960,10.5621,1.055,9.277,0.0,0.521,5.9019,3.4981,2.4038,1.2171,56,0.729,0.007,0.309,0.307,0.0,0.065,0.321,0.334,1.276,0.039,0.986,0.908,0.946,0.061,0.996,0.957,0.959,0.111,0.999,0.966,0.965,0.236
20,0,fiction,19960,10.6793,1.067,9.277,0.0,0.521,5.9019,3.4981,2.4038,1.2171,56,0.729,0.0066,0.481,0.286,0.0,0.078,0.347,0.255,1.195,0.042,0.971,0.878,0.927,0.062,0.987,0.942,0.943,0.125,0.996,0.962,0.955,0.269
20,0,math,19959,10.3587,1.035,9.277,0.0,0.521,5.9019,3.4981,2.4038,1.2171,56,0.729,0.0049,0.551,0.276,0.0,0.33,0.409,0.306,1.457,0.056,0.926,0.734,0.748,0.087,0.97,0.815,0.816,0.162,0.991,0.892,0.866,0.301
20,0,news,19960,10.6266,1.062,9.277,0.0,0.521,5.9019,3.4981,2.4038,1.2171,56,0.729,0.004,0.531,0.08,0.0,0.192,0.325,0.217,1.337,0.123,0.942,0.834,0.85,0.129,0.981,0.884,0.878,0.186,0.996,0.929,0.914,0.267
20,0,val,5988,10.0104,1.0,9.277,0.0,0.521,5.9019,3.4981,2.4038,1.2171,56,0.729,0.0041,0.598,0.142,0.0,0.288,0.333,0.285,1.559,0.112,0.901,0.784,0.783,0.129,0.956,0.834,0.84,0.187,0.986,0.891,0.87,0.27
20,1,code,19960,10.9686,1.118,11.0251,0.0,0.2536,5.6974,3.967,1.7304,1.5683,37,0.374,0.004,0.658,0.017,0.0,0.393,0.459,0.557,1.708,0.066,0.868,0.655,0.704,0.107,0.944,0.743,0.834,0.186,0.984,0.867,0.851,0.304
20,1,dialogue,19960,9.9788,1.017,11.0251,0.0,0.2536,5.6974,3.967,1.7304,1.5683,37,0.374,0.0062,0.344,0.286,0.0,0.634,0.512,0.368,1.456,0.136,0.8,0.536,0.56,0.193,0.917,0.677,0.68,0.323,0.978,0.822,0.729,0.505
20,1,fiction,19960,9.9621,1.016,11.0251,0.0,0.2536,5.6974,3.967,1.7304,1.5683,37,0.374,0.0062,0.492,0.275,0.0,0.71,0.488,0.404,1.63,0.122,0.759,0.461,0.501,0.194,0.891,0.614,0.648,0.338,0.966,0.791,0.695,0.542
20,1,math,19960,10.3488,1.055,11.0251,0.0,0.2536,5.6974,3.967,1.7304,1.5683,37,0.374,0.0046,0.57,0.246,0.0,0.674,0.487,0.461,1.583,0.154,0.765,0.483,0.492,0.21,0.891,0.628,0.663,0.348,0.965,0.784,0.718,0.503
20,1,news,19960,10.7331,1.094,11.0251,0.0,0.2536,5.6974,3.967,1.7304,1.5683,37,0.374,0.004,0.525,0.069,0.0,0.585,0.468,0.226,1.676,0.178,0.823,0.584,0.59,0.214,0.934,0.714,0.668,0.345,0.985,0.838,0.704,0.48
20,1,val,5988,9.8094,1.0,11.0251,0.0,0.2536,5.6974,3.967,1.7304,1.5683,37,0.374,0.0041,0.598,0.142,0.0,0.704,0.411,0.319,1.846,0.156,0.751,0.479,0.476,0.167,0.875,0.61,0.598,0.285,0.955,0.744,0.673,0.425
20,2,code,19960,10.5777,1.458,11.9783,0.0,0.6757,5.9018,1.7877,4.1141,3.24,33,0.269,0.004,0.667,0.037,0.0,0.19,0.502,0.007,0.681,0.073,0.929,0.628,0.849,0.109,0.964,0.847,0.851,0.181,0.984,0.932,0.873,0.259
20,2,dialogue,19960,8.4855,1.17,11.9783,0.0,0.6757,5.9018,1.7877,4.1141,3.24,33,0.269,0.0068,0.319,0.303,0.0,0.678,0.524,0.056,0.491,0.127,0.771,0.458,0.545,0.244,0.882,0.652,0.571,0.423,0.949,0.768,0.622,0.562
20,2,fiction,19960,10.16,1.401,11.9783,0.0,0.6757,5.9018,1.7877,4.1141,3.24,33,0.269,0.0064,0.414,0.299,0.0,0.491,0.2,0.021,0.703,0.131,0.895,0.477,0.641,0.173,0.952,0.679,0.647,0.351,0.981,0.747,0.67,0.445
20,2,math,19960,8.9471,1.234,11.9783,0.0,0.6757,5.9018,1.7877,4.1141,3.24,33,0.269,0.0048,0.552,0.27,0.0,0.586,0.639,0.114,0.513,0.144,0.793,0.515,0.595,0.266,0.9,0.738,0.63,0.402,0.961,0.869,0.698,0.519
20,2,news,19960,8.2521,1.138,11.9783,0.0,0.6757,5.9018,1.7877,4.1141,3.24,33,0.269,0.004,0.525,0.069,0.0,0.798,0.687,0.24,0.639,0.205,0.757,0.455,0.423,0.37,0.896,0.693,0.513,0.589,0.965,0.842,0.608,0.729
20,2,val,5988,7.2533,1.0,11.9783,0.0,0.6757,5.9018,1.7877,4.1141,3.24,33,0.269,0.0041,0.598,0.142,0.0,0.749,0.848,0.442,0.552,0.149,0.698,0.495,0.486,0.265,0.837,0.745,0.605,0.409,0.929,0.885,0.751,0.533
20,3,code,19960,11.9546,1.188,11.6816,0.0,0.5539,5.9491,2.5137,3.4355,2.3624,17,0.49,0.0282,0.396,0.348,0.0,0.341,0.433,0.103,0.814,0.158,0.862,0.754,0.779,0.231,0.934,0.843,0.804,0.409,0.973,0.9,0.826,0.649
20,3,dialogue,19960,12.0,1.193,11.6816,0.0,0.5539,5.9491,2.5137,3.4355,2.3624,17,0.49,0.013,0.465,0.258,0.0,0.297,0.615,0.148,0.47,0.248,0.872,0.776,0.791,0.315,0.946,0.88,0.816,0.413,0.976,0.92,0.845,0.547
20,3,fiction,19960,11.5327,1.146,11.6816,0.0,0.5539,5.9491,2.5137,3.4355,2.3624,17,0.49,0.0174,0.54,0.362,0.0,0.402,0.647,0.091,0.691,0.274,0.833,0.709,0.727,0.343,0.921,0.842,0.749,0.488,0.964,0.911,0.778,0.673
20,3,math,19960,11.342,1.127,11.6816,0.0,0.5539,5.9491,2.5137,3.4355,2.3624,17,0.49,0.0186,0.344,0.387,0.0,0.461,0.593,0.122,0.81,0.25,0.818,0.682,0.69,0.323,0.908,0.812,0.722,0.464,0.958,0.886,0.764,0.634
20,3,news,19960,10.6276,1.056,11.6816,0.0,0.5539,5.9491,2.5137,3.4355,2.3624,17,0.49,0.0314,0.612,0.446,0.0,0.327,0.671,0.142,0.872,0.236,0.874,0.763,0.769,0.328,0.952,0.877,0.791,0.502,0.983,0.939,0.823,0.708
20,3,val,5988,10.0617,1.0,11.6816,0.0,0.5539,5.9491,2.5137,3.4355,2.3624,17,0.49,0.0291,0.789,0.404,0.0,0.54,0.58,0.133,1.074,0.256,0.803,0.662,0.658,0.319,0.897,0.785,0.696,0.474,0.951,0.873,0.742,0.659
20,4,code,19960,10.5047,1.118,9.0945,0.0,0.7406,5.9164,1.5326,4.3837,2.4952,45,0.77,0.004,0.667,0.037,0.0,0.141,0.409,0.115,0.65,0.093,0.935,0.863,0.889,0.104,0.967,0.902,0.9,0.148,0.985,0.941,0.909,0.234
20,4,dialogue,19960,9.5359,1.015,9.0945,0.0,0.7406,5.9164,1.5326,4.3837,2.4952,45,0.77,0.0076,0.281,0.347,0.0,0.016,0.905,0.694,0.291,0.036,0.997,0.963,0.988,0.057,0.999,0.984,0.994,0.153,1.0,0.999,0.995,0.335
20,4,fiction,19960,9.6637,1.029,9.0945,0.0,0.7406,5.9164,1.5326,4.3837,2.4952,45,0.77,0.0076,0.464,0.324,0.0,0.046,0.45,0.271,0.4,0.052,0.981,0.926,0.958,0.069,0.991,0.954,0.966,0.161,0.996,0.979,0.97,0.339
20,4,math,19960,9.6979,1.032,9.0945,0.0,0.7406,5.9164,1.5326,4.3837,2.4952,45,0.77,0.005,0.55,0.28,0.0,0.091,0.654,0.341,0.377,0.097,0.966,0.918,0.931,0.112,0.985,0.95,0.948,0.171,0.994,0.977,0.958,0.277
20,4,news,19960,9.9037,1.054,9.0945,0.0,0.7406,5.9164,1.5326,4.3837,2.4952,45,0.77,0.004,0.531,0.08,0.0,0.071,0.548,0.343,0.516,0.106,0.97,0.931,0.934,0.11,0.989,0.954,0.949,0.155,0.996,0.973,0.956,0.234
20,4,val,5988,9.3931,1.0,9.0945,0.0,0.7406,5.9164,1.5326,4.3837,2.4952,45,0.77,0.0041,0.598,0.142,0.0,0.115,0.655,0.417,0.593,0.142,0.96,0.915,0.912,0.149,0.984,0.946,0.934,0.199,0.995,0.974,0.952,0.279
20,5,code,19960,10.345,1.159,8.557,0.0,0.4769,5.9244,3.0537,2.8707,1.643,54,0.672,0.004,0.662,0.024,0.0,0.037,0.482,0.201,0.902,0.053,0.983,0.893,0.955,0.045,0.993,0.945,0.961,0.07,0.997,0.982,0.978,0.125
20,5,dialogue,19960,9.6414,1.08,8.557,0.0,0.4769,5.9244,3.0537,2.8707,1.643,54,0.672,0.0072,0.301,0.313,0.0,0.351,0.177,0.124,1.097,0.072,0.952,0.704,0.735,0.094,0.989,0.757,0.769,0.185,0.997,0.804,0.801,0.338
20,5,fiction,19960,9.9939,1.12,8.557,0.0,0.4769,5.9244,3.0537,2.8707,1.643,54,0.672,0.007,0.518,0.286,0.0,0.102,0.567,0.2,1.054,0.068,0.964,0.833,0.886,0.065,0.985,0.896,0.902,0.116,0.994,0.974,0.969,0.208
20,5,math,19960,9.702,1.087,8.557,0.0,0.4769,5.9244,3.0537,2.8707,1.643,54,0.672,0.0049,0.561,0.271,0.0,0.219,0.668,0.587,0.968,0.102,0.937,0.804,0.826,0.09,0.977,0.891,0.903,0.145,0.991,0.957,0.951,0.227
20,5,news,19960,9.4383,1.057,8.557,0.0,0.4769,5.9244,3.0537,2.8707,1.643,54,0.672,0.004,0.525,0.069,0.0,0.245,0.585,0.181,0.972,0.108,0.953,0.786,0.805,0.089,0.991,0.864,0.839,0.146,0.997,0.973,0.963,0.22
20,5,val,5988,8.9252,1.0,8.557,0.0,0.4769,5.9244,3.0537,2.8707,1.643,54,0.672,0.0041,0.598,0.142,0.0,0.229,0.689,0.567,1.007,0.152,0.922,0.807,0.804,0.119,0.969,0.896,0.88,0.176,0.989,0.949,0.933,0.24
20,6,code,19960,10.9147,1.128,9.2842,0.0,0.2814,5.8345,4.0756,1.7589,1.5202,39,0.726,0.004,0.658,0.017,0.0,0.373,0.272,0.324,1.852,0.05,0.886,0.665,0.718,0.076,0.948,0.768,0.769,0.137,0.983,0.816,0.823,0.237
20,6,dialogue,19960,10.4172,1.076,9.2842,0.0,0.2814,5.8345,4.0756,1.7589,1.5202,39,0.726,0.0058,0.371,0.236,0.0,0.125,0.494,0.383,1.537,0.039,0.968,0.877,0.903,0.051,0.989,0.938,0.932,0.099,0.997,0.957,0.95,0.201
20,6,fiction,19960,10.1538,1.049,9.2842,0.0,0.2814,5.8345,4.0756,1.7589,1.5202,39,0.726,0.0055,0.527,0.242,0.0,0.165,0.34,0.304,1.541,0.053,0.945,0.839,0.865,0.057,0.975,0.897,0.9,0.101,0.991,0.923,0.919,0.196
20,6,math,19960,10.3507,1.069,9.2842,0.0,0.2814,5.8345,4.0756,1.7589,1.5202,39,0.726,0.0044,0.58,0.221,0.0,0.423,0.376,0.355,1.82,0.067,0.865,0.641,0.668,0.095,0.935,0.752,0.756,0.159,0.977,0.821,0.825,0.266
20,6,news,19960,10.2383,1.058,9.2842,0.0,0.2814,5.8345,4.0756,1.7589,1.5202,39,0.726,0.004,0.525,0.069,0.0,0.221,0.406,0.322,1.876,0.084,0.93,0.819,0.831,0.082,0.97,0.88,0.873,0.126,0.989,0.92,0.903,0.189
20,6,val,5988,9.6787,1.0,9.2842,0.0,0.2814,5.8345,4.0756,1.7589,1.5202,39,0.726,0.0041,0.598,0.142,0.0,0.351,0.389,0.357,2.043,0.109,0.902,0.726,0.729,0.104,0.955,0.806,0.796,0.154,0.983,0.875,0.876,0.23
20,7,code,19932,11.2812,1.208,8.9931,0.0,0.4343,5.7904,3.4174,2.3729,1.5107,61,0.763,0.004,0.667,0.037,0.0,0.045,0.445,0.439,1.476,0.034,0.975,0.893,0.947,0.04,0.99,0.96,0.966,0.091,0.997,0.977,0.976,0.185
20,7,dialogue,19960,10.1378,1.085,8.9931,0.0,0.4343,5.7904,3.4174,2.3729,1.5107,61,0.763,0.0078,0.276,0.342,0.0,0.099,0.302,0.162,0.846,0.053,0.967,0.877,0.913,0.089,0.987,0.931,0.926,0.189,0.996,0.948,0.936,0.401
20,7,fiction,19960,10.0262,1.073,8.9931,0.0,0.4343,5.7904,3.4174,2.3729,1.5107,61,0.763,0.0079,0.475,0.318,0.0,0.091,0.315,0.23,0.942,0.049,0.963,0.858,0.915,0.09,0.984,0.934,0.935,0.177,0.995,0.958,0.939,0.38
20,7,math,19960,10.3834,1.112,8.9931,0.0,0.4343,5.7904,3.4174,2.3729,1.5107,61,0.763,0.0052,0.534,0.287,0.0,0.361,0.477,0.305,1.216,0.078,0.891,0.716,0.733,0.12,0.952,0.808,0.799,0.215,0.985,0.912,0.906,0.377
20,7,news,19960,10.1309,1.085,8.9931,0.0,0.4343,5.7904,3.4174,2.3729,1.5107,61,0.763,0.0042,0.542,0.099,0.0,0.144,0.459,0.201,1.201,0.096,0.944,0.858,0.875,0.121,0.98,0.911,0.893,0.174,0.995,0.953,0.926,0.265
20,7,val,5988,9.3408,1.0,8.9931,0.0,0.4343,5.7904,3.4174,2.3729,1.5107,61,0.763,0.0041,0.598,0.142,0.0,0.195,0.485,0.334,1.378,0.084,0.924,0.826,0.829,0.105,0.966,0.88,0.871,0.164,0.988,0.933,0.915,0.253
20,8,code,19960,9.8808,1.076,8.7798,0.0,0.4423,5.9028,3.2922,2.6106,1.9386,26,0.7,0.0042,0.619,0.053,0.0,0.295,0.233,0.261,1.195,0.049,0.903,0.759,0.796,0.074,0.96,0.802,0.841,0.138,0.988,0.878,0.857,0.253
20,8,dialogue,19960,8.7859,0.956,8.7798,0.0,0.4423,5.9028,3.2922,2.6106,1.9386,26,0.7,0.0062,0.35,0.293,0.0,0.106,0.356,0.279,0.782,0.033,0.963,0.876,0.903,0.05,0.984,0.911,0.925,0.109,0.994,0.951,0.942,0.275
20,8,fiction,19960,9.5176,1.036,8.7798,0.0,0.4423,5.9028,3.2922,2.6106,1.9386,26,0.7,0.0062,0.516,0.29,0.0,0.372,0.317,0.41,1.264,0.044,0.893,0.7,0.736,0.084,0.961,0.771,0.817,0.178,0.986,0.869,0.832,0.359
20,8,math,19960,9.1916,1.0,8.7798,0.0,0.4423,5.9028,3.2922,2.6106,1.9386,26,0.7,0.0046,0.554,0.261,0.0,0.335,0.321,0.371,0.997,0.057,0.894,0.727,0.741,0.096,0.949,0.782,0.813,0.181,0.981,0.862,0.835,0.321
20,8,news,19960,9.2952,1.012,8.7798,0.0,0.4423,5.9028,3.2922,2.6106,1.9386,26,0.7,0.004,0.525,0.069,0.0,0.21,0.449,0.394,1.029,0.077,0.923,0.828,0.838,0.097,0.967,0.874,0.892,0.155,0.989,0.934,0.909,0.248
20,8,val,5988,9.1871,1.0,8.7798,0.0,0.4423,5.9028,3.2922,2.6106,1.9386,26,0.7,0.0042,0.59,0.139,0.0,0.458,0.445,0.397,1.302,0.102,0.863,0.658,0.647,0.115,0.938,0.754,0.763,0.189,0.977,0.855,0.853,0.304
20,9,code,19960,11.1447,1.125,8.7651,0.0,0.7011,5.878,1.9366,3.9414,1.7783,33,0.733,0.004,0.667,0.037,0.0,0.136,0.649,0.135,0.342,0.106,0.923,0.842,0.887,0.149,0.961,0.933,0.901,0.212,0.982,0.955,0.919,0.303
20,9,dialogue,19960,10.4549,1.055,8.7651,0.0,0.7011,5.878,1.9366,3.9414,1.7783,33,0.733,0.0081,0.264,0.36,0.0,0.031,0.625,0.283,0.27,0.059,0.983,0.92,0.966,0.099,0.993,0.981,0.972,0.22,0.997,0.988,0.975,0.414
20,9,fiction,19960,10.374,1.047,8.7651,0.0,0.7011,5.878,1.9366,3.9414,1.7783,33,0.733,0.0079,0.468,0.321,0.0,0.1,0.545,0.162,0.4,0.073,0.92,0.847,0.9,0.114,0.951,0.928,0.915,0.228,0.975,0.947,0.931,0.416
20,9,math,19960,10.4754,1.057,8.7651,0.0,0.7011,5.878,1.9366,3.9414,1.7783,33,0.733,0.0052,0.524,0.303,0.0,0.121,0.669,0.359,0.397,0.101,0.932,0.875,0.897,0.145,0.964,0.939,0.924,0.22,0.983,0.96,0.944,0.342
20,9,news,19960,10.4565,1.055,8.7651,0.0,0.7011,5.878,1.9366,3.9414,1.7783,33,0.733,0.0042,0.53,0.111,0.0,0.081,0.685,0.376,0.34,0.142,0.94,0.899,0.911,0.178,0.977,0.952,0.93,0.237,0.991,0.97,0.943,0.32
20,9,val,5988,9.9083,1.0,8.7651,0.0,0.7011,5.878,1.9366,3.9414,1.7783,33,0.733,0.0041,0.598,0.142,0.0,0.168,0.595,0.388,0.757,0.151,0.917,0.868,0.865,0.171,0.957,0.915,0.903,0.222,0.981,0.943,0.929,0.309
20,10,code,19960,11.1264,1.127,11.5968,0.0,0.6794,5.9443,1.8155,4.1288,2.3886,36,0.371,0.0286,0.128,0.391,0.0,0.312,0.711,0.479,0.516,0.403,0.926,0.734,0.786,0.391,0.98,0.894,0.853,0.529,0.994,0.96,0.906,0.701
20,10,dialogue,19960,10.8576,1.1,11.5968,0.0,0.6794,5.9443,1.8155,4.1288,2.3886,36,0.371,0.0104,0.264,0.401,0.0,0.379,0.727,0.444,0.402,0.48,0.918,0.701,0.727,0.441,0.983,0.883,0.807,0.55,0.996,0.946,0.879,0.667
20,10,fiction,19960,10.3176,1.045,11.5968,0.0,0.6794,5.9443,1.8155,4.1288,2.3886,36,0.371,0.016,0.403,0.413,0.0,0.246,0.689,0.256,0.427,0.52,0.949,0.768,0.813,0.46,0.983,0.901,0.844,0.549,0.994,0.956,0.879,0.685
20,10,math,19960,10.7121,1.085,11.5968,0.0,0.6794,5.9443,1.8155,4.1288,2.3886,36,0.371,0.0172,0.21,0.443,0.0,0.367,0.716,0.499,0.481,0.484,0.915,0.726,0.74,0.439,0.975,0.873,0.833,0.543,0.992,0.953,0.882,0.668
20,10,news,19960,9.855,0.998,11.5968,0.0,0.6794,5.9443,1.8155,4.1288,2.3886,36,0.371,0.0243,0.644,0.437,0.0,0.377,0.714,0.437,0.657,0.462,0.904,0.735,0.74,0.436,0.976,0.884,0.815,0.578,0.994,0.944,0.88,0.732
20,10,val,5988,9.875,1.0,11.5968,0.0,0.6794,5.9443,1.8155,4.1288,2.3886,36,0.371,0.0198,0.646,0.453,0.0,0.434,0.734,0.503,0.623,0.494,0.903,0.697,0.684,0.447,0.97,0.858,0.811,0.567,0.99,0.944,0.87,0.689
20,11,code,19960,11.0727,1.344,9.0021,0.0,0.3023,5.7484,4.136,1.6124,1.2664,13,0.568,0.0042,0.639,0.061,0.0,0.307,0.208,0.263,1.751,0.077,0.907,0.725,0.771,0.108,0.963,0.779,0.824,0.176,0.99,0.842,0.851,0.291
20,11,dialogue,19960,8.7309,1.06,9.0021,0.0,0.3023,5.7484,4.136,1.6124,1.2664,13,0.568,0.0066,0.326,0.298,0.0,0.223,0.303,0.306,1.517,0.032,0.955,0.811,0.83,0.051,0.985,0.844,0.875,0.108,0.997,0.905,0.898,0.264
20,11,fiction,19960,8.6387,1.049,9.0021,0.0,0.3023,5.7484,4.136,1.6124,1.2664,13,0.568,0.0074,0.463,0.319,0.0,0.314,0.33,0.132,1.79,0.033,0.942,0.697,0.745,0.053,0.98,0.751,0.77,0.113,0.994,0.873,0.827,0.277
20,11,math,19960,10.0697,1.223,9.0021,0.0,0.3023,5.7484,4.136,1.6124,1.2664,13,0.568,0.0049,0.551,0.276,0.0,0.546,0.288,0.374,1.645,0.084,0.852,0.575,0.585,0.145,0.937,0.656,0.721,0.229,0.982,0.757,0.765,0.378
20,11,news,19960,8.8271,1.072,9.0021,0.0,0.3023,5.7484,4.136,1.6124,1.2664,13,0.568,0.004,0.531,0.08,0.0,0.494,0.606,0.629,1.527,0.062,0.911,0.606,0.611,0.092,0.965,0.801,0.826,0.175,0.989,0.901,0.87,0.322
20,11,val,5988,8.2357,1.0,9.0021,0.0,0.3023,5.7484,4.136,1.6124,1.2664,13,0.568,0.0041,0.598,0.142,0.0,0.593,0.451,0.411,1.908,0.066,0.833,0.553,0.546,0.087,0.925,0.688,0.657,0.159,0.974,0.816,0.771,0.271
20,12,code,19960,11.3891,1.126,10.8135,0.0,0.6675,5.8369,2.3454,3.4914,1.5484,43,0.666,0.0042,0.651,0.039,0.0,0.392,0.468,0.428,0.95,0.09,0.863,0.699,0.716,0.115,0.936,0.797,0.764,0.195,0.978,0.873,0.847,0.32
20,12,dialogue,19960,11.2813,1.116,10.8135,0.0,0.6675,5.8369,2.3454,3.4914,1.5484,43,0.666,0.0077,0.279,0.341,0.0,0.327,0.102,0.056,0.421,0.099,0.962,0.694,0.723,0.142,0.993,0.738,0.732,0.263,0.999,0.776,0.748,0.444
20,12,fiction,19960,10.8723,1.075,10.8135,0.0,0.6675,5.8369,2.3454,3.4914,1.5484,43,0.666,0.0075,0.467,0.319,0.0,0.134,0.288,0.271,0.548,0.078,0.975,0.87,0.898,0.103,0.992,0.919,0.908,0.206,0.998,0.955,0.97,0.383
20,12,math,19960,10.8375,1.072,10.8135,0.0,0.6675,5.8369,2.3454,3.4914,1.5484,43,0.666,0.005,0.54,0.284,0.0,0.447,0.461,0.436,0.653,0.115,0.882,0.658,0.663,0.164,0.952,0.771,0.726,0.268,0.985,0.865,0.834,0.413
20,12,news,19960,10.4375,1.032,10.8135,0.0,0.6675,5.8369,2.3454,3.4914,1.5484,43,0.666,0.004,0.531,0.08,0.0,0.175,0.537,0.506,0.627,0.125,0.952,0.853,0.863,0.143,0.984,0.914,0.915,0.204,0.995,0.96,0.939,0.298
20,12,val,5988,10.1129,1.0,10.8135,0.0,0.6675,5.8369,2.3454,3.4914,1.5484,43,0.666,0.0041,0.598,0.142,0.0,0.31,0.527,0.489,0.824,0.184,0.909,0.774,0.77,0.197,0.961,0.851,0.838,0.264,0.987,0.916,0.899,0.355
20,13,code,19960,12.5386,1.022,12.9536,0.0,0.671,5.9479,2.2569,3.6909,1.5037,40,0.446,0.0357,0.515,0.354,0.0,0.334,0.482,0.256,1.044,0.138,0.875,0.759,0.783,0.208,0.941,0.849,0.826,0.376,0.978,0.892,0.863,0.627
20,13,dialogue,19960,13.5542,1.104,12.9536,0.0,0.671,5.9479,2.2569,3.6909,1.5037,40,0.446,0.0128,0.358,0.226,0.0,0.342,0.655,0.349,0.526,0.196,0.88,0.75,0.761,0.263,0.948,0.873,0.827,0.366,0.981,0.931,0.867,0.507
20,13,fiction,19960,13.6959,1.116,12.9536,0.0,0.671,5.9479,2.2569,3.6909,1.5037,40,0.446,0.0202,0.748,0.396,0.0,0.336,0.578,0.191,0.682,0.282,0.881,0.735,0.753,0.361,0.942,0.853,0.789,0.498,0.975,0.904,0.82,0.678
20,13,math,19960,12.9109,1.052,12.9536,0.0,0.671,5.9479,2.2569,3.6909,1.5037,40,0.446,0.026,0.462,0.372,0.0,0.471,0.482,0.224,0.869,0.264,0.829,0.669,0.678,0.328,0.916,0.785,0.735,0.461,0.966,0.853,0.778,0.647
20,13,news,19960,12.5404,1.022,12.9536,0.0,0.671,5.9479,2.2569,3.6909,1.5037,40,0.446,0.0277,0.733,0.412,0.0,0.287,0.601,0.192,0.841,0.32,0.906,0.788,0.791,0.38,0.964,0.881,0.822,0.513,0.988,0.927,0.848,0.689
20,13,val,5988,12.2718,1.0,12.9536,0.0,0.671,5.9479,2.2569,3.6909,1.5037,40,0.446,0.023,0.761,0.383,0.0,0.425,0.545,0.222,0.895,0.287,0.859,0.688,0.688,0.331,0.929,0.803,0.744,0.451,0.969,0.87,0.79,0.624
20,14,code,19960,11.6262,1.398,8.5381,0.0,0.4008,5.7314,3.5511,2.1803,1.4107,31,0.419,0.0041,0.659,0.041,0.0,0.323,0.088,0.104,1.152,0.197,0.889,0.673,0.756,0.244,0.953,0.75,0.767,0.324,0.984,0.803,0.793,0.416
20,14,dialogue,19960,9.7594,1.173,8.5381,0.0,0.4008,5.7314,3.5511,2.1803,1.4107,31,0.419,0.0074,0.289,0.341,0.0,0.212,0.291,0.334,1.065,0.046,0.934,0.739,0.827,0.11,0.973,0.845,0.86,0.202,0.991,0.887,0.887,0.37
20,14,fiction,19960,9.9381,1.195,8.5381,0.0,0.4008,5.7314,3.5511,2.1803,1.4107,31,0.419,0.0079,0.487,0.315,0.0,0.114,0.409,0.635,1.105,0.033,0.945,0.755,0.896,0.066,0.972,0.881,0.918,0.133,0.991,0.951,0.962,0.32
20,14,math,19960,10.3034,1.239,8.5381,0.0,0.4008,5.7314,3.5511,2.1803,1.4107,31,0.419,0.005,0.545,0.289,0.0,0.376,0.195,0.353,1.143,0.113,0.863,0.667,0.717,0.167,0.933,0.743,0.746,0.244,0.975,0.811,0.82,0.371
20,14,news,19960,9.5621,1.15,8.5381,0.0,0.4008,5.7314,3.5511,2.1803,1.4107,31,0.419,0.004,0.531,0.08,0.0,0.511,0.759,0.817,1.099,0.114,0.871,0.608,0.646,0.157,0.956,0.847,0.89,0.259,0.987,0.914,0.91,0.408
20,14,val,5988,8.3173,1.0,8.5381,0.0,0.4008,5.7314,3.5511,2.1803,1.4107,31,0.419,0.0041,0.598,0.142,0.0,0.575,0.727,0.736,1.205,0.092,0.814,0.601,0.594,0.117,0.904,0.797,0.801,0.205,0.962,0.876,0.859,0.357
20,15,code,19960,10.6981,1.115,10.4726,0.0,0.382,5.875,3.6243,2.2508,1.7248,18,0.676,0.004,0.662,0.024,0.0,0.328,0.171,0.232,1.744,0.044,0.916,0.707,0.748,0.074,0.968,0.776,0.789,0.139,0.991,0.822,0.829,0.266
20,15,dialogue,19960,11.6305,1.212,10.4726,0.0,0.382,5.875,3.6243,2.2508,1.7248,18,0.676,0.0068,0.316,0.319,0.0,0.167,0.39,0.265,1.284,0.06,0.964,0.837,0.874,0.083,0.99,0.913,0.904,0.138,0.998,0.942,0.92,0.293
20,15,fiction,19957,11.6779,1.217,10.4726,0.0,0.382,5.875,3.6243,2.2508,1.7248,18,0.676,0.0064,0.481,0.292,0.0,0.156,0.357,0.237,1.272,0.083,0.963,0.829,0.871,0.098,0.986,0.907,0.899,0.156,0.995,0.936,0.914,0.289
20,15,math,19960,10.4483,1.089,10.4726,0.0,0.382,5.875,3.6243,2.2508,1.7248,18,0.676,0.0048,0.546,0.279,0.0,0.454,0.29,0.291,1.554,0.064,0.895,0.62,0.637,0.108,0.958,0.715,0.721,0.191,0.988,0.796,0.786,0.332
20,15,news,19960,10.4306,1.087,10.4726,0.0,0.382,5.875,3.6243,2.2508,1.7248,18,0.676,0.004,0.525,0.069,0.0,0.277,0.429,0.301,1.537,0.089,0.927,0.774,0.792,0.1,0.972,0.858,0.843,0.164,0.991,0.91,0.87,0.266
20,15,val,5988,9.5927,1.0,10.4726,0.0,0.382,5.875,3.6243,2.2508,1.7248,18,0.676,0.0041,0.598,0.142,0.0,0.413,0.389,0.342,1.652,0.074,0.889,0.691,0.685,0.091,0.951,0.779,0.78,0.156,0.983,0.858,0.844,0.258
21,0,code,19960,11.0665,1.143,9.1699,0.0,0.3327,5.8525,3.9402,1.9123,1.4324,17,0.606,0.004,0.658,0.017,0.0,0.363,0.429,0.415,1.561,0.051,0.874,0.696,0.732,0.076,0.939,0.809,0.81,0.136,0.977,0.861,0.833,0.242
21,0,dialogue,19960,10.6731,1.102,9.1699,0.0,0.3327,5.8525,3.9402,1.9123,1.4324,17,0.606,0.004,0.531,0.051,0.0,0.28,0.433,0.473,1.494,0.047,0.912,0.793,0.809,0.061,0.962,0.87,0.873,0.102,0.988,0.911,0.905,0.182
21,0,fiction,19960,11.1902,1.156,9.1699,0.0,0.3327,5.8525,3.9402,1.9123,1.4324,17,0.606,0.0038,0.584,0.017,0.0,0.313,0.465,0.442,1.368,0.06,0.881,0.743,0.768,0.072,0.937,0.835,0.836,0.119,0.975,0.884,0.865,0.208
21,0,math,19960,10.4747,1.082,9.1699,0.0,0.3327,5.8525,3.9402,1.9123,1.4324,17,0.606,0.0038,0.649,0.104,0.0,0.516,0.517,0.502,1.423,0.072,0.83,0.597,0.606,0.111,0.914,0.743,0.74,0.187,0.968,0.819,0.795,0.312
21,0,news,19960,10.1873,1.052,9.1699,0.0,0.3327,5.8525,3.9402,1.9123,1.4324,17,0.606,0.004,0.525,0.069,0.0,0.417,0.418,0.338,1.35,0.085,0.857,0.709,0.714,0.109,0.93,0.8,0.791,0.174,0.974,0.863,0.85,0.269
21,0,val,5988,9.684,1.0,9.1699,0.0,0.3327,5.8525,3.9402,1.9123,1.4324,17,0.606,0.0041,0.598,0.142,0.0,0.451,0.556,0.497,1.486,0.083,0.837,0.672,0.667,0.097,0.917,0.786,0.777,0.157,0.967,0.867,0.861,0.25
21,1,code,19960,12.7363,1.314,11.1167,0.0,0.3159,5.8598,3.8446,2.0151,1.4365,4,0.302,0.0013,1.0,0.266,0.0,0.91,0.113,0.021,1.451,0.167,0.8,0.184,0.173,0.279,0.915,0.231,0.177,0.429,0.977,0.298,0.225,0.601
21,1,dialogue,19960,12.0736,1.246,11.1167,0.0,0.3159,5.8598,3.8446,2.0151,1.4365,4,0.302,0.0015,1.0,0.277,0.0,0.92,0.253,0.149,1.419,0.147,0.785,0.212,0.156,0.256,0.908,0.305,0.199,0.407,0.974,0.423,0.329,0.578
21,1,fiction,19960,12.4632,1.286,11.1167,0.0,0.3159,5.8598,3.8446,2.0151,1.4365,4,0.302,0.0055,0.636,0.307,0.0,0.906,0.419,0.389,1.473,0.12,0.821,0.293,0.186,0.22,0.932,0.455,0.383,0.348,0.982,0.562,0.486,0.552
21,1,math,19960,11.8584,1.224,11.1167,0.0,0.3159,5.8598,3.8446,2.0151,1.4365,4,0.302,0.0124,0.895,0.273,0.0,0.833,0.443,0.325,1.436,0.18,0.848,0.356,0.289,0.269,0.946,0.545,0.454,0.437,0.987,0.653,0.556,0.665
21,1,news,19960,11.0701,1.142,11.1167,0.0,0.3159,5.8598,3.8446,2.0151,1.4365,4,0.302,0.0108,0.963,0.296,0.0,0.834,0.433,0.164,1.069,0.258,0.841,0.347,0.301,0.357,0.945,0.528,0.361,0.551,0.987,0.7,0.57,0.76
21,1,val,5988,9.6919,1.0,11.1167,0.0,0.3159,5.8598,3.8446,2.0151,1.4365,4,0.302,0.0138,0.949,0.251,0.0,0.818,0.59,0.49,1.436,0.164,0.789,0.432,0.343,0.189,0.909,0.64,0.554,0.336,0.971,0.763,0.665,0.568
21,2,code,19960,10.5582,1.125,8.9581,0.0,0.3775,5.7546,3.5903,2.1643,1.7183,54,0.644,0.004,0.662,0.024,0.0,0.221,0.38,0.337,1.345,0.062,0.926,0.807,0.844,0.087,0.965,0.875,0.89,0.13,0.988,0.915,0.923,0.228
21,2,dialogue,19960,10.084,1.074,8.9581,0.0,0.3775,5.7546,3.5903,2.1643,1.7183,54,0.644,0.0068,0.314,0.313,0.0,0.128,0.409,0.167,1.293,0.04,0.959,0.883,0.902,0.061,0.984,0.925,0.919,0.118,0.995,0.959,0.952,0.279
21,2,fiction,19960,10.028,1.068,8.9581,0.0,0.3775,5.7546,3.5903,2.1643,1.7183,54,0.644,0.0063,0.516,0.277,0.0,0.151,0.318,0.153,1.335,0.05,0.949,0.859,0.876,0.067,0.977,0.897,0.893,0.133,0.992,0.932,0.931,0.268
21,2,math,19960,9.6736,1.03,8.9581,0.0,0.3775,5.7546,3.5903,2.1643,1.7183,54,0.644,0.0048,0.552,0.27,0.0,0.322,0.427,0.27,1.321,0.07,0.896,0.743,0.76,0.108,0.953,0.814,0.815,0.18,0.985,0.883,0.874,0.309
21,2,news,19960,9.9416,1.059,8.9581,0.0,0.3775,5.7546,3.5903,2.1643,1.7183,54,0.644,0.004,0.525,0.069,0.0,0.199,0.404,0.222,1.4,0.131,0.932,0.832,0.841,0.129,0.972,0.879,0.869,0.184,0.991,0.929,0.904,0.271
21,2,val,5988,9.3876,1.0,8.9581,0.0,0.3775,5.7546,3.5903,2.1643,1.7183,54,0.644,0.0041,0.598,0.142,0.0,0.368,0.571,0.504,1.583,0.12,0.905,0.717,0.72,0.133,0.957,0.841,0.837,0.191,0.984,0.899,0.882,0.287
21,3,code,19960,11.6945,1.213,9.8052,0.0,0.4908,5.9026,2.2851,3.6175,3.2115,50,0.545,0.004,0.667,0.037,0.0,0.251,0.595,0.143,0.69,0.182,0.886,0.786,0.829,0.202,0.94,0.891,0.852,0.266,0.972,0.93,0.874,0.351
21,3,dialogue,19960,10.1008,1.048,9.8052,0.0,0.4908,5.9026,2.2851,3.6175,3.2115,50,0.545,0.008,0.27,0.353,0.0,0.088,0.775,0.205,0.48,0.074,0.949,0.87,0.918,0.109,0.976,0.959,0.932,0.206,0.99,0.978,0.945,0.386
21,3,fiction,19960,10.2988,1.069,9.8052,0.0,0.4908,5.9026,2.2851,3.6175,3.2115,50,0.545,0.0078,0.465,0.323,0.0,0.361,0.606,0.107,0.685,0.144,0.852,0.704,0.751,0.182,0.921,0.842,0.778,0.303,0.964,0.906,0.805,0.467
21,3,math,19960,10.418,1.081,9.8052,0.0,0.4908,5.9026,2.2851,3.6175,3.2115,50,0.545,0.0052,0.534,0.295,0.0,0.396,0.677,0.154,0.571,0.195,0.837,0.718,0.733,0.242,0.912,0.847,0.777,0.341,0.959,0.909,0.818,0.451
21,3,news,19960,9.9188,1.029,9.8052,0.0,0.4908,5.9026,2.2851,3.6175,3.2115,50,0.545,0.0043,0.523,0.122,0.0,0.279,0.77,0.169,0.832,0.149,0.89,0.789,0.801,0.185,0.955,0.905,0.834,0.272,0.982,0.953,0.855,0.367
21,3,val,5988,9.6377,1.0,9.8052,0.0,0.4908,5.9026,2.2851,3.6175,3.2115,50,0.545,0.0041,0.598,0.142,0.0,0.482,0.623,0.202,0.792,0.179,0.806,0.693,0.685,0.224,0.891,0.808,0.746,0.32,0.948,0.883,0.791,0.425
21,4,code,19960,10.4938,1.11,8.3843,0.0,0.6388,5.8997,2.4563,3.4435,1.2283,52,0.708,0.004,0.667,0.037,0.0,0.08,0.298,0.224,0.923,0.06,0.959,0.889,0.922,0.065,0.98,0.938,0.937,0.104,0.991,0.95,0.944,0.18
21,4,dialogue,19960,9.879,1.045,8.3843,0.0,0.6388,5.8997,2.4563,3.4435,1.2283,52,0.708,0.0076,0.285,0.333,0.0,0.028,0.648,0.449,1.053,0.051,0.983,0.944,0.969,0.066,0.993,0.981,0.977,0.115,0.997,0.99,0.989,0.236
21,4,fiction,19960,10.3682,1.097,8.3843,0.0,0.6388,5.8997,2.4563,3.4435,1.2283,52,0.708,0.0074,0.435,0.323,0.0,0.236,0.295,0.132,0.99,0.218,0.905,0.768,0.789,0.2,0.947,0.828,0.815,0.272,0.973,0.872,0.853,0.385
21,4,math,19960,9.5586,1.011,8.3843,0.0,0.6388,5.8997,2.4563,3.4435,1.2283,52,0.708,0.005,0.535,0.283,0.0,0.137,0.413,0.266,0.65,0.112,0.937,0.878,0.891,0.12,0.967,0.918,0.908,0.18,0.986,0.947,0.938,0.278
21,4,news,19960,9.6661,1.023,8.3843,0.0,0.6388,5.8997,2.4563,3.4435,1.2283,52,0.708,0.004,0.531,0.08,0.0,0.16,0.621,0.495,0.713,0.171,0.926,0.855,0.857,0.163,0.966,0.913,0.905,0.215,0.986,0.943,0.926,0.28
21,4,val,5988,9.4528,1.0,8.3843,0.0,0.6388,5.8997,2.4563,3.4435,1.2283,52,0.708,0.0041,0.598,0.142,0.0,0.191,0.545,0.38,0.874,0.201,0.928,0.838,0.834,0.174,0.964,0.892,0.876,0.233,0.985,0.935,0.913,0.31
21,5,code,19960,10.3599,1.013,11.3249,0.0,0.4063,5.9418,3.0048,2.937,2.3979,8,0.594,0.0069,0.435,0.155,0.0,0.189,0.556,0.61,0.902,0.045,0.937,0.832,0.87,0.073,0.969,0.913,0.892,0.143,0.988,0.954,0.941,0.28
21,5,dialogue,19960,11.447,1.12,11.3249,0.0,0.4063,5.9418,3.0048,2.937,2.3979,8,0.594,0.0102,0.291,0.393,0.0,0.388,0.672,0.188,0.654,0.132,0.829,0.737,0.759,0.21,0.915,0.852,0.801,0.333,0.966,0.925,0.833,0.517
21,5,fiction,19960,11.2896,1.104,11.3249,0.0,0.4063,5.9418,3.0048,2.937,2.3979,8,0.594,0.0111,0.498,0.347,0.0,0.489,0.646,0.162,0.797,0.118,0.794,0.647,0.675,0.205,0.893,0.793,0.715,0.347,0.955,0.894,0.764,0.552
21,5,math,19960,10.3977,1.017,11.3249,0.0,0.4063,5.9418,3.0048,2.937,2.3979,8,0.594,0.0091,0.434,0.337,0.0,0.436,0.616,0.363,0.935,0.098,0.816,0.691,0.704,0.157,0.903,0.809,0.771,0.276,0.96,0.9,0.821,0.445
21,5,news,19960,10.5511,1.032,11.3249,0.0,0.4063,5.9418,3.0048,2.937,2.3979,8,0.594,0.0232,0.708,0.413,0.0,0.319,0.645,0.288,1.11,0.102,0.874,0.772,0.78,0.165,0.945,0.871,0.816,0.312,0.983,0.944,0.861,0.569
21,5,val,5988,10.2224,1.0,11.3249,0.0,0.4063,5.9418,3.0048,2.937,2.3979,8,0.594,0.0209,0.861,0.412,0.0,0.457,0.654,0.41,1.123,0.099,0.813,0.688,0.684,0.162,0.9,0.804,0.75,0.3,0.958,0.904,0.826,0.544
21,6,code,19960,11.984,1.181,13.2437,0.0,0.6419,5.9442,2.022,3.9222,2.6786,38,0.351,0.004,0.662,0.024,0.0,0.283,0.613,0.069,0.563,0.189,0.918,0.723,0.79,0.235,0.972,0.889,0.799,0.318,0.992,0.93,0.82,0.395
21,6,dialogue,19960,12.9948,1.281,13.2437,0.0,0.6419,5.9442,2.022,3.9222,2.6786,38,0.351,0.0064,0.339,0.31,0.0,0.493,0.831,0.085,0.375,0.449,0.902,0.614,0.619,0.602,0.964,0.888,0.639,0.712,0.989,0.94,0.673,0.77
21,6,fiction,19960,12.3498,1.217,13.2437,0.0,0.6419,5.9442,2.022,3.9222,2.6786,38,0.351,0.007,0.475,0.323,0.0,0.489,0.8,0.097,0.521,0.351,0.897,0.601,0.616,0.486,0.966,0.863,0.642,0.633,0.99,0.942,0.677,0.73
21,6,math,19960,11.3482,1.118,13.2437,0.0,0.6419,5.9442,2.022,3.9222,2.6786,38,0.351,0.0049,0.551,0.276,0.0,0.488,0.753,0.132,0.522,0.358,0.888,0.623,0.629,0.468,0.964,0.848,0.664,0.602,0.99,0.93,0.705,0.678
21,6,news,19960,10.6385,1.049,13.2437,0.0,0.6419,5.9442,2.022,3.9222,2.6786,38,0.351,0.004,0.525,0.069,0.0,0.419,0.734,0.091,0.666,0.241,0.888,0.671,0.692,0.316,0.967,0.867,0.715,0.445,0.992,0.939,0.738,0.534
21,6,val,5988,10.1461,1.0,13.2437,0.0,0.6419,5.9442,2.022,3.9222,2.6786,38,0.351,0.0041,0.598,0.142,0.0,0.548,0.726,0.2,0.769,0.29,0.856,0.609,0.596,0.364,0.945,0.81,0.66,0.512,0.983,0.92,0.716,0.604
21,7,code,19960,12.7347,1.275,11.6182,0.0,0.432,5.9086,2.7202,3.1885,2.8534,4,0.182,0.0033,0.712,0.329,0.0,0.695,0.467,0.115,1.504,0.459,0.931,0.405,0.358,0.553,0.975,0.589,0.42,0.741,0.993,0.735,0.467,0.88
21,7,dialogue,19960,11.4741,1.149,11.6182,0.0,0.432,5.9086,2.7202,3.1885,2.8534,4,0.182,0.0067,0.993,0.245,0.0,0.801,0.375,0.38,0.899,0.272,0.881,0.337,0.299,0.412,0.963,0.491,0.555,0.542,0.992,0.731,0.567,0.636
21,7,fiction,19960,12.8415,1.286,11.6182,0.0,0.432,5.9086,2.7202,3.1885,2.8534,4,0.182,0.0029,0.879,0.298,0.0,0.829,0.485,0.184,1.173,0.249,0.865,0.306,0.256,0.389,0.947,0.534,0.38,0.605,0.985,0.729,0.421,0.749
21,7,math,19960,11.13,1.115,11.6182,0.0,0.432,5.9086,2.7202,3.1885,2.8534,4,0.182,0.0052,0.885,0.28,0.0,0.731,0.491,0.222,1.201,0.369,0.887,0.414,0.362,0.487,0.96,0.6,0.488,0.649,0.99,0.782,0.531,0.775
21,7,news,19960,10.6359,1.065,11.6182,0.0,0.432,5.9086,2.7202,3.1885,2.8534,4,0.182,0.0199,0.92,0.273,0.0,0.734,0.473,0.276,1.293,0.314,0.839,0.432,0.429,0.386,0.946,0.62,0.574,0.564,0.989,0.796,0.596,0.731
21,7,val,5988,9.9853,1.0,11.6182,0.0,0.432,5.9086,2.7202,3.1885,2.8534,4,0.182,0.0142,0.982,0.247,0.0,0.7,0.571,0.247,1.199,0.396,0.847,0.485,0.431,0.462,0.933,0.684,0.536,0.612,0.976,0.815,0.608,0.731
21,8,code,19960,11.634,1.185,9.5181,0.0,0.2702,5.7866,4.0012,1.7854,1.2671,28,0.755,0.004,0.667,0.037,0.0,0.12,0.296,0.304,1.515,0.054,0.95,0.881,0.898,0.081,0.98,0.916,0.927,0.127,0.995,0.94,0.936,0.202
21,8,dialogue,19960,11.0609,1.127,9.5181,0.0,0.2702,5.7866,4.0012,1.7854,1.2671,28,0.755,0.0074,0.291,0.332,0.0,0.025,0.686,0.651,1.53,0.032,0.994,0.966,0.976,0.052,0.998,0.986,0.988,0.093,1.0,0.993,0.992,0.18
21,8,fiction,19960,10.9638,1.117,9.5181,0.0,0.2702,5.7866,4.0012,1.7854,1.2671,28,0.755,0.0076,0.49,0.303,0.0,0.082,0.321,0.365,1.301,0.033,0.971,0.901,0.913,0.049,0.991,0.935,0.938,0.095,0.998,0.968,0.97,0.208
21,8,math,19960,10.7478,1.095,9.5181,0.0,0.2702,5.7866,4.0012,1.7854,1.2671,28,0.755,0.005,0.556,0.28,0.0,0.126,0.416,0.436,1.568,0.063,0.966,0.882,0.888,0.077,0.988,0.918,0.929,0.119,0.996,0.949,0.949,0.197
21,8,news,19960,11.0385,1.125,9.5181,0.0,0.2702,5.7866,4.0012,1.7854,1.2671,28,0.755,0.004,0.525,0.069,0.0,0.165,0.42,0.405,1.266,0.108,0.948,0.855,0.862,0.098,0.981,0.909,0.899,0.146,0.995,0.945,0.936,0.22
21,8,val,5988,9.816,1.0,9.5181,0.0,0.2702,5.7866,4.0012,1.7854,1.2671,28,0.755,0.0041,0.598,0.142,0.0,0.198,0.609,0.585,1.425,0.101,0.942,0.825,0.826,0.087,0.976,0.902,0.884,0.132,0.992,0.948,0.942,0.205
21,9,code,19956,10.7667,1.365,8.2339,0.0,0.3118,5.7638,4.2335,1.5304,0.9442,8,0.726,0.004,0.658,0.017,0.0,0.166,0.319,0.417,1.456,0.029,0.973,0.803,0.856,0.045,0.992,0.892,0.91,0.083,0.998,0.911,0.915,0.162
21,9,dialogue,19960,9.6864,1.228,8.2339,0.0,0.3118,5.7638,4.2335,1.5304,0.9442,8,0.726,0.0055,0.391,0.206,0.0,0.035,0.561,0.607,1.219,0.027,0.991,0.927,0.972,0.043,0.998,0.98,0.981,0.068,1.0,0.99,0.991,0.127
21,9,fiction,19960,9.6609,1.225,8.2339,0.0,0.3118,5.7638,4.2335,1.5304,0.9442,8,0.726,0.0059,0.517,0.242,0.0,0.216,0.62,0.215,1.315,0.025,0.977,0.762,0.805,0.048,0.994,0.881,0.824,0.099,0.999,0.958,0.971,0.228
21,9,math,19960,9.6827,1.228,8.2339,0.0,0.3118,5.7638,4.2335,1.5304,0.9442,8,0.726,0.0044,0.609,0.192,0.0,0.318,0.4,0.398,1.238,0.055,0.913,0.719,0.743,0.101,0.966,0.799,0.793,0.167,0.991,0.877,0.882,0.265
21,9,news,19960,8.7615,1.111,8.2339,0.0,0.3118,5.7638,4.2335,1.5304,0.9442,8,0.726,0.004,0.525,0.069,0.0,0.423,0.81,0.3,1.143,0.044,0.953,0.66,0.68,0.062,0.99,0.823,0.701,0.117,0.998,0.978,0.985,0.236
21,9,val,5988,7.8849,1.0,8.2339,0.0,0.3118,5.7638,4.2335,1.5304,0.9442,8,0.726,0.0041,0.598,0.142,0.0,0.258,0.787,0.623,1.341,0.058,0.93,0.78,0.785,0.073,0.97,0.894,0.851,0.118,0.992,0.959,0.944,0.212
21,10,code,19960,13.77,1.082,13.7809,0.0,0.6539,5.9601,2.398,3.5621,1.7437,42,0.41,0.004,0.658,0.017,0.0,0.49,0.631,0.215,0.986,0.167,0.86,0.576,0.609,0.221,0.945,0.77,0.677,0.329,0.985,0.891,0.829,0.434
21,10,dialogue,19960,14.57,1.145,13.7809,0.0,0.6539,5.9601,2.398,3.5621,1.7437,42,0.41,0.004,0.538,0.03,0.0,0.554,0.687,0.499,0.691,0.157,0.887,0.548,0.547,0.262,0.964,0.792,0.67,0.391,0.992,0.902,0.815,0.486
21,10,fiction,19960,14.0427,1.103,13.7809,0.0,0.6539,5.9601,2.398,3.5621,1.7437,42,0.41,0.0046,0.615,0.142,0.0,0.477,0.678,0.405,0.701,0.204,0.884,0.598,0.625,0.281,0.959,0.816,0.695,0.398,0.988,0.914,0.838,0.506
21,10,math,19960,14.0995,1.108,13.7809,0.0,0.6539,5.9601,2.398,3.5621,1.7437,42,0.41,0.004,0.625,0.143,0.0,0.669,0.631,0.29,0.837,0.248,0.824,0.471,0.465,0.343,0.929,0.71,0.557,0.492,0.979,0.851,0.739,0.618
21,10,news,19960,12.9224,1.015,13.7809,0.0,0.6539,5.9601,2.398,3.5621,1.7437,42,0.41,0.004,0.525,0.069,0.0,0.436,0.696,0.23,0.623,0.319,0.882,0.666,0.674,0.375,0.965,0.836,0.729,0.489,0.993,0.933,0.82,0.57
21,10,val,5988,12.7286,1.0,13.7809,0.0,0.6539,5.9601,2.398,3.5621,1.7437,42,0.41,0.0041,0.598,0.142,0.0,0.54,0.642,0.315,0.857,0.254,0.847,0.613,0.603,0.3,0.941,0.782,0.682,0.414,0.982,0.893,0.809,0.514
21,11,code,19940,10.0016,1.098,7.7459,0.0,0.5802,5.8903,2.6136,3.2767,1.4495,19,0.792,0.004,0.667,0.037,0.0,0.049,0.559,0.265,0.436,0.061,0.972,0.909,0.953,0.08,0.987,0.969,0.964,0.13,0.995,0.978,0.968,0.211
21,11,dialogue,19960,9.2143,1.011,7.7459,0.0,0.5802,5.8903,2.6136,3.2767,1.4495,19,0.792,0.0077,0.279,0.348,0.0,0.012,0.918,0.792,0.881,0.033,0.998,0.953,0.991,0.057,1.0,0.998,0.997,0.136,1.0,0.999,0.999,0.331
21,11,fiction,19960,10.3759,1.139,7.7459,0.0,0.5802,5.8903,2.6136,3.2767,1.4495,19,0.792,0.0076,0.467,0.321,0.0,0.098,0.232,0.169,1.582,0.074,0.974,0.897,0.917,0.09,0.989,0.931,0.929,0.175,0.996,0.946,0.94,0.352
21,11,math,19960,9.2846,1.019,7.7459,0.0,0.5802,5.8903,2.6136,3.2767,1.4495,19,0.792,0.005,0.54,0.284,0.0,0.113,0.538,0.381,0.622,0.087,0.96,0.896,0.915,0.115,0.981,0.948,0.944,0.177,0.992,0.967,0.959,0.293
21,11,news,19960,10.0476,1.103,7.7459,0.0,0.5802,5.8903,2.6136,3.2767,1.4495,19,0.792,0.004,0.531,0.08,0.0,0.096,0.563,0.291,0.598,0.21,0.953,0.901,0.912,0.224,0.981,0.945,0.93,0.269,0.992,0.964,0.942,0.339
21,11,val,5988,9.113,1.0,7.7459,0.0,0.5802,5.8903,2.6136,3.2767,1.4495,19,0.792,0.0041,0.598,0.142,0.0,0.131,0.628,0.515,1.197,0.115,0.952,0.89,0.887,0.123,0.978,0.937,0.93,0.174,0.992,0.961,0.953,0.258
21,12,code,19960,10.4475,1.099,8.4126,0.0,0.4073,5.8529,4.0653,1.7876,0.9934,36,0.766,0.004,0.667,0.037,0.0,0.059,0.397,0.463,1.276,0.04,0.971,0.83,0.941,0.054,0.987,0.955,0.959,0.09,0.996,0.966,0.967,0.19
21,12,dialogue,19960,9.4942,0.999,8.4126,0.0,0.4073,5.8529,4.0653,1.7876,0.9934,36,0.766,0.0078,0.277,0.342,0.0,0.014,0.795,0.795,1.492,0.029,0.998,0.893,0.989,0.052,1.0,0.972,0.996,0.094,1.0,0.974,0.998,0.226
21,12,fiction,19960,10.064,1.059,8.4126,0.0,0.4073,5.8529,4.0653,1.7876,0.9934,36,0.766,0.0081,0.466,0.319,0.0,0.091,0.337,0.483,1.592,0.053,0.973,0.842,0.919,0.065,0.989,0.924,0.953,0.121,0.997,0.938,0.958,0.264
21,12,math,19960,9.4693,0.996,8.4126,0.0,0.4073,5.8529,4.0653,1.7876,0.9934,36,0.766,0.005,0.55,0.28,0.0,0.139,0.629,0.774,1.393,0.055,0.963,0.822,0.885,0.082,0.986,0.92,0.948,0.13,0.996,0.943,0.968,0.248
21,12,news,19960,9.8097,1.032,8.4126,0.0,0.4073,5.8529,4.0653,1.7876,0.9934,36,0.766,0.0041,0.524,0.093,0.0,0.131,0.613,0.569,1.185,0.101,0.966,0.82,0.887,0.12,0.988,0.914,0.913,0.167,0.997,0.94,0.953,0.255
21,12,val,5988,9.5051,1.0,8.4126,0.0,0.4073,5.8529,4.0653,1.7876,0.9934,36,0.766,0.0041,0.598,0.142,0.0,0.224,0.504,0.473,1.688,0.114,0.927,0.8,0.811,0.113,0.968,0.871,0.874,0.163,0.99,0.909,0.908,0.239
21,13,code,19943,11.5497,1.218,10.2758,0.0,0.3835,5.8596,3.5487,2.3108,1.8033,20,0.759,0.004,0.658,0.017,0.0,0.298,0.313,0.305,1.642,0.045,0.919,0.734,0.774,0.075,0.966,0.825,0.833,0.125,0.99,0.869,0.841,0.219
21,13,dialogue,19956,10.2125,1.077,10.2758,0.0,0.3835,5.8596,3.5487,2.3108,1.8033,20,0.759,0.0048,0.443,0.15,0.0,0.161,0.313,0.407,1.439,0.029,0.99,0.824,0.868,0.047,0.998,0.896,0.892,0.095,1.0,0.924,0.924,0.19
21,13,fiction,19956,10.3409,1.09,10.2758,0.0,0.3835,5.8596,3.5487,2.3108,1.8033,20,0.759,0.0044,0.573,0.133,0.0,0.151,0.296,0.377,1.258,0.031,0.978,0.816,0.866,0.049,0.992,0.892,0.893,0.095,0.998,0.923,0.924,0.202
21,13,math,19955,10.5654,1.114,10.2758,0.0,0.3835,5.8596,3.5487,2.3108,1.8033,20,0.759,0.0041,0.61,0.179,0.0,0.38,0.378,0.339,1.487,0.054,0.911,0.666,0.689,0.093,0.962,0.779,0.782,0.16,0.988,0.851,0.817,0.274
21,13,news,19957,9.946,1.049,10.2758,0.0,0.3835,5.8596,3.5487,2.3108,1.8033,20,0.759,0.004,0.525,0.069,0.0,0.118,0.53,0.466,1.41,0.055,0.975,0.877,0.902,0.071,0.992,0.945,0.943,0.113,0.998,0.968,0.952,0.179
21,13,val,5986,9.4843,1.0,10.2758,0.0,0.3835,5.8596,3.5487,2.3108,1.8033,20,0.759,0.0041,0.598,0.142,0.0,0.298,0.513,0.486,1.62,0.052,0.927,0.763,0.762,0.077,0.97,0.854,0.858,0.131,0.991,0.915,0.908,0.224
21,14,code,19960,12.1536,1.144,16.0687,0.0,0.8671,5.9677,0.7776,5.1901,4.6948,61,0.233,0.004,0.658,0.017,0.0,0.245,0.867,0.059,0.146,0.534,0.905,0.803,0.826,0.566,0.973,0.938,0.835,0.606,0.992,0.976,0.847,0.643
21,14,dialogue,19960,12.1583,1.144,16.0687,0.0,0.8671,5.9677,0.7776,5.1901,4.6948,61,0.233,0.004,0.538,0.03,0.0,0.143,0.946,0.058,0.144,0.627,0.937,0.873,0.894,0.628,0.989,0.978,0.898,0.646,0.996,0.989,0.906,0.668
21,14,fiction,19960,11.7127,1.102,16.0687,0.0,0.8671,5.9677,0.7776,5.1901,4.6948,61,0.233,0.0038,0.584,0.017,0.0,0.153,0.976,0.066,0.144,0.672,0.941,0.865,0.884,0.698,0.99,0.981,0.889,0.715,0.996,0.991,0.897,0.733
21,14,math,19960,11.6058,1.092,16.0687,0.0,0.8671,5.9677,0.7776,5.1901,4.6948,61,0.233,0.0039,0.641,0.104,0.0,0.196,0.939,0.06,0.148,0.673,0.933,0.848,0.857,0.697,0.987,0.969,0.863,0.721,0.995,0.988,0.873,0.741
21,14,news,19960,10.9043,1.026,16.0687,0.0,0.8671,5.9677,0.7776,5.1901,4.6948,61,0.233,0.004,0.525,0.069,0.0,0.188,0.984,0.066,0.147,0.629,0.926,0.85,0.859,0.663,0.987,0.975,0.866,0.686,0.995,0.989,0.875,0.706
21,14,val,5988,10.6283,1.0,16.0687,0.0,0.8671,5.9677,0.7776,5.1901,4.6948,61,0.233,0.0041,0.598,0.142,0.0,0.221,0.946,0.058,0.149,0.648,0.923,0.841,0.84,0.684,0.983,0.966,0.848,0.708,0.993,0.985,0.86,0.729
21,15,code,19960,9.6575,1.043,11.6527,0.0,0.4367,5.8596,2.5246,3.335,2.8654,3,0.412,0.0267,0.101,0.423,0.0,0.498,0.714,0.117,1.732,0.58,0.967,0.683,0.686,0.298,0.987,0.855,0.708,0.358,0.994,0.962,0.744,0.449
21,15,dialogue,19960,10.0183,1.082,11.6527,0.0,0.4367,5.8596,2.5246,3.335,2.8654,3,0.412,0.0114,0.189,0.393,0.0,0.509,0.74,0.119,1.691,0.557,0.984,0.69,0.693,0.265,0.993,0.871,0.716,0.302,0.997,0.978,0.752,0.371
21,15,fiction,19960,9.6859,1.046,11.6527,0.0,0.4367,5.8596,2.5246,3.335,2.8654,3,0.412,0.0246,0.148,0.464,0.0,0.525,0.725,0.118,1.738,0.626,0.973,0.657,0.659,0.314,0.988,0.849,0.683,0.365,0.994,0.967,0.722,0.456
21,15,math,19960,9.5866,1.036,11.6527,0.0,0.4367,5.8596,2.5246,3.335,2.8654,3,0.412,0.0332,0.083,0.443,0.0,0.512,0.716,0.117,1.752,0.604,0.968,0.666,0.668,0.313,0.985,0.85,0.692,0.38,0.993,0.959,0.731,0.485
21,15,news,19960,9.0534,0.978,11.6527,0.0,0.4367,5.8596,2.5246,3.335,2.8654,3,0.412,0.0495,0.12,0.477,0.0,0.499,0.696,0.117,1.793,0.571,0.966,0.693,0.695,0.32,0.985,0.857,0.717,0.403,0.993,0.954,0.754,0.528
21,15,val,5988,9.2578,1.0,11.6527,0.0,0.4367,5.8596,2.5246,3.335,2.8654,3,0.412,0.0284,0.13,0.474,0.0,0.499,0.706,0.117,1.764,0.6,0.967,0.68,0.68,0.319,0.985,0.853,0.704,0.391,0.993,0.958,0.743,0.508
22,0,code,19957,14.4545,1.148,16.5075,0.0,0.7958,5.9766,1.2682,4.7084,2.861,57,0.762,0.0574,0.939,0.433,0.0,0.084,0.637,0.254,0.658,0.212,0.976,0.914,0.931,0.352,0.993,0.962,0.946,0.579,0.998,0.982,0.952,0.801
22,0,dialogue,19960,14.3499,1.14,16.5075,0.0,0.7958,5.9766,1.2682,4.7084,2.861,57,0.762,0.0117,0.551,0.278,0.0,0.042,0.852,0.491,0.374,0.09,0.986,0.949,0.962,0.119,0.997,0.988,0.978,0.221,0.999,0.996,0.983,0.394
22,0,fiction,19960,14.1462,1.124,16.5075,0.0,0.7958,5.9766,1.2682,4.7084,2.861,57,0.762,0.0225,0.707,0.382,0.0,0.078,0.72,0.2,0.416,0.177,0.979,0.923,0.941,0.257,0.995,0.977,0.952,0.431,0.999,0.99,0.957,0.654
22,0,math,19960,13.8063,1.097,16.5075,0.0,0.7958,5.9766,1.2682,4.7084,2.861,57,0.762,0.0208,0.814,0.411,0.0,0.129,0.722,0.22,0.495,0.211,0.966,0.896,0.902,0.273,0.989,0.956,0.921,0.405,0.997,0.979,0.933,0.598
22,0,news,19960,12.998,1.032,16.5075,0.0,0.7958,5.9766,1.2682,4.7084,2.861,57,0.762,0.0292,0.792,0.457,0.0,0.071,0.761,0.33,0.444,0.153,0.981,0.942,0.943,0.249,0.997,0.979,0.958,0.451,0.999,0.99,0.968,0.705
22,0,val,5988,12.5905,1.0,16.5075,0.0,0.7958,5.9766,1.2682,4.7084,2.861,57,0.762,0.019,0.905,0.447,0.0,0.117,0.808,0.349,0.426,0.176,0.972,0.916,0.912,0.244,0.992,0.969,0.938,0.402,0.998,0.988,0.955,0.615
22,1,code,19960,10.8437,1.16,9.4252,0.0,0.3902,5.8451,3.6441,2.201,1.6251,14,0.714,0.004,0.662,0.024,0.0,0.161,0.176,0.31,1.352,0.061,0.947,0.798,0.882,0.108,0.979,0.894,0.909,0.164,0.995,0.914,0.912,0.24
22,1,dialogue,19960,9.7456,1.043,9.4252,0.0,0.3902,5.8451,3.6441,2.201,1.6251,14,0.714,0.0063,0.341,0.279,0.0,0.107,0.608,0.89,1.161,0.038,0.991,0.841,0.91,0.068,0.997,0.941,0.938,0.123,0.999,0.978,0.99,0.237
22,1,fiction,19960,10.1615,1.087,9.4252,0.0,0.3902,5.8451,3.6441,2.201,1.6251,14,0.714,0.0068,0.522,0.284,0.0,0.445,0.567,0.856,1.41,0.057,0.963,0.544,0.61,0.092,0.989,0.738,0.661,0.191,0.997,0.899,0.946,0.393
22,1,math,19958,10.3153,1.104,9.4252,0.0,0.3902,5.8451,3.6441,2.201,1.6251,14,0.714,0.0048,0.568,0.254,0.0,0.266,0.289,0.378,1.235,0.104,0.919,0.761,0.801,0.15,0.966,0.834,0.848,0.221,0.99,0.889,0.891,0.329
22,1,news,19960,10.1611,1.087,9.4252,0.0,0.3902,5.8451,3.6441,2.201,1.6251,14,0.714,0.004,0.525,0.069,0.0,0.323,0.51,0.417,1.282,0.138,0.928,0.732,0.751,0.159,0.974,0.847,0.816,0.24,0.992,0.906,0.891,0.344
22,1,val,5988,9.3445,1.0,9.4252,0.0,0.3902,5.8451,3.6441,2.201,1.6251,14,0.714,0.0041,0.598,0.142,0.0,0.337,0.517,0.537,1.413,0.112,0.899,0.744,0.74,0.129,0.954,0.834,0.83,0.195,0.984,0.904,0.89,0.293
22,2,code,19960,16.4937,1.158,16.1078,0.0,0.5709,5.935,2.7261,3.2089,1.5808,36,0.248,0.004,0.658,0.017,0.0,0.544,0.4,0.135,1.175,0.484,0.915,0.545,0.554,0.409,0.979,0.682,0.604,0.514,0.996,0.8,0.678,0.607
22,2,dialogue,19960,17.6052,1.236,16.1078,0.0,0.5709,5.935,2.7261,3.2089,1.5808,36,0.248,0.004,0.531,0.05,0.0,0.626,0.6,0.493,1.016,0.488,0.929,0.456,0.451,0.443,0.983,0.725,0.62,0.594,0.997,0.827,0.789,0.692
22,2,fiction,19960,15.4208,1.082,16.1078,0.0,0.5709,5.935,2.7261,3.2089,1.5808,36,0.248,0.0066,0.53,0.285,0.0,0.517,0.624,0.429,0.796,0.373,0.926,0.539,0.561,0.367,0.98,0.791,0.677,0.499,0.996,0.878,0.824,0.626
22,2,math,19960,16.1756,1.135,16.1078,0.0,0.5709,5.935,2.7261,3.2089,1.5808,36,0.248,0.0044,0.598,0.198,0.0,0.549,0.51,0.251,0.936,0.631,0.925,0.55,0.543,0.55,0.981,0.723,0.62,0.668,0.996,0.834,0.725,0.752
22,2,news,19960,14.2487,1.0,16.1078,0.0,0.5709,5.935,2.7261,3.2089,1.5808,36,0.248,0.004,0.525,0.069,0.0,0.426,0.564,0.283,0.845,0.428,0.93,0.656,0.667,0.4,0.987,0.816,0.728,0.498,0.999,0.903,0.811,0.58
22,2,val,5988,14.2458,1.0,16.1078,0.0,0.5709,5.935,2.7261,3.2089,1.5808,36,0.248,0.0041,0.598,0.142,0.0,0.586,0.551,0.346,1.125,0.475,0.913,0.519,0.512,0.378,0.975,0.728,0.634,0.501,0.995,0.835,0.746,0.614
22,3,code,19960,12.3214,1.013,11.8095,0.0,0.4992,5.9252,3.0213,2.9038,1.5246,58,0.598,0.0042,0.651,0.066,0.0,0.337,0.538,0.501,1.468,0.094,0.883,0.728,0.753,0.119,0.947,0.835,0.836,0.186,0.984,0.888,0.885,0.277
22,3,dialogue,19960,13.7664,1.131,11.8095,0.0,0.4992,5.9252,3.0213,2.9038,1.5246,58,0.598,0.0074,0.291,0.323,0.0,0.257,0.632,0.54,0.99,0.165,0.927,0.804,0.821,0.194,0.972,0.901,0.89,0.252,0.991,0.951,0.929,0.343
22,3,fiction,19960,14.1065,1.159,11.8095,0.0,0.4992,5.9252,3.0213,2.9038,1.5246,58,0.598,0.0072,0.483,0.304,0.0,0.278,0.562,0.315,0.889,0.256,0.919,0.763,0.788,0.279,0.967,0.861,0.818,0.352,0.988,0.919,0.878,0.457
22,3,math,19960,12.4444,1.023,11.8095,0.0,0.4992,5.9252,3.0213,2.9038,1.5246,58,0.598,0.005,0.545,0.276,0.0,0.384,0.557,0.45,1.214,0.182,0.87,0.705,0.713,0.207,0.94,0.819,0.801,0.279,0.977,0.887,0.861,0.369
22,3,news,19960,12.4656,1.024,11.8095,0.0,0.4992,5.9252,3.0213,2.9038,1.5246,58,0.598,0.004,0.525,0.069,0.0,0.24,0.589,0.318,1.018,0.269,0.924,0.816,0.818,0.27,0.971,0.891,0.858,0.325,0.99,0.936,0.895,0.378
22,3,val,5988,12.1687,1.0,11.8095,0.0,0.4992,5.9252,3.0213,2.9038,1.5246,58,0.598,0.0041,0.598,0.142,0.0,0.335,0.544,0.359,1.161,0.212,0.899,0.749,0.743,0.219,0.955,0.839,0.808,0.288,0.983,0.899,0.851,0.363
22,4,code,19960,11.8704,1.04,11.3883,0.0,0.3148,5.9078,3.846,2.0618,1.6593,42,0.626,0.004,0.658,0.017,0.0,0.38,0.226,0.174,1.762,0.061,0.9,0.67,0.703,0.092,0.961,0.749,0.721,0.158,0.99,0.819,0.775,0.293
22,4,dialogue,19960,13.3496,1.169,11.3883,0.0,0.3148,5.9078,3.846,2.0618,1.6593,42,0.626,0.0044,0.483,0.125,0.0,0.283,0.306,0.225,1.508,0.104,0.953,0.741,0.781,0.088,0.988,0.829,0.81,0.135,0.998,0.887,0.848,0.235
22,4,fiction,19959,13.5965,1.191,11.3883,0.0,0.3148,5.9078,3.846,2.0618,1.6593,42,0.626,0.0038,0.584,0.017,0.0,0.223,0.24,0.131,1.242,0.101,0.957,0.767,0.819,0.091,0.987,0.848,0.832,0.143,0.997,0.891,0.859,0.239
22,4,math,19960,12.2515,1.073,11.3883,0.0,0.3148,5.9078,3.846,2.0618,1.6593,42,0.626,0.0039,0.641,0.113,0.0,0.471,0.28,0.151,1.59,0.117,0.901,0.6,0.616,0.143,0.963,0.687,0.648,0.229,0.99,0.791,0.732,0.358
22,4,news,19960,11.7003,1.025,11.3883,0.0,0.3148,5.9078,3.846,2.0618,1.6593,42,0.626,0.004,0.525,0.069,0.0,0.276,0.45,0.271,1.546,0.104,0.936,0.777,0.787,0.102,0.98,0.858,0.836,0.163,0.996,0.921,0.863,0.258
22,4,val,5988,11.4158,1.0,11.3883,0.0,0.3148,5.9078,3.846,2.0618,1.6593,42,0.626,0.0041,0.598,0.142,0.0,0.402,0.391,0.286,1.665,0.142,0.905,0.688,0.684,0.126,0.962,0.769,0.74,0.202,0.989,0.866,0.821,0.296
22,5,code,19936,11.5972,1.24,9.1485,0.0,0.3669,5.8546,3.5581,2.2964,1.3581,32,0.725,0.0439,0.679,0.4,0.0,0.124,0.134,0.072,1.448,0.168,0.984,0.829,0.892,0.234,0.995,0.9,0.9,0.364,0.999,0.919,0.908,0.546
22,5,dialogue,19960,11.0723,1.184,9.1485,0.0,0.3669,5.8546,3.5581,2.2964,1.3581,32,0.725,0.0175,0.634,0.244,0.0,0.081,0.884,0.874,1.066,0.037,0.993,0.885,0.936,0.081,0.999,0.99,0.986,0.158,1.0,0.993,0.991,0.346
22,5,fiction,19959,11.4581,1.225,9.1485,0.0,0.3669,5.8546,3.5581,2.2964,1.3581,32,0.725,0.0206,0.489,0.411,0.0,0.085,0.426,0.43,0.929,0.106,0.985,0.856,0.929,0.135,0.995,0.952,0.951,0.232,0.999,0.966,0.96,0.455
22,5,math,19955,10.8413,1.159,9.1485,0.0,0.3669,5.8546,3.5581,2.2964,1.3581,32,0.725,0.0192,0.69,0.408,0.0,0.14,0.552,0.593,1.094,0.104,0.972,0.842,0.883,0.138,0.99,0.938,0.934,0.241,0.997,0.956,0.953,0.423
22,5,news,19959,10.2501,1.096,9.1485,0.0,0.3669,5.8546,3.5581,2.2964,1.3581,32,0.725,0.017,0.833,0.507,0.0,0.149,0.566,0.4,0.754,0.141,0.974,0.825,0.87,0.187,0.993,0.921,0.917,0.336,0.998,0.961,0.953,0.567
22,5,val,5987,9.3511,1.0,9.1485,0.0,0.3669,5.8546,3.5581,2.2964,1.3581,32,0.725,0.012,0.821,0.463,0.0,0.208,0.884,0.856,1.19,0.074,0.971,0.822,0.813,0.082,0.993,0.957,0.948,0.152,0.998,0.979,0.975,0.288
22,6,code,19960,12.0944,1.141,13.5538,0.0,0.3828,5.8495,3.1758,2.6737,2.311,51,0.632,0.004,0.662,0.024,0.0,0.518,0.303,0.257,1.571,0.066,0.899,0.523,0.565,0.135,0.966,0.663,0.646,0.228,0.993,0.759,0.74,0.385
22,6,dialogue,19954,11.4397,1.079,13.5538,0.0,0.3828,5.8495,3.1758,2.6737,2.311,51,0.632,0.0055,0.391,0.244,0.0,0.318,0.378,0.455,1.192,0.078,0.969,0.682,0.731,0.113,0.993,0.811,0.847,0.186,0.999,0.889,0.887,0.328
22,6,fiction,19891,10.9627,1.034,13.5538,0.0,0.3828,5.8495,3.1758,2.6737,2.311,51,0.632,0.0072,0.49,0.292,0.0,0.214,0.348,0.179,1.243,0.043,0.979,0.74,0.816,0.065,0.995,0.866,0.845,0.14,0.999,0.911,0.907,0.317
22,6,math,19957,11.3512,1.071,13.5538,0.0,0.3828,5.8495,3.1758,2.6737,2.311,51,0.632,0.0047,0.564,0.243,0.0,0.567,0.352,0.272,1.281,0.091,0.903,0.505,0.515,0.184,0.967,0.639,0.607,0.304,0.992,0.754,0.7,0.464
22,6,news,19951,11.0684,1.044,13.5538,0.0,0.3828,5.8495,3.1758,2.6737,2.311,51,0.632,0.004,0.525,0.069,0.0,0.326,0.421,0.214,1.287,0.074,0.952,0.72,0.731,0.123,0.987,0.817,0.778,0.208,0.997,0.895,0.83,0.32
22,6,val,5984,10.5976,1.0,13.5538,0.0,0.3828,5.8495,3.1758,2.6737,2.311,51,0.632,0.0041,0.598,0.142,0.0,0.39,0.38,0.296,1.457,0.091,0.93,0.69,0.673,0.119,0.975,0.772,0.756,0.194,0.993,0.853,0.805,0.296
22,7,code,19857,11.0776,1.077,10.2757,0.0,0.3836,5.8425,3.3752,2.4673,2.0342,38,0.601,0.004,0.667,0.037,0.0,0.139,0.412,0.235,1.35,0.064,0.94,0.81,0.9,0.086,0.97,0.926,0.917,0.134,0.988,0.948,0.933,0.235
22,7,dialogue,19960,10.7881,1.049,10.2757,0.0,0.3836,5.8425,3.3752,2.4673,2.0342,38,0.601,0.0083,0.259,0.369,0.0,0.124,0.688,0.207,1.056,0.08,0.952,0.827,0.908,0.119,0.98,0.95,0.924,0.204,0.994,0.972,0.945,0.388
22,7,fiction,19960,10.963,1.066,10.2757,0.0,0.3836,5.8425,3.3752,2.4673,2.0342,38,0.601,0.0081,0.479,0.323,0.0,0.266,0.48,0.139,1.312,0.142,0.903,0.727,0.802,0.148,0.953,0.863,0.828,0.237,0.981,0.908,0.859,0.399
22,7,math,19872,10.5894,1.029,10.2757,0.0,0.3836,5.8425,3.3752,2.4673,2.0342,38,0.601,0.0052,0.524,0.303,0.0,0.244,0.598,0.261,1.095,0.123,0.912,0.774,0.821,0.16,0.96,0.891,0.859,0.237,0.986,0.936,0.897,0.361
22,7,news,19960,10.7357,1.044,10.2757,0.0,0.3836,5.8425,3.3752,2.4673,2.0342,38,0.601,0.0041,0.524,0.093,0.0,0.227,0.564,0.206,1.403,0.147,0.928,0.795,0.834,0.153,0.975,0.901,0.865,0.224,0.993,0.941,0.888,0.31
22,7,val,5988,10.2876,1.0,10.2757,0.0,0.3836,5.8425,3.3752,2.4673,2.0342,38,0.601,0.0041,0.598,0.142,0.0,0.373,0.516,0.251,1.446,0.156,0.872,0.746,0.74,0.175,0.937,0.833,0.804,0.253,0.975,0.895,0.843,0.356
22,8,code,19911,10.8306,1.139,8.8704,0.0,0.377,5.846,3.9045,1.9415,1.29,19,0.716,0.004,0.667,0.037,0.0,0.058,0.324,0.249,1.642,0.04,0.974,0.863,0.947,0.048,0.988,0.959,0.958,0.095,0.996,0.968,0.967,0.186
22,8,dialogue,19960,9.8187,1.032,8.8704,0.0,0.377,5.846,3.9045,1.9415,1.29,19,0.716,0.0076,0.281,0.339,0.0,0.083,0.496,0.244,1.364,0.049,0.96,0.868,0.935,0.088,0.981,0.955,0.95,0.162,0.993,0.973,0.961,0.298
22,8,fiction,19960,10.4036,1.094,8.8704,0.0,0.377,5.846,3.9045,1.9415,1.29,19,0.716,0.0076,0.484,0.311,0.0,0.235,0.192,0.121,1.78,0.063,0.915,0.749,0.809,0.085,0.958,0.835,0.834,0.164,0.984,0.887,0.913,0.331
22,8,math,19934,10.0793,1.06,8.8704,0.0,0.377,5.846,3.9045,1.9415,1.29,19,0.716,0.005,0.545,0.289,0.0,0.217,0.383,0.255,1.596,0.076,0.911,0.796,0.83,0.106,0.954,0.871,0.865,0.171,0.982,0.917,0.918,0.282
22,8,news,19960,10.257,1.078,8.8704,0.0,0.377,5.846,3.9045,1.9415,1.29,19,0.716,0.0043,0.558,0.099,0.0,0.41,0.249,0.105,1.72,0.146,0.883,0.704,0.725,0.15,0.953,0.77,0.757,0.237,0.985,0.865,0.881,0.358
22,8,val,5988,9.5124,1.0,8.8704,0.0,0.377,5.846,3.9045,1.9415,1.29,19,0.716,0.0041,0.598,0.142,0.0,0.271,0.437,0.314,1.842,0.103,0.892,0.792,0.793,0.122,0.944,0.852,0.851,0.183,0.979,0.91,0.893,0.267
22,9,code,19960,13.2076,1.16,15.6983,0.0,0.7571,5.9332,1.6148,4.3184,2.3889,19,0.277,0.004,0.658,0.017,0.0,0.436,0.528,0.055,0.666,0.458,0.861,0.664,0.689,0.472,0.95,0.802,0.704,0.556,0.984,0.889,0.74,0.632
22,9,dialogue,19960,13.6468,1.199,15.6983,0.0,0.7571,5.9332,1.6148,4.3184,2.3889,19,0.277,0.004,0.538,0.03,0.0,0.325,0.653,0.05,0.447,0.583,0.919,0.738,0.755,0.566,0.977,0.856,0.767,0.615,0.993,0.938,0.822,0.656
22,9,fiction,19960,13.1238,1.153,15.6983,0.0,0.7571,5.9332,1.6148,4.3184,2.3889,19,0.277,0.0046,0.656,0.134,0.0,0.283,0.711,0.06,0.413,0.576,0.928,0.758,0.781,0.59,0.98,0.888,0.79,0.646,0.994,0.957,0.814,0.698
22,9,math,19960,12.4097,1.09,15.6983,0.0,0.7571,5.9332,1.6148,4.3184,2.3889,19,0.277,0.0039,0.641,0.104,0.0,0.421,0.606,0.058,0.6,0.58,0.89,0.683,0.69,0.596,0.962,0.822,0.704,0.67,0.987,0.913,0.74,0.727
22,9,news,19960,11.9495,1.05,15.6983,0.0,0.7571,5.9332,1.6148,4.3184,2.3889,19,0.277,0.004,0.525,0.069,0.0,0.257,0.709,0.073,0.513,0.499,0.932,0.79,0.802,0.519,0.984,0.91,0.812,0.57,0.996,0.958,0.833,0.614
22,9,val,5988,11.3816,1.0,15.6983,0.0,0.7571,5.9332,1.6148,4.3184,2.3889,19,0.277,0.0041,0.598,0.142,0.0,0.369,0.644,0.061,0.594,0.5,0.905,0.715,0.714,0.52,0.967,0.845,0.729,0.599,0.988,0.923,0.76,0.653
22,10,code,19902,11.837,1.042,10.6715,0.0,0.3592,5.8579,3.3522,2.5056,2.1155,22,0.614,0.004,0.667,0.037,0.0,0.112,0.448,0.3,1.356,0.059,0.962,0.833,0.912,0.068,0.983,0.943,0.936,0.117,0.994,0.959,0.939,0.212
22,10,dialogue,19960,11.6657,1.027,10.6715,0.0,0.3592,5.8579,3.3522,2.5056,2.1155,22,0.614,0.0079,0.272,0.351,0.0,0.077,0.62,0.332,1.146,0.06,0.979,0.868,0.939,0.074,0.992,0.97,0.96,0.151,0.997,0.981,0.962,0.335
22,10,fiction,19960,12.4907,1.099,10.6715,0.0,0.3592,5.8579,3.3522,2.5056,2.1155,22,0.614,0.0079,0.475,0.314,0.0,0.191,0.424,0.348,1.294,0.081,0.942,0.78,0.847,0.098,0.975,0.899,0.897,0.178,0.991,0.923,0.9,0.341
22,10,math,19957,11.0627,0.974,10.6715,0.0,0.3592,5.8579,3.3522,2.5056,2.1155,22,0.614,0.0052,0.529,0.297,0.0,0.234,0.563,0.494,1.229,0.101,0.937,0.79,0.819,0.128,0.974,0.902,0.897,0.204,0.991,0.932,0.903,0.33
22,10,news,19960,11.9854,1.055,10.6715,0.0,0.3592,5.8579,3.3522,2.5056,2.1155,22,0.614,0.004,0.531,0.08,0.0,0.254,0.586,0.251,1.405,0.161,0.942,0.795,0.808,0.186,0.983,0.899,0.856,0.263,0.995,0.937,0.863,0.336
22,10,val,5988,11.3622,1.0,10.6715,0.0,0.3592,5.8579,3.3522,2.5056,2.1155,22,0.614,0.0041,0.598,0.142,0.0,0.381,0.427,0.307,1.558,0.143,0.875,0.723,0.714,0.15,0.941,0.804,0.792,0.225,0.978,0.864,0.826,0.317
22,11,code,19960,10.9436,1.095,9.5863,0.0,0.4565,5.8466,3.1418,2.7047,1.6943,36,0.722,0.004,0.667,0.037,0.0,0.096,0.266,0.128,1.107,0.073,0.966,0.878,0.919,0.091,0.985,0.914,0.927,0.129,0.995,0.954,0.95,0.205
22,11,dialogue,19960,10.5032,1.051,9.5863,0.0,0.4565,5.8466,3.1418,2.7047,1.6943,36,0.722,0.0082,0.262,0.362,0.0,0.1,0.213,0.09,0.939,0.041,0.988,0.877,0.917,0.076,0.997,0.915,0.922,0.138,0.999,0.946,0.956,0.297
22,11,fiction,19960,11.0431,1.105,9.5863,0.0,0.4565,5.8466,3.1418,2.7047,1.6943,36,0.722,0.0079,0.468,0.321,0.0,0.55,0.122,0.067,1.049,0.08,0.943,0.47,0.512,0.143,0.985,0.534,0.543,0.285,0.997,0.636,0.581,0.5
22,11,math,19959,10.4569,1.046,9.5863,0.0,0.4565,5.8466,3.1418,2.7047,1.6943,36,0.722,0.0052,0.514,0.298,0.0,0.167,0.384,0.345,0.976,0.084,0.954,0.853,0.87,0.107,0.981,0.898,0.909,0.174,0.994,0.943,0.938,0.281
22,11,news,19960,10.5548,1.056,9.5863,0.0,0.4565,5.8466,3.1418,2.7047,1.6943,36,0.722,0.004,0.531,0.08,0.0,0.235,0.367,0.145,1.046,0.14,0.942,0.815,0.821,0.138,0.98,0.863,0.844,0.201,0.994,0.926,0.913,0.288
22,11,val,5988,9.9973,1.0,9.5863,0.0,0.4565,5.8466,3.1418,2.7047,1.6943,36,0.722,0.0041,0.598,0.142,0.0,0.326,0.482,0.429,1.247,0.113,0.905,0.755,0.754,0.111,0.957,0.832,0.807,0.172,0.984,0.901,0.889,0.274
22,12,code,19960,12.7648,1.236,18.3667,0.0,0.8535,5.9687,0.9219,5.0468,4.2464,25,0.022,0.019,0.509,0.103,0.0,0.27,0.815,0.061,0.176,0.87,0.942,0.866,0.793,0.877,0.975,0.937,0.802,0.907,0.991,0.969,0.818,0.929
22,12,dialogue,19960,11.0123,1.066,18.3667,0.0,0.8535,5.9687,0.9219,5.0468,4.2464,25,0.022,0.0194,0.261,0.102,0.0,0.338,0.922,0.056,0.162,0.825,0.93,0.887,0.761,0.889,0.971,0.945,0.771,0.927,0.991,0.977,0.788,0.949
22,12,fiction,19960,11.8612,1.149,18.3667,0.0,0.8535,5.9687,0.9219,5.0468,4.2464,25,0.022,0.0184,0.196,0.101,0.0,0.476,0.907,0.057,0.187,0.721,0.892,0.849,0.691,0.849,0.956,0.919,0.704,0.922,0.987,0.965,0.725,0.952
22,12,math,19960,11.4107,1.105,18.3667,0.0,0.8535,5.9687,0.9219,5.0468,4.2464,25,0.022,0.0185,0.262,0.101,0.0,0.285,0.896,0.06,0.167,0.852,0.941,0.897,0.797,0.901,0.976,0.952,0.806,0.934,0.992,0.979,0.821,0.951
22,12,news,19960,10.7231,1.038,18.3667,0.0,0.8535,5.9687,0.9219,5.0468,4.2464,25,0.022,0.019,0.155,0.101,0.0,0.37,0.936,0.055,0.183,0.793,0.931,0.891,0.745,0.895,0.977,0.954,0.757,0.945,0.992,0.982,0.774,0.962
22,12,val,5988,10.3258,1.0,18.3667,0.0,0.8535,5.9687,0.9219,5.0468,4.2464,25,0.022,0.0194,0.224,0.101,0.0,0.426,0.857,0.067,0.188,0.767,0.888,0.841,0.718,0.846,0.947,0.909,0.732,0.9,0.98,0.957,0.756,0.939
22,13,code,19816,12.1497,1.296,11.8322,0.0,0.2955,5.7538,3.7296,2.0242,1.6803,18,0.688,0.004,0.662,0.024,0.0,0.061,0.245,0.26,0.979,0.049,0.987,0.849,0.947,0.053,0.996,0.958,0.96,0.094,0.999,0.968,0.964,0.16
22,13,dialogue,19960,11.3743,1.213,11.8322,0.0,0.2955,5.7538,3.7296,2.0242,1.6803,18,0.688,0.0059,0.364,0.249,0.0,0.165,0.515,0.454,0.915,0.05,0.939,0.81,0.871,0.078,0.97,0.913,0.907,0.132,0.99,0.957,0.955,0.233
22,13,fiction,19960,11.944,1.274,11.8322,0.0,0.2955,5.7538,3.7296,2.0242,1.6803,18,0.688,0.0082,0.537,0.289,0.0,0.229,0.551,0.689,1.06,0.06,0.938,0.753,0.812,0.067,0.973,0.886,0.886,0.123,0.993,0.925,0.938,0.237
22,13,math,19918,11.0386,1.177,11.8322,0.0,0.2955,5.7538,3.7296,2.0242,1.6803,18,0.688,0.0049,0.571,0.29,0.0,0.257,0.514,0.55,0.941,0.07,0.92,0.742,0.782,0.095,0.963,0.862,0.86,0.155,0.989,0.922,0.93,0.261
22,13,news,19960,9.9662,1.063,11.8322,0.0,0.2955,5.7538,3.7296,2.0242,1.6803,18,0.688,0.004,0.525,0.069,0.0,0.158,0.772,0.75,0.922,0.068,0.97,0.827,0.868,0.067,0.99,0.949,0.941,0.117,0.997,0.977,0.968,0.207
22,13,val,5988,9.376,1.0,11.8322,0.0,0.2955,5.7538,3.7296,2.0242,1.6803,18,0.688,0.0041,0.598,0.142,0.0,0.369,0.807,0.753,1.109,0.096,0.913,0.685,0.684,0.078,0.968,0.871,0.84,0.139,0.992,0.955,0.945,0.258
22,14,code,19960,11.1689,1.36,8.0816,0.0,0.2761,5.8566,4.4404,1.4163,1.0335,29,0.788,0.004,0.667,0.037,0.0,0.285,0.192,0.109,1.282,0.131,0.93,0.69,0.771,0.158,0.977,0.798,0.797,0.237,0.995,0.849,0.813,0.34
22,14,dialogue,19960,9.5676,1.165,8.0816,0.0,0.2761,5.8566,4.4404,1.4163,1.0335,29,0.788,0.0072,0.301,0.308,0.0,0.114,0.555,0.571,1.363,0.05,0.973,0.819,0.921,0.057,0.994,0.948,0.954,0.102,0.999,0.972,0.969,0.18
22,14,fiction,19960,10.1043,1.231,8.0816,0.0,0.2761,5.8566,4.4404,1.4163,1.0335,29,0.788,0.0062,0.496,0.271,0.0,0.163,0.481,0.488,1.573,0.032,0.973,0.706,0.859,0.063,0.992,0.902,0.885,0.11,0.998,0.93,0.926,0.214
22,14,math,19960,9.6321,1.173,8.0816,0.0,0.2761,5.8566,4.4404,1.4163,1.0335,29,0.788,0.0048,0.557,0.276,0.0,0.28,0.517,0.505,1.406,0.083,0.92,0.719,0.78,0.102,0.967,0.852,0.839,0.16,0.99,0.91,0.898,0.253
22,14,news,19960,9.0634,1.104,8.0816,0.0,0.2761,5.8566,4.4404,1.4163,1.0335,29,0.788,0.004,0.525,0.069,0.0,0.139,0.566,0.57,1.438,0.044,0.963,0.804,0.884,0.052,0.986,0.93,0.919,0.09,0.995,0.962,0.966,0.154
22,14,val,5988,8.2101,1.0,8.0816,0.0,0.2761,5.8566,4.4404,1.4163,1.0335,29,0.788,0.0041,0.598,0.142,0.0,0.17,0.827,0.753,1.565,0.057,0.95,0.844,0.846,0.062,0.977,0.93,0.915,0.101,0.992,0.967,0.961,0.163
22,15,code,19960,11.649,1.082,12.4153,0.0,0.8068,5.9251,1.2988,4.6264,2.6176,55,0.611,0.004,0.667,0.037,0.0,0.099,0.542,0.145,0.445,0.114,0.975,0.904,0.921,0.124,0.993,0.951,0.931,0.177,0.998,0.974,0.952,0.243
22,15,dialogue,19960,12.0634,1.121,12.4153,0.0,0.8068,5.9251,1.2988,4.6264,2.6176,55,0.611,0.0082,0.262,0.357,0.0,0.199,0.671,0.131,0.25,0.383,0.943,0.838,0.843,0.428,0.98,0.927,0.858,0.492,0.992,0.96,0.872,0.585
22,15,fiction,19960,12.2953,1.142,12.4153,0.0,0.8068,5.9251,1.2988,4.6264,2.6176,55,0.611,0.0077,0.481,0.311,0.0,0.227,0.678,0.092,0.355,0.401,0.941,0.811,0.819,0.46,0.98,0.916,0.833,0.53,0.992,0.955,0.849,0.616
22,15,math,19960,11.3432,1.054,12.4153,0.0,0.8068,5.9251,1.2988,4.6264,2.6176,55,0.611,0.0053,0.519,0.314,0.0,0.225,0.576,0.146,0.341,0.291,0.941,0.819,0.824,0.327,0.979,0.901,0.844,0.394,0.993,0.946,0.867,0.467
22,15,news,19960,10.8406,1.007,12.4153,0.0,0.8068,5.9251,1.2988,4.6264,2.6176,55,0.611,0.004,0.531,0.08,0.0,0.178,0.725,0.148,0.281,0.29,0.954,0.857,0.855,0.333,0.988,0.938,0.874,0.389,0.997,0.976,0.887,0.441
22,15,val,5988,10.7644,1.0,12.4153,0.0,0.8068,5.9251,1.2988,4.6264,2.6176,55,0.611,0.0041,0.598,0.142,0.0,0.224,0.664,0.193,0.432,0.25,0.948,0.829,0.825,0.285,0.983,0.912,0.854,0.351,0.994,0.961,0.891,0.416
23,0,code,19960,14.3352,1.103,19.3094,0.0,0.7341,5.9445,1.5035,4.441,3.2068,63,0.295,0.004,0.658,0.017,0.0,0.464,0.663,0.194,0.781,0.405,0.901,0.613,0.643,0.437,0.975,0.826,0.708,0.536,0.996,0.93,0.802,0.6
23,0,dialogue,19960,15.1773,1.168,19.3094,0.0,0.7341,5.9445,1.5035,4.441,3.2068,63,0.295,0.004,0.538,0.03,0.0,0.259,0.698,0.188,0.47,0.488,0.95,0.778,0.798,0.492,0.989,0.91,0.831,0.55,0.998,0.969,0.866,0.585
23,0,fiction,19960,14.1145,1.086,19.3094,0.0,0.7341,5.9445,1.5035,4.441,3.2068,63,0.295,0.0038,0.584,0.017,0.0,0.218,0.709,0.149,0.415,0.517,0.96,0.798,0.821,0.523,0.991,0.922,0.844,0.576,0.998,0.977,0.867,0.613
23,0,math,19960,13.6026,1.047,19.3094,0.0,0.7341,5.9445,1.5035,4.441,3.2068,63,0.295,0.0038,0.649,0.104,0.0,0.398,0.684,0.203,0.586,0.531,0.921,0.688,0.692,0.553,0.979,0.854,0.747,0.63,0.996,0.944,0.808,0.68
23,0,news,19960,13.0989,1.008,19.3094,0.0,0.7341,5.9445,1.5035,4.441,3.2068,63,0.295,0.004,0.525,0.069,0.0,0.233,0.768,0.146,0.463,0.506,0.962,0.81,0.816,0.524,0.994,0.933,0.838,0.572,0.999,0.984,0.861,0.609
23,0,val,5988,12.995,1.0,19.3094,0.0,0.7341,5.9445,1.5035,4.441,3.2068,63,0.295,0.0041,0.598,0.142,0.0,0.34,0.75,0.166,0.501,0.476,0.937,0.738,0.734,0.513,0.983,0.894,0.774,0.588,0.996,0.968,0.81,0.645
23,1,code,19960,12.3158,1.373,9.6665,0.0,0.2297,5.8428,4.2505,1.5923,1.2913,53,0.438,0.004,0.667,0.041,0.0,0.492,0.191,0.175,2.455,0.133,0.793,0.594,0.624,0.136,0.885,0.667,0.673,0.207,0.954,0.728,0.705,0.305
23,1,dialogue,19960,10.4558,1.166,9.6665,0.0,0.2297,5.8428,4.2505,1.5923,1.2913,53,0.438,0.0062,0.347,0.226,0.0,0.173,0.373,0.203,2.339,0.093,0.964,0.82,0.855,0.062,0.986,0.87,0.877,0.119,0.996,0.919,0.928,0.21
23,1,fiction,19960,10.3376,1.153,9.6665,0.0,0.2297,5.8428,4.2505,1.5923,1.2913,53,0.438,0.0068,0.519,0.244,0.0,0.23,0.241,0.21,2.16,0.071,0.915,0.753,0.815,0.074,0.958,0.814,0.844,0.121,0.986,0.882,0.881,0.224
23,1,math,19960,10.8867,1.214,9.6665,0.0,0.2297,5.8428,4.2505,1.5923,1.2913,53,0.438,0.0046,0.57,0.223,0.0,0.411,0.275,0.283,2.314,0.146,0.848,0.643,0.662,0.122,0.917,0.719,0.736,0.188,0.968,0.788,0.784,0.289
23,1,news,19960,9.912,1.105,9.6665,0.0,0.2297,5.8428,4.2505,1.5923,1.2913,53,0.438,0.004,0.525,0.069,0.0,0.43,0.252,0.187,2.215,0.191,0.845,0.649,0.673,0.13,0.914,0.731,0.735,0.196,0.963,0.791,0.763,0.292
23,1,val,5988,8.9689,1.0,9.6665,0.0,0.2297,5.8428,4.2505,1.5923,1.2913,53,0.438,0.0041,0.598,0.142,0.0,0.588,0.402,0.201,2.286,0.165,0.778,0.544,0.545,0.15,0.879,0.666,0.62,0.233,0.95,0.768,0.727,0.342
23,2,code,19960,18.6622,1.123,19.941,0.0,0.6036,5.9627,2.298,3.6648,2.512,16,0.408,0.0306,0.773,0.048,0.0,0.372,0.632,0.354,1.114,0.337,0.944,0.712,0.71,0.367,0.991,0.854,0.781,0.475,0.999,0.926,0.869,0.571
23,2,dialogue,19960,20.6961,1.245,19.941,0.0,0.6036,5.9627,2.298,3.6648,2.512,16,0.408,0.0297,0.71,0.049,0.0,0.329,0.631,0.401,0.727,0.303,0.963,0.73,0.728,0.368,0.994,0.88,0.811,0.469,0.999,0.924,0.883,0.53
23,2,fiction,19960,18.3737,1.105,19.941,0.0,0.6036,5.9627,2.298,3.6648,2.512,16,0.408,0.0259,0.463,0.068,0.0,0.3,0.77,0.355,0.621,0.354,0.966,0.75,0.748,0.435,0.996,0.908,0.809,0.556,1.0,0.967,0.887,0.643
23,2,math,19960,18.4877,1.112,19.941,0.0,0.6036,5.9627,2.298,3.6648,2.512,16,0.408,0.0292,0.503,0.063,0.0,0.384,0.64,0.319,0.828,0.496,0.955,0.685,0.682,0.516,0.993,0.844,0.753,0.622,0.999,0.925,0.838,0.706
23,2,news,19960,16.8501,1.014,19.941,0.0,0.6036,5.9627,2.298,3.6648,2.512,16,0.408,0.0208,0.489,0.063,0.0,0.238,0.663,0.226,0.75,0.37,0.971,0.809,0.806,0.392,0.997,0.913,0.836,0.48,1.0,0.959,0.879,0.547
23,2,val,5988,16.6227,1.0,19.941,0.0,0.6036,5.9627,2.298,3.6648,2.512,16,0.408,0.0248,0.464,0.057,0.0,0.362,0.674,0.285,0.871,0.368,0.954,0.709,0.706,0.369,0.993,0.86,0.77,0.489,0.999,0.939,0.831,0.578
23,3,code,19960,12.5578,1.197,14.93,0.0,0.5373,5.9637,2.5541,3.4096,2.6057,42,0.497,0.004,0.658,0.017,0.0,0.215,0.395,0.201,1.065,0.167,0.937,0.78,0.827,0.197,0.98,0.875,0.847,0.264,0.995,0.927,0.87,0.327
23,3,dialogue,19960,13.1836,1.257,14.93,0.0,0.5373,5.9637,2.5541,3.4096,2.6057,42,0.497,0.004,0.538,0.03,0.0,0.272,0.62,0.22,0.621,0.331,0.946,0.768,0.786,0.392,0.984,0.892,0.812,0.454,0.996,0.95,0.844,0.489
23,3,fiction,19960,12.4932,1.191,14.93,0.0,0.5373,5.9637,2.5541,3.4096,2.6057,42,0.497,0.0038,0.584,0.017,0.0,0.275,0.678,0.11,0.786,0.245,0.938,0.756,0.783,0.296,0.983,0.9,0.801,0.383,0.996,0.959,0.828,0.448
23,3,math,19960,11.7222,1.117,14.93,0.0,0.5373,5.9637,2.5541,3.4096,2.6057,42,0.497,0.0038,0.649,0.104,0.0,0.356,0.607,0.272,0.923,0.248,0.918,0.716,0.723,0.302,0.975,0.851,0.775,0.402,0.994,0.934,0.817,0.472
23,3,news,19960,11.111,1.059,14.93,0.0,0.5373,5.9637,2.5541,3.4096,2.6057,42,0.497,0.004,0.525,0.069,0.0,0.351,0.67,0.256,0.992,0.247,0.925,0.72,0.725,0.284,0.982,0.872,0.78,0.392,0.997,0.957,0.819,0.463
23,3,val,5988,10.4913,1.0,14.93,0.0,0.5373,5.9637,2.5541,3.4096,2.6057,42,0.497,0.0041,0.598,0.142,0.0,0.404,0.65,0.354,1.057,0.211,0.911,0.687,0.682,0.256,0.972,0.835,0.771,0.378,0.993,0.944,0.816,0.473
23,4,code,19933,16.0645,0.999,20.3251,0.0,0.5467,5.8971,2.7038,3.1933,1.99,59,0.555,0.0041,0.671,0.016,0.0,0.346,0.642,0.25,1.537,0.081,0.969,0.678,0.696,0.178,0.997,0.84,0.77,0.269,1.0,0.951,0.939,0.373
23,4,dialogue,19951,18.4464,1.147,20.3251,0.0,0.5467,5.8971,2.7038,3.1933,1.99,59,0.555,0.004,0.538,0.03,0.0,0.616,0.634,0.237,1.067,0.214,0.966,0.436,0.433,0.367,0.995,0.718,0.551,0.545,1.0,0.883,0.779,0.667
23,4,fiction,19886,17.5439,1.091,20.3251,0.0,0.5467,5.8971,2.7038,3.1933,1.99,59,0.555,0.0038,0.584,0.017,0.0,0.645,0.689,0.158,0.831,0.222,0.955,0.399,0.406,0.352,0.992,0.729,0.47,0.556,0.999,0.905,0.726,0.697
23,4,math,19859,17.1267,1.065,20.3251,0.0,0.5467,5.8971,2.7038,3.1933,1.99,59,0.555,0.0039,0.641,0.104,0.0,0.533,0.572,0.203,1.113,0.174,0.947,0.521,0.525,0.302,0.988,0.735,0.599,0.442,0.998,0.883,0.756,0.573
23,4,news,19872,16.9531,1.054,20.3251,0.0,0.5467,5.8971,2.7038,3.1933,1.99,59,0.555,0.004,0.525,0.069,0.0,0.247,0.673,0.198,0.524,0.151,0.982,0.776,0.783,0.199,0.998,0.903,0.813,0.296,1.0,0.965,0.855,0.38
23,4,val,5945,16.0821,1.0,20.3251,0.0,0.5467,5.8971,2.7038,3.1933,1.99,59,0.555,0.0041,0.598,0.142,0.0,0.427,0.65,0.222,0.914,0.136,0.961,0.615,0.613,0.192,0.993,0.811,0.673,0.323,0.999,0.93,0.804,0.445
23,5,code,19937,19.8554,1.012,23.0522,0.0,0.3659,5.9069,3.9524,1.9545,1.1524,41,0.311,0.0057,0.702,0.216,0.0,0.412,0.196,0.25,1.971,0.156,0.954,0.552,0.629,0.159,0.99,0.682,0.717,0.236,0.999,0.752,0.723,0.339
23,5,dialogue,19945,21.7941,1.111,23.0522,0.0,0.3659,5.9069,3.9524,1.9545,1.1524,41,0.311,0.004,0.531,0.038,0.0,0.702,0.445,0.171,1.527,0.296,0.961,0.351,0.339,0.379,0.994,0.572,0.415,0.549,1.0,0.751,0.6,0.684
23,5,fiction,19791,21.8,1.111,23.0522,0.0,0.3659,5.9069,3.9524,1.9545,1.1524,41,0.311,0.0047,0.532,0.174,0.0,0.583,0.537,0.198,1.374,0.335,0.975,0.452,0.451,0.38,0.997,0.686,0.501,0.538,1.0,0.842,0.732,0.684
23,5,math,19877,21.173,1.079,23.0522,0.0,0.3659,5.9069,3.9524,1.9545,1.1524,41,0.311,0.0042,0.627,0.18,0.0,0.611,0.324,0.183,1.527,0.312,0.945,0.424,0.436,0.336,0.987,0.567,0.516,0.469,0.998,0.708,0.589,0.613
23,5,news,19845,20.5441,1.047,23.0522,0.0,0.3659,5.9069,3.9524,1.9545,1.1524,41,0.311,0.004,0.525,0.069,0.0,0.39,0.506,0.171,1.197,0.316,0.982,0.614,0.647,0.329,0.998,0.772,0.682,0.448,1.0,0.877,0.746,0.547
23,5,val,5918,19.6163,1.0,23.0522,0.0,0.3659,5.9069,3.9524,1.9545,1.1524,41,0.311,0.0041,0.598,0.142,0.0,0.523,0.562,0.308,1.559,0.268,0.968,0.52,0.514,0.267,0.995,0.736,0.602,0.398,0.999,0.855,0.785,0.527
23,6,code,19960,13.4305,1.161,12.4741,0.0,0.4851,5.8948,3.0808,2.814,1.7156,42,0.782,0.004,0.662,0.035,0.0,0.343,0.486,0.141,1.381,0.202,0.914,0.681,0.717,0.157,0.964,0.799,0.75,0.231,0.989,0.884,0.786,0.319
23,6,dialogue,19960,13.9034,1.202,12.4741,0.0,0.4851,5.8948,3.0808,2.814,1.7156,42,0.782,0.004,0.538,0.03,0.0,0.214,0.271,0.151,0.888,0.147,0.955,0.797,0.822,0.099,0.981,0.853,0.839,0.144,0.994,0.896,0.872,0.226
23,6,fiction,19960,13.89,1.201,12.4741,0.0,0.4851,5.8948,3.0808,2.814,1.7156,42,0.782,0.0038,0.584,0.017,0.0,0.205,0.412,0.35,1.142,0.127,0.949,0.787,0.816,0.111,0.976,0.868,0.868,0.141,0.992,0.912,0.892,0.208
23,6,math,19960,12.7353,1.101,12.4741,0.0,0.4851,5.8948,3.0808,2.814,1.7156,42,0.782,0.0038,0.649,0.104,0.0,0.271,0.536,0.357,1.139,0.141,0.924,0.751,0.769,0.124,0.967,0.858,0.836,0.179,0.99,0.921,0.878,0.271
23,6,news,19959,12.3068,1.064,12.4741,0.0,0.4851,5.8948,3.0808,2.814,1.7156,42,0.782,0.004,0.531,0.086,0.0,0.175,0.498,0.324,1.052,0.147,0.955,0.846,0.858,0.115,0.98,0.909,0.893,0.153,0.993,0.944,0.921,0.228
23,6,val,5988,11.5667,1.0,12.4741,0.0,0.4851,5.8948,3.0808,2.814,1.7156,42,0.782,0.0041,0.598,0.142,0.0,0.166,0.604,0.476,1.135,0.08,0.947,0.854,0.855,0.076,0.976,0.919,0.907,0.116,0.993,0.958,0.953,0.196
23,7,code,19876,11.9901,1.153,9.6088,0.0,0.4024,5.8896,4.047,1.8426,0.8828,56,0.663,0.004,0.662,0.024,0.0,0.154,0.247,0.275,1.856,0.079,0.935,0.892,0.892,0.091,0.967,0.912,0.92,0.129,0.988,0.926,0.92,0.205
23,7,dialogue,19960,11.133,1.071,9.6088,0.0,0.4024,5.8896,4.047,1.8426,0.8828,56,0.663,0.0056,0.381,0.215,0.0,0.075,0.435,0.251,1.26,0.06,0.966,0.948,0.949,0.085,0.983,0.963,0.962,0.12,0.994,0.973,0.964,0.22
23,7,fiction,19960,11.4163,1.098,9.6088,0.0,0.4024,5.8896,4.047,1.8426,0.8828,56,0.663,0.0072,0.503,0.278,0.0,0.283,0.312,0.331,1.357,0.13,0.88,0.794,0.794,0.146,0.935,0.834,0.846,0.218,0.975,0.878,0.85,0.36
23,7,math,19919,11.3948,1.096,9.6088,0.0,0.4024,5.8896,4.047,1.8426,0.8828,56,0.663,0.0048,0.567,0.27,0.0,0.234,0.356,0.352,1.607,0.104,0.911,0.818,0.819,0.127,0.954,0.866,0.878,0.183,0.983,0.895,0.884,0.276
23,7,news,19960,10.8308,1.042,9.6088,0.0,0.4024,5.8896,4.047,1.8426,0.8828,56,0.663,0.004,0.525,0.069,0.0,0.232,0.29,0.202,1.897,0.165,0.917,0.832,0.836,0.141,0.96,0.873,0.87,0.187,0.984,0.9,0.88,0.252
23,7,val,5988,10.3978,1.0,9.6088,0.0,0.4024,5.8896,4.047,1.8426,0.8828,56,0.663,0.0041,0.598,0.142,0.0,0.335,0.383,0.217,1.885,0.184,0.889,0.749,0.754,0.156,0.943,0.82,0.803,0.221,0.978,0.872,0.838,0.301
23,8,code,19705,9.3878,1.173,8.7863,0.0,0.1912,5.8312,4.2313,1.5999,1.4027,17,0.57,0.004,0.658,0.017,0.0,0.041,0.468,0.363,1.525,0.027,0.988,0.87,0.968,0.027,0.995,0.979,0.979,0.055,0.998,0.983,0.983,0.177
23,8,dialogue,19959,10.1834,1.273,8.7863,0.0,0.1912,5.8312,4.2313,1.5999,1.4027,17,0.57,0.0042,0.506,0.061,0.0,0.361,0.666,0.581,1.622,0.047,0.868,0.727,0.757,0.074,0.938,0.853,0.867,0.127,0.977,0.918,0.93,0.205
23,8,fiction,19956,9.8156,1.227,8.7863,0.0,0.1912,5.8312,4.2313,1.5999,1.4027,17,0.57,0.0061,0.467,0.165,0.0,0.71,0.567,0.439,1.615,0.066,0.707,0.43,0.447,0.103,0.84,0.616,0.634,0.181,0.933,0.78,0.8,0.327
23,8,math,19842,9.146,1.143,8.7863,0.0,0.1912,5.8312,4.2313,1.5999,1.4027,17,0.57,0.004,0.646,0.112,0.0,0.426,0.568,0.491,1.556,0.058,0.859,0.629,0.661,0.077,0.929,0.786,0.791,0.135,0.973,0.879,0.89,0.246
23,8,news,19950,8.7585,1.094,8.7863,0.0,0.1912,5.8312,4.2313,1.5999,1.4027,17,0.57,0.004,0.525,0.069,0.0,0.19,0.549,0.386,1.38,0.052,0.931,0.831,0.861,0.053,0.964,0.914,0.91,0.091,0.985,0.947,0.941,0.167
23,8,val,5983,8.0025,1.0,8.7863,0.0,0.1912,5.8312,4.2313,1.5999,1.4027,17,0.57,0.0041,0.598,0.142,0.0,0.507,0.461,0.352,1.618,0.073,0.796,0.606,0.608,0.088,0.886,0.72,0.688,0.151,0.953,0.831,0.818,0.251
23,9,code,19960,17.3126,1.118,19.4197,0.0,0.7609,5.9722,1.6571,4.3151,2.0828,34,0.065,0.0077,0.818,0.371,0.0,0.286,0.58,0.049,0.673,0.931,0.976,0.794,0.753,0.82,0.993,0.865,0.759,0.864,0.998,0.921,0.773,0.896
23,9,dialogue,19960,17.5395,1.132,19.4197,0.0,0.7609,5.9722,1.6571,4.3151,2.0828,34,0.065,0.025,0.924,0.394,0.0,0.256,0.581,0.045,0.719,0.927,0.979,0.795,0.775,0.794,0.994,0.873,0.781,0.845,0.998,0.923,0.792,0.887
23,9,fiction,19960,16.6113,1.072,19.4197,0.0,0.7609,5.9722,1.6571,4.3151,2.0828,34,0.065,0.0372,0.762,0.471,0.0,0.17,0.665,0.062,0.581,0.945,0.984,0.869,0.858,0.878,0.996,0.941,0.863,0.904,0.999,0.955,0.871,0.926
23,9,math,19960,16.7842,1.083,19.4197,0.0,0.7609,5.9722,1.6571,4.3151,2.0828,34,0.065,0.0372,0.913,0.499,0.0,0.214,0.597,0.049,0.682,0.955,0.99,0.839,0.815,0.849,0.998,0.905,0.82,0.883,0.999,0.939,0.829,0.91
23,9,news,19960,15.4825,0.999,19.4197,0.0,0.7609,5.9722,1.6571,4.3151,2.0828,34,0.065,0.0404,0.948,0.5,0.0,0.177,0.673,0.065,0.631,0.934,0.986,0.861,0.854,0.874,0.998,0.939,0.859,0.907,0.999,0.957,0.868,0.93
23,9,val,5988,15.4907,1.0,19.4197,0.0,0.7609,5.9722,1.6571,4.3151,2.0828,34,0.065,0.0319,0.948,0.478,0.0,0.223,0.602,0.049,0.717,0.919,0.983,0.823,0.815,0.844,0.996,0.904,0.82,0.884,0.999,0.935,0.831,0.92
23,10,code,19960,15.185,1.105,19.3034,0.0,0.7273,5.9558,1.9484,4.0074,1.8251,3,0.067,0.0087,1.0,0.238,0.0,0.586,0.654,0.317,0.55,0.551,0.921,0.612,0.494,0.631,0.973,0.777,0.638,0.735,0.994,0.87,0.678,0.81
23,10,dialogue,19960,15.5022,1.128,19.3034,0.0,0.7273,5.9558,1.9484,4.0074,1.8251,3,0.067,0.0214,1.0,0.213,0.0,0.379,0.722,0.206,0.313,0.732,0.958,0.79,0.681,0.82,0.988,0.887,0.743,0.881,0.997,0.949,0.765,0.907
23,10,fiction,19960,15.4875,1.127,19.3034,0.0,0.7273,5.9558,1.9484,4.0074,1.8251,3,0.067,0.0182,0.852,0.241,0.0,0.332,0.798,0.33,0.395,0.777,0.967,0.796,0.728,0.83,0.993,0.916,0.813,0.895,0.999,0.964,0.83,0.922
23,10,math,19960,14.5262,1.057,19.3034,0.0,0.7273,5.9558,1.9484,4.0074,1.8251,3,0.067,0.0202,0.978,0.268,0.0,0.398,0.705,0.257,0.469,0.724,0.953,0.765,0.672,0.797,0.988,0.875,0.749,0.873,0.998,0.936,0.773,0.919
23,10,news,19960,14.1943,1.033,19.3034,0.0,0.7273,5.9558,1.9484,4.0074,1.8251,3,0.067,0.0214,0.995,0.304,0.0,0.411,0.774,0.411,0.535,0.721,0.955,0.748,0.666,0.771,0.992,0.895,0.793,0.841,0.999,0.943,0.811,0.876
23,10,val,5988,13.7423,1.0,19.3034,0.0,0.7273,5.9558,1.9484,4.0074,1.8251,3,0.067,0.0174,0.997,0.248,0.0,0.447,0.741,0.401,0.636,0.673,0.943,0.696,0.631,0.721,0.985,0.86,0.765,0.818,0.997,0.917,0.789,0.868
23,11,code,19960,13.5651,1.263,12.4735,0.0,0.7295,5.9786,1.7414,4.2372,2.923,19,0.566,0.0176,0.473,0.021,0.0,0.251,0.628,0.079,0.727,0.148,0.919,0.78,0.793,0.194,0.964,0.886,0.808,0.286,0.986,0.935,0.827,0.377
23,11,dialogue,19960,11.8592,1.104,12.4735,0.0,0.7295,5.9786,1.7414,4.2372,2.923,19,0.566,0.0228,0.292,0.032,0.0,0.292,0.711,0.082,0.352,0.139,0.853,0.791,0.805,0.21,0.917,0.881,0.826,0.281,0.958,0.922,0.85,0.381
23,11,fiction,19960,11.6148,1.081,12.4735,0.0,0.7295,5.9786,1.7414,4.2372,2.923,19,0.566,0.0244,0.234,0.061,0.0,0.566,0.757,0.079,0.433,0.203,0.756,0.662,0.672,0.293,0.859,0.805,0.703,0.403,0.926,0.876,0.745,0.526
23,11,math,19960,12.01,1.118,12.4735,0.0,0.7295,5.9786,1.7414,4.2372,2.923,19,0.566,0.02,0.323,0.032,0.0,0.429,0.633,0.105,0.515,0.205,0.814,0.695,0.701,0.27,0.896,0.81,0.73,0.36,0.95,0.875,0.772,0.459
23,11,news,19960,11.0916,1.032,12.4735,0.0,0.7295,5.9786,1.7414,4.2372,2.923,19,0.566,0.0201,0.219,0.022,0.0,0.165,0.719,0.157,0.538,0.142,0.908,0.857,0.862,0.174,0.955,0.924,0.88,0.245,0.979,0.954,0.897,0.326
23,11,val,5988,10.7431,1.0,12.4735,0.0,0.7295,5.9786,1.7414,4.2372,2.923,19,0.566,0.0211,0.256,0.025,0.0,0.397,0.665,0.145,0.593,0.179,0.821,0.74,0.74,0.228,0.897,0.838,0.773,0.31,0.949,0.901,0.815,0.409
23,12,code,19541,9.4946,1.205,9.3642,0.0,0.1918,5.8396,4.2341,1.6055,1.4118,30,0.683,0.004,0.658,0.017,0.0,0.024,0.426,0.422,1.74,0.021,0.994,0.977,0.982,0.022,0.997,0.988,0.988,0.051,0.999,0.992,0.992,0.125
23,12,dialogue,19943,9.9338,1.261,9.3642,0.0,0.1918,5.8396,4.2341,1.6055,1.4118,30,0.683,0.004,0.538,0.03,0.0,0.199,0.393,0.454,1.938,0.034,0.931,0.849,0.855,0.052,0.967,0.898,0.914,0.095,0.989,0.931,0.923,0.161
23,12,fiction,19929,10.0821,1.28,9.3642,0.0,0.1918,5.8396,4.2341,1.6055,1.4118,30,0.683,0.0038,0.584,0.017,0.0,0.627,0.396,0.347,2.242,0.055,0.804,0.464,0.468,0.089,0.908,0.59,0.629,0.168,0.971,0.774,0.697,0.31
23,12,math,19597,9.0967,1.155,9.3642,0.0,0.1918,5.8396,4.2341,1.6055,1.4118,30,0.683,0.0038,0.649,0.104,0.0,0.264,0.57,0.553,1.824,0.042,0.937,0.777,0.781,0.065,0.975,0.862,0.881,0.12,0.993,0.942,0.919,0.215
23,12,news,19899,8.7112,1.106,9.3642,0.0,0.1918,5.8396,4.2341,1.6055,1.4118,30,0.683,0.004,0.525,0.069,0.0,0.173,0.532,0.494,1.711,0.046,0.948,0.853,0.864,0.049,0.975,0.92,0.915,0.09,0.991,0.95,0.936,0.166
23,12,val,5942,7.8789,1.0,9.3642,0.0,0.1918,5.8396,4.2341,1.6055,1.4118,30,0.683,0.0041,0.598,0.142,0.0,0.364,0.585,0.443,1.848,0.061,0.896,0.699,0.702,0.08,0.953,0.816,0.791,0.143,0.984,0.898,0.877,0.231
23,13,code,19960,17.2858,1.06,18.9823,0.0,0.6863,5.9691,2.1289,3.8402,1.9142,22,0.284,0.004,0.658,0.017,0.0,0.512,0.838,0.647,0.929,0.294,0.941,0.556,0.561,0.376,0.988,0.865,0.756,0.505,0.998,0.953,0.917,0.589
23,13,dialogue,19960,18.4005,1.128,18.9823,0.0,0.6863,5.9691,2.1289,3.8402,1.9142,22,0.284,0.004,0.538,0.03,0.0,0.457,0.876,0.702,0.775,0.351,0.976,0.614,0.585,0.451,0.997,0.915,0.803,0.6,1.0,0.97,0.941,0.651
23,13,fiction,19959,17.5665,1.077,18.9823,0.0,0.6863,5.9691,2.1289,3.8402,1.9142,22,0.284,0.0038,0.584,0.017,0.0,0.509,0.859,0.588,0.596,0.391,0.959,0.555,0.545,0.483,0.993,0.88,0.733,0.646,0.999,0.96,0.882,0.733
23,13,math,19960,17.42,1.068,18.9823,0.0,0.6863,5.9691,2.1289,3.8402,1.9142,22,0.284,0.0038,0.649,0.104,0.0,0.488,0.834,0.571,0.675,0.482,0.946,0.61,0.584,0.574,0.989,0.879,0.751,0.703,0.998,0.953,0.874,0.765
23,13,news,19960,16.4278,1.007,18.9823,0.0,0.6863,5.9691,2.1289,3.8402,1.9142,22,0.284,0.004,0.525,0.069,0.0,0.34,0.813,0.442,0.718,0.465,0.965,0.698,0.713,0.499,0.996,0.919,0.797,0.598,1.0,0.96,0.881,0.659
23,13,val,5988,16.3066,1.0,18.9823,0.0,0.6863,5.9691,2.1289,3.8402,1.9142,22,0.284,0.0041,0.598,0.142,0.0,0.436,0.775,0.48,0.822,0.426,0.95,0.637,0.627,0.468,0.99,0.867,0.758,0.597,0.998,0.939,0.842,0.667
23,14,code,19960,15.8072,1.136,14.8972,0.0,0.4926,5.9378,3.2214,2.7165,1.1605,14,0.349,0.0134,0.888,0.45,0.0,0.331,0.206,0.051,2.283,0.569,0.945,0.745,0.743,0.432,0.985,0.779,0.752,0.481,0.996,0.828,0.768,0.543
23,14,dialogue,19960,15.1667,1.09,14.8972,0.0,0.4926,5.9378,3.2214,2.7165,1.1605,14,0.349,0.0974,0.981,0.484,0.0,0.158,0.266,0.1,1.837,0.579,0.977,0.865,0.864,0.63,0.996,0.891,0.873,0.793,0.999,0.918,0.884,0.905
23,14,fiction,19960,14.6965,1.056,14.8972,0.0,0.4926,5.9378,3.2214,2.7165,1.1605,14,0.349,0.048,0.693,0.47,0.0,0.203,0.286,0.087,1.657,0.628,0.959,0.828,0.827,0.607,0.989,0.86,0.836,0.697,0.997,0.897,0.852,0.81
23,14,math,19960,14.9814,1.077,14.8972,0.0,0.4926,5.9378,3.2214,2.7165,1.1605,14,0.349,0.0456,0.928,0.504,0.0,0.263,0.279,0.083,1.747,0.708,0.959,0.787,0.786,0.632,0.99,0.83,0.798,0.71,0.997,0.874,0.814,0.798
23,14,news,19960,14.2961,1.028,14.8972,0.0,0.4926,5.9378,3.2214,2.7165,1.1605,14,0.349,0.0403,0.952,0.525,0.0,0.234,0.288,0.086,1.733,0.623,0.962,0.812,0.811,0.56,0.993,0.85,0.822,0.629,0.998,0.891,0.839,0.729
23,14,val,5988,13.9121,1.0,14.8972,0.0,0.4926,5.9378,3.2214,2.7165,1.1605,14,0.349,0.0362,0.954,0.483,0.0,0.234,0.265,0.1,1.887,0.603,0.962,0.803,0.802,0.53,0.991,0.841,0.817,0.616,0.997,0.882,0.835,0.733
23,15,code,19957,12.954,1.113,15.2675,0.0,0.6492,5.9206,2.0955,3.8251,2.7027,54,0.453,0.004,0.658,0.017,0.0,0.254,0.679,0.065,0.686,0.385,0.936,0.766,0.807,0.42,0.985,0.902,0.819,0.49,0.997,0.956,0.836,0.546
23,15,dialogue,19960,13.3658,1.148,15.2675,0.0,0.6492,5.9206,2.0955,3.8251,2.7027,54,0.453,0.004,0.538,0.03,0.0,0.136,0.8,0.131,0.415,0.304,0.968,0.848,0.886,0.374,0.994,0.96,0.9,0.414,0.998,0.982,0.91,0.464
23,15,fiction,19960,13.2045,1.134,15.2675,0.0,0.6492,5.9206,2.0955,3.8251,2.7027,54,0.453,0.0038,0.584,0.017,0.0,0.244,0.754,0.09,0.544,0.341,0.936,0.776,0.808,0.41,0.982,0.916,0.824,0.484,0.995,0.963,0.84,0.542
23,15,math,19960,12.5357,1.077,15.2675,0.0,0.6492,5.9206,2.0955,3.8251,2.7027,54,0.453,0.0038,0.649,0.104,0.0,0.27,0.725,0.093,0.512,0.392,0.936,0.775,0.791,0.461,0.983,0.908,0.807,0.53,0.995,0.958,0.829,0.586
23,15,news,19960,12.3837,1.064,15.2675,0.0,0.6492,5.9206,2.0955,3.8251,2.7027,54,0.453,0.004,0.525,0.069,0.0,0.309,0.713,0.154,0.758,0.308,0.912,0.758,0.771,0.345,0.978,0.896,0.79,0.436,0.995,0.958,0.827,0.499
23,15,val,5988,11.6396,1.0,15.2675,0.0,0.6492,5.9206,2.0955,3.8251,2.7027,54,0.453,0.0041,0.598,0.142,0.0,0.358,0.694,0.181,0.866,0.309,0.891,0.738,0.741,0.348,0.96,0.868,0.767,0.436,0.988,0.934,0.813,0.505
