layer,qhead,domain,n_steps,d_mean,d_ratio,D,tight_frac,selfloop,H0,H1,dH,dH_move,hub_id,hub_mass,hub_key_frac,hub_ws_frac,hub_pos_mean,tight_in_hub,esc_pct,h_esc,h_st_esc,f_step,local_mass,cov2_oracle,cov2_flow,cov2_static,cov2_recency,cov4_oracle,cov4_flow,cov4_static,cov4_recency,cov8_oracle,cov8_flow,cov8_static,cov8_recency
0,0,code,19960,6.1224,0.942,14.6414,0.0,0.8715,5.9873,0.7458,5.2416,4.8677,1,0.02,0.018,0.493,0.376,0.0,0.39,0.998,0.058,0.143,0.807,0.912,0.893,0.766,0.893,0.96,0.947,0.775,0.933,0.984,0.976,0.792,0.955
0,0,dialogue,19960,6.2403,0.961,14.6414,0.0,0.8715,5.9873,0.7458,5.2416,4.8677,1,0.02,0.018,0.321,0.375,0.0,0.387,0.999,0.051,0.141,0.808,0.905,0.883,0.764,0.883,0.95,0.936,0.774,0.92,0.979,0.969,0.791,0.946
0,0,fiction,19960,6.0878,0.937,14.6414,0.0,0.8715,5.9873,0.7458,5.2416,4.8677,1,0.02,0.0186,0.209,0.376,0.0,0.404,0.994,0.056,0.145,0.807,0.898,0.877,0.762,0.877,0.948,0.932,0.771,0.918,0.979,0.969,0.789,0.947
0,0,math,19960,6.2553,0.963,14.6414,0.0,0.8715,5.9873,0.7458,5.2416,4.8677,1,0.02,0.0186,0.291,0.376,0.0,0.396,0.997,0.053,0.145,0.808,0.902,0.881,0.765,0.882,0.95,0.935,0.774,0.921,0.979,0.97,0.792,0.948
0,0,news,19960,6.6516,1.024,14.6414,0.0,0.8715,5.9873,0.7458,5.2416,4.8677,1,0.02,0.0178,0.123,0.376,0.0,0.377,0.987,0.051,0.143,0.816,0.897,0.874,0.774,0.874,0.944,0.928,0.784,0.912,0.976,0.966,0.801,0.941
0,0,val,5988,6.4967,1.0,14.6414,0.0,0.8715,5.9873,0.7458,5.2416,4.8677,1,0.02,0.0188,0.168,0.376,0.0,0.406,0.992,0.053,0.14,0.807,0.89,0.866,0.766,0.866,0.94,0.922,0.776,0.905,0.974,0.964,0.794,0.937
0,1,code,19960,5.4406,1.335,8.7934,0.0,0.0896,5.5596,4.8457,0.7139,0.6515,59,0.105,0.056,0.068,0.41,0.0,0.997,0.093,0.011,2.305,0.099,0.455,0.188,0.193,0.177,0.654,0.26,0.219,0.329,0.84,0.361,0.339,0.579
0,1,dialogue,19960,5.0674,1.244,8.7934,0.0,0.0896,5.5596,4.8457,0.7139,0.6515,59,0.105,0.0483,0.06,0.382,0.0,0.992,0.339,0.071,2.234,0.094,0.639,0.162,0.151,0.135,0.771,0.302,0.168,0.286,0.897,0.566,0.669,0.591
0,1,fiction,19960,5.0677,1.244,8.7934,0.0,0.0896,5.5596,4.8457,0.7139,0.6515,59,0.105,0.0452,0.198,0.447,0.0,0.994,0.204,0.007,2.015,0.13,0.392,0.189,0.198,0.176,0.586,0.283,0.229,0.321,0.798,0.406,0.35,0.565
0,1,math,19960,4.9289,1.21,8.7934,0.0,0.0896,5.5596,4.8457,0.7139,0.6515,59,0.105,0.0496,0.093,0.38,0.0,0.996,0.298,0.21,2.153,0.109,0.398,0.217,0.23,0.171,0.599,0.335,0.328,0.318,0.811,0.461,0.436,0.558
0,1,news,19960,4.7298,1.161,8.7934,0.0,0.0896,5.5596,4.8457,0.7139,0.6515,59,0.105,0.0648,0.117,0.384,0.0,0.995,0.299,0.182,2.094,0.1,0.426,0.291,0.307,0.16,0.604,0.406,0.375,0.299,0.801,0.513,0.484,0.534
0,1,val,5988,4.0746,1.0,8.7934,0.0,0.0896,5.5596,4.8457,0.7139,0.6515,59,0.105,0.0441,0.0,0.341,0.0,0.996,0.334,0.301,2.057,0.099,0.354,0.197,0.198,0.134,0.539,0.326,0.314,0.245,0.75,0.518,0.494,0.442
0,2,code,19960,6.5833,1.22,9.7899,0.0,0.1487,5.7225,4.0612,1.6613,1.5915,29,0.154,0.0046,0.043,0.073,0.0,0.962,0.359,0.029,1.13,0.253,0.557,0.246,0.224,0.399,0.739,0.388,0.256,0.604,0.887,0.624,0.366,0.78
0,2,dialogue,19960,6.0737,1.126,9.7899,0.0,0.1487,5.7225,4.0612,1.6613,1.5915,29,0.154,0.0367,0.0,0.078,0.0,0.956,0.693,0.479,1.164,0.215,0.532,0.355,0.263,0.323,0.743,0.569,0.471,0.559,0.902,0.767,0.647,0.787
0,2,fiction,19960,5.6774,1.052,9.7899,0.0,0.1487,5.7225,4.0612,1.6613,1.5915,29,0.154,0.0311,0.005,0.077,0.0,0.948,0.696,0.53,1.279,0.197,0.53,0.343,0.255,0.289,0.736,0.567,0.484,0.519,0.891,0.769,0.655,0.748
0,2,math,19960,6.0834,1.127,9.7899,0.0,0.1487,5.7225,4.0612,1.6613,1.5915,29,0.154,0.0083,0.0,0.076,0.0,0.967,0.387,0.164,1.332,0.241,0.54,0.252,0.219,0.349,0.74,0.405,0.327,0.571,0.899,0.649,0.431,0.791
0,2,news,19960,5.7157,1.059,9.7899,0.0,0.1487,5.7225,4.0612,1.6613,1.5915,29,0.154,0.04,0.0,0.079,0.0,0.924,0.788,0.359,1.183,0.208,0.541,0.396,0.287,0.305,0.734,0.606,0.443,0.523,0.89,0.801,0.673,0.732
0,2,val,5988,5.3963,1.0,9.7899,0.0,0.1487,5.7225,4.0612,1.6613,1.5915,29,0.154,0.0429,0.0,0.086,0.0,0.942,0.723,0.361,1.453,0.204,0.515,0.366,0.274,0.263,0.7,0.561,0.417,0.448,0.861,0.754,0.638,0.652
0,3,code,19960,6.0103,1.27,6.7228,0.0,0.09,5.7626,5.043,0.7197,0.6157,8,0.175,0.0392,0.324,0.639,0.0,0.988,0.317,0.267,1.703,0.107,0.497,0.158,0.154,0.216,0.689,0.326,0.305,0.383,0.858,0.531,0.411,0.607
0,3,dialogue,19960,5.5249,1.167,6.7228,0.0,0.09,5.7626,5.043,0.7197,0.6157,8,0.175,0.0468,0.177,0.602,0.0,0.998,0.413,0.29,1.687,0.102,0.421,0.139,0.137,0.154,0.63,0.305,0.287,0.299,0.836,0.588,0.573,0.524
0,3,fiction,19960,5.0662,1.071,6.7228,0.0,0.09,5.7626,5.043,0.7197,0.6157,8,0.175,0.0728,0.183,0.582,0.0,0.998,0.62,0.576,1.534,0.097,0.421,0.185,0.181,0.16,0.641,0.411,0.393,0.303,0.847,0.673,0.663,0.532
0,3,math,19960,5.3461,1.13,6.7228,0.0,0.09,5.7626,5.043,0.7197,0.6157,8,0.175,0.0653,0.182,0.579,0.0,0.997,0.502,0.46,1.66,0.106,0.419,0.194,0.194,0.161,0.625,0.386,0.37,0.303,0.825,0.613,0.589,0.525
0,3,news,19960,5.3186,1.124,6.7228,0.0,0.09,5.7626,5.043,0.7197,0.6157,8,0.175,0.076,0.08,0.559,0.0,0.997,0.748,0.767,1.58,0.106,0.39,0.215,0.214,0.131,0.59,0.436,0.406,0.252,0.782,0.62,0.6,0.454
0,3,val,5988,4.7326,1.0,6.7228,0.0,0.09,5.7626,5.043,0.7197,0.6157,8,0.175,0.0651,0.013,0.517,0.0,0.999,0.578,0.574,1.733,0.108,0.38,0.21,0.211,0.11,0.56,0.382,0.355,0.212,0.747,0.563,0.544,0.389
0,4,code,19960,6.7846,1.35,8.0523,0.0,0.1937,5.7516,3.6579,2.0937,1.7416,13,0.117,0.0354,0.704,0.127,0.0,0.946,0.636,0.443,1.121,0.217,0.558,0.416,0.326,0.367,0.747,0.561,0.471,0.57,0.89,0.688,0.566,0.763
0,4,dialogue,19960,5.8462,1.163,8.0523,0.0,0.1937,5.7516,3.6579,2.0937,1.7416,13,0.117,0.042,0.513,0.117,0.0,0.941,0.748,0.584,1.217,0.203,0.567,0.445,0.337,0.333,0.743,0.616,0.519,0.532,0.883,0.749,0.674,0.724
0,4,fiction,19960,5.8349,1.161,8.0523,0.0,0.1937,5.7516,3.6579,2.0937,1.7416,13,0.117,0.0476,0.385,0.122,0.0,0.936,0.775,0.621,1.278,0.191,0.594,0.45,0.334,0.327,0.758,0.636,0.535,0.536,0.892,0.778,0.716,0.725
0,4,math,19960,5.6927,1.133,8.0523,0.0,0.1937,5.7516,3.6579,2.0937,1.7416,13,0.117,0.043,0.513,0.12,0.0,0.955,0.743,0.558,1.232,0.202,0.56,0.43,0.321,0.347,0.738,0.602,0.494,0.557,0.881,0.743,0.654,0.746
0,4,news,19960,5.5417,1.102,8.0523,0.0,0.1937,5.7516,3.6579,2.0937,1.7416,13,0.117,0.0366,0.468,0.121,0.0,0.962,0.786,0.562,1.203,0.197,0.52,0.4,0.3,0.304,0.697,0.589,0.473,0.516,0.853,0.738,0.626,0.705
0,4,val,5988,5.0265,1.0,8.0523,0.0,0.1937,5.7516,3.6579,2.0937,1.7416,13,0.117,0.0288,0.104,0.113,0.0,0.984,0.694,0.47,1.398,0.203,0.443,0.328,0.251,0.25,0.61,0.485,0.375,0.427,0.785,0.649,0.524,0.641
0,5,code,19960,7.0961,1.162,8.6278,0.0,0.1398,5.7212,4.5688,1.1524,1.0061,6,0.057,0.0232,0.821,0.025,0.0,0.946,0.565,0.105,1.845,0.258,0.665,0.367,0.238,0.368,0.828,0.546,0.298,0.568,0.934,0.725,0.437,0.799
0,5,dialogue,19960,6.3212,1.035,8.6278,0.0,0.1398,5.7212,4.5688,1.1524,1.0061,6,0.057,0.0264,0.408,0.023,0.0,0.945,0.626,0.235,1.78,0.251,0.637,0.39,0.267,0.382,0.817,0.579,0.408,0.569,0.939,0.762,0.547,0.791
0,5,fiction,19960,6.0339,0.988,8.6278,0.0,0.1398,5.7212,4.5688,1.1524,1.0061,6,0.057,0.0239,0.393,0.026,0.0,0.95,0.609,0.201,1.89,0.251,0.61,0.362,0.247,0.359,0.792,0.548,0.372,0.547,0.922,0.742,0.517,0.767
0,5,math,19960,6.4681,1.059,8.6278,0.0,0.1398,5.7212,4.5688,1.1524,1.0061,6,0.057,0.0244,0.407,0.024,0.0,0.942,0.576,0.142,1.85,0.266,0.637,0.376,0.257,0.374,0.808,0.55,0.354,0.56,0.928,0.725,0.498,0.764
0,5,news,19960,6.6969,1.096,8.6278,0.0,0.1398,5.7212,4.5688,1.1524,1.0061,6,0.057,0.0192,0.334,0.027,0.0,0.956,0.523,0.124,2.093,0.28,0.591,0.311,0.217,0.318,0.767,0.49,0.302,0.495,0.899,0.689,0.448,0.69
0,5,val,5988,6.108,1.0,8.6278,0.0,0.1398,5.7212,4.5688,1.1524,1.0061,6,0.057,0.0166,0.169,0.025,0.0,0.973,0.406,0.128,2.397,0.257,0.547,0.241,0.177,0.244,0.724,0.393,0.268,0.402,0.866,0.583,0.397,0.592
0,6,code,19960,7.1015,1.316,12.0319,0.0,0.309,5.6762,2.7667,2.9094,2.8638,2,0.057,0.0165,0.13,0.028,0.0,0.916,0.786,0.131,0.618,0.422,0.7,0.561,0.417,0.632,0.87,0.761,0.454,0.831,0.959,0.873,0.524,0.931
0,6,dialogue,19960,6.3262,1.173,12.0319,0.0,0.309,5.6762,2.7667,2.9094,2.8638,2,0.057,0.0246,0.014,0.035,0.0,0.928,0.861,0.179,0.705,0.42,0.703,0.591,0.412,0.629,0.879,0.795,0.462,0.827,0.966,0.906,0.551,0.935
0,6,fiction,19960,5.721,1.061,12.0319,0.0,0.309,5.6762,2.7667,2.9094,2.8638,2,0.057,0.028,0.014,0.032,0.0,0.939,0.87,0.193,0.761,0.402,0.669,0.566,0.38,0.582,0.853,0.773,0.437,0.79,0.955,0.894,0.537,0.918
0,6,math,19960,5.8946,1.093,12.0319,0.0,0.309,5.6762,2.7667,2.9094,2.8638,2,0.057,0.0266,0.07,0.032,0.0,0.93,0.872,0.189,0.743,0.399,0.686,0.579,0.39,0.595,0.865,0.784,0.446,0.799,0.959,0.9,0.545,0.922
0,6,news,19960,5.7574,1.067,12.0319,0.0,0.309,5.6762,2.7667,2.9094,2.8638,2,0.057,0.0333,0.011,0.035,0.0,0.93,0.888,0.199,0.731,0.407,0.683,0.588,0.395,0.588,0.862,0.791,0.455,0.788,0.958,0.906,0.557,0.915
0,6,val,5988,5.3944,1.0,12.0319,0.0,0.309,5.6762,2.7667,2.9094,2.8638,2,0.057,0.0326,0.005,0.035,0.0,0.949,0.815,0.185,1.076,0.406,0.637,0.523,0.348,0.519,0.824,0.714,0.403,0.717,0.94,0.854,0.505,0.877
0,7,code,19960,7.7988,1.132,10.5277,0.0,0.3034,5.6103,2.8876,2.7228,2.5001,14,0.09,0.0317,0.685,0.154,0.0,0.855,0.795,0.23,0.708,0.41,0.727,0.594,0.427,0.6,0.873,0.757,0.497,0.783,0.958,0.888,0.636,0.906
0,7,dialogue,19960,7.3031,1.06,10.5277,0.0,0.3034,5.6103,2.8876,2.7228,2.5001,14,0.09,0.0441,0.189,0.145,0.0,0.845,0.903,0.266,0.587,0.391,0.739,0.64,0.446,0.608,0.882,0.812,0.527,0.803,0.964,0.924,0.683,0.915
0,7,fiction,19960,6.9213,1.005,10.5277,0.0,0.3034,5.6103,2.8876,2.7228,2.5001,14,0.09,0.0485,0.134,0.147,0.0,0.828,0.894,0.262,0.654,0.387,0.742,0.637,0.45,0.603,0.881,0.809,0.532,0.799,0.963,0.925,0.689,0.917
0,7,math,19960,7.0352,1.021,10.5277,0.0,0.3034,5.6103,2.8876,2.7228,2.5001,14,0.09,0.044,0.276,0.15,0.0,0.844,0.87,0.233,0.676,0.394,0.723,0.6,0.423,0.583,0.869,0.785,0.497,0.787,0.957,0.911,0.649,0.907
0,7,news,19960,7.3374,1.065,10.5277,0.0,0.3034,5.6103,2.8876,2.7228,2.5001,14,0.09,0.0356,0.298,0.144,0.0,0.853,0.885,0.245,0.674,0.407,0.713,0.585,0.405,0.567,0.863,0.784,0.487,0.783,0.954,0.912,0.64,0.906
0,7,val,5988,6.8899,1.0,10.5277,0.0,0.3034,5.6103,2.8876,2.7228,2.5001,14,0.09,0.0356,0.108,0.145,0.0,0.863,0.812,0.262,1.067,0.413,0.696,0.541,0.381,0.499,0.844,0.728,0.469,0.688,0.941,0.861,0.621,0.84
0,8,code,19960,5.8334,1.202,7.3788,0.0,0.2151,5.8718,3.9693,1.9025,1.4745,7,0.086,0.0262,0.492,0.253,0.0,0.972,0.597,0.009,1.133,0.253,0.595,0.383,0.293,0.455,0.773,0.522,0.303,0.673,0.91,0.683,0.423,0.846
0,8,dialogue,19960,5.4548,1.124,7.3788,0.0,0.2151,5.8718,3.9693,1.9025,1.4745,7,0.086,0.0445,0.112,0.211,0.0,0.977,0.516,0.031,1.328,0.207,0.525,0.339,0.28,0.366,0.716,0.48,0.306,0.584,0.872,0.667,0.433,0.778
0,8,fiction,19960,5.1035,1.052,7.3788,0.0,0.2151,5.8718,3.9693,1.9025,1.4745,7,0.086,0.0338,0.058,0.227,0.0,0.976,0.554,0.077,1.448,0.208,0.508,0.317,0.253,0.337,0.691,0.481,0.308,0.545,0.856,0.671,0.463,0.75
0,8,math,19960,5.4223,1.117,7.3788,0.0,0.2151,5.8718,3.9693,1.9025,1.4745,7,0.086,0.0394,0.196,0.237,0.0,0.982,0.539,0.073,1.505,0.227,0.488,0.314,0.261,0.326,0.68,0.471,0.304,0.531,0.854,0.644,0.459,0.75
0,8,news,19960,5.2666,1.085,7.3788,0.0,0.2151,5.8718,3.9693,1.9025,1.4745,7,0.086,0.034,0.128,0.235,0.0,0.983,0.583,0.083,1.371,0.235,0.445,0.32,0.275,0.313,0.642,0.479,0.34,0.511,0.829,0.652,0.492,0.723
0,8,val,5988,4.8528,1.0,7.3788,0.0,0.2151,5.8718,3.9693,1.9025,1.4745,7,0.086,0.0286,0.112,0.235,0.0,0.987,0.487,0.236,1.727,0.225,0.395,0.245,0.206,0.234,0.588,0.394,0.322,0.401,0.788,0.592,0.475,0.628
0,9,code,19960,6.9296,1.101,10.873,0.0,0.4395,5.8213,2.4947,3.3266,2.783,12,0.06,0.0088,0.339,0.081,0.0,0.931,0.74,0.037,0.605,0.43,0.66,0.478,0.393,0.564,0.817,0.666,0.414,0.735,0.926,0.788,0.484,0.883
0,9,dialogue,19960,6.6317,1.053,10.873,0.0,0.4395,5.8213,2.4947,3.3266,2.783,12,0.06,0.0163,0.012,0.091,0.0,0.881,0.815,0.076,0.574,0.483,0.683,0.547,0.451,0.601,0.836,0.741,0.485,0.781,0.939,0.857,0.568,0.905
0,9,fiction,19960,6.4211,1.02,10.873,0.0,0.4395,5.8213,2.4947,3.3266,2.783,12,0.06,0.0146,0.007,0.09,0.0,0.9,0.794,0.167,0.615,0.472,0.668,0.531,0.421,0.574,0.834,0.728,0.482,0.755,0.94,0.852,0.578,0.889
0,9,math,19960,6.547,1.04,10.873,0.0,0.4395,5.8213,2.4947,3.3266,2.783,12,0.06,0.0206,0.165,0.085,0.0,0.91,0.783,0.162,0.769,0.46,0.656,0.524,0.416,0.568,0.826,0.717,0.475,0.757,0.938,0.85,0.582,0.884
0,9,news,19960,6.5484,1.04,10.873,0.0,0.4395,5.8213,2.4947,3.3266,2.783,12,0.06,0.014,0.118,0.087,0.0,0.895,0.815,0.173,0.611,0.503,0.675,0.557,0.454,0.605,0.838,0.752,0.514,0.779,0.944,0.871,0.61,0.894
0,9,val,5988,6.2967,1.0,10.873,0.0,0.4395,5.8213,2.4947,3.3266,2.783,12,0.06,0.017,0.0,0.089,0.0,0.92,0.698,0.189,0.98,0.494,0.633,0.497,0.405,0.534,0.805,0.673,0.473,0.714,0.924,0.825,0.579,0.843
0,10,code,19960,7.7824,1.327,10.1728,0.0,0.2155,5.6986,3.6132,2.0854,1.9145,60,0.08,0.0063,0.04,0.513,0.0,0.925,0.572,0.022,1.088,0.375,0.6,0.375,0.316,0.472,0.76,0.524,0.335,0.645,0.89,0.695,0.414,0.815
0,10,dialogue,19960,6.8018,1.16,10.1728,0.0,0.2155,5.6986,3.6132,2.0854,1.9145,60,0.08,0.0687,0.001,0.498,0.0,0.98,0.563,0.209,1.517,0.276,0.525,0.308,0.292,0.374,0.721,0.493,0.373,0.603,0.886,0.712,0.469,0.83
0,10,fiction,19960,6.578,1.122,10.1728,0.0,0.2155,5.6986,3.6132,2.0854,1.9145,60,0.08,0.1019,0.001,0.487,0.0,0.955,0.611,0.223,1.414,0.296,0.531,0.341,0.365,0.393,0.727,0.539,0.443,0.624,0.889,0.745,0.532,0.844
0,10,math,19960,6.7751,1.155,10.1728,0.0,0.2155,5.6986,3.6132,2.0854,1.9145,60,0.08,0.0464,0.023,0.483,0.0,0.94,0.604,0.116,1.267,0.357,0.554,0.367,0.335,0.444,0.731,0.536,0.389,0.639,0.883,0.729,0.479,0.823
0,10,news,19960,6.3546,1.084,10.1728,0.0,0.2155,5.6986,3.6132,2.0854,1.9145,60,0.08,0.0489,0.0,0.483,0.0,0.972,0.635,0.196,1.333,0.314,0.52,0.349,0.293,0.405,0.715,0.537,0.389,0.618,0.883,0.751,0.507,0.822
0,10,val,5988,5.8634,1.0,10.1728,0.0,0.2155,5.6986,3.6132,2.0854,1.9145,60,0.08,0.0548,0.0,0.463,0.0,0.979,0.541,0.163,1.612,0.324,0.5,0.304,0.275,0.346,0.686,0.473,0.362,0.537,0.854,0.679,0.459,0.736
0,11,code,19960,6.5391,1.206,8.4671,0.0,0.1859,5.812,3.8744,1.9376,1.7047,3,0.123,0.0061,0.623,0.096,0.0,0.975,0.198,0.063,1.451,0.217,0.515,0.251,0.216,0.339,0.697,0.334,0.252,0.536,0.861,0.476,0.336,0.777
0,11,dialogue,19960,5.9916,1.105,8.4671,0.0,0.1859,5.812,3.8744,1.9376,1.7047,3,0.123,0.015,0.304,0.094,0.0,0.985,0.5,0.147,1.56,0.201,0.503,0.263,0.206,0.277,0.687,0.44,0.278,0.465,0.851,0.616,0.516,0.719
0,11,fiction,19960,5.6786,1.047,8.4671,0.0,0.1859,5.812,3.8744,1.9376,1.7047,3,0.123,0.0166,0.133,0.086,0.0,0.974,0.582,0.256,1.561,0.177,0.54,0.281,0.202,0.249,0.713,0.471,0.308,0.434,0.862,0.634,0.56,0.692
0,11,math,19960,5.8499,1.079,8.4671,0.0,0.1859,5.812,3.8744,1.9376,1.7047,3,0.123,0.0187,0.182,0.089,0.0,0.969,0.544,0.258,1.482,0.211,0.515,0.305,0.225,0.3,0.7,0.471,0.327,0.496,0.862,0.634,0.529,0.724
0,11,news,19960,5.9425,1.096,8.4671,0.0,0.1859,5.812,3.8744,1.9376,1.7047,3,0.123,0.0185,0.205,0.084,0.0,0.961,0.691,0.341,1.324,0.218,0.482,0.334,0.237,0.273,0.666,0.514,0.36,0.456,0.835,0.694,0.558,0.68
0,11,val,5988,5.4221,1.0,8.4671,0.0,0.1859,5.812,3.8744,1.9376,1.7047,3,0.123,0.0253,0.079,0.081,0.0,0.962,0.734,0.421,1.436,0.202,0.501,0.342,0.239,0.24,0.677,0.533,0.385,0.409,0.834,0.705,0.591,0.615
0,12,code,19960,7.2699,1.216,9.49,0.0,0.1578,5.7922,3.985,1.8072,1.7187,13,0.098,0.0035,0.0,0.267,0.0,0.96,0.483,0.021,1.384,0.32,0.576,0.257,0.235,0.427,0.734,0.431,0.256,0.618,0.87,0.656,0.371,0.783
0,12,dialogue,19960,6.5987,1.104,9.49,0.0,0.1578,5.7922,3.985,1.8072,1.7187,13,0.098,0.0068,0.0,0.236,0.0,0.969,0.519,0.05,1.403,0.318,0.571,0.28,0.249,0.416,0.734,0.462,0.285,0.639,0.873,0.706,0.411,0.812
0,12,fiction,19960,6.5937,1.103,9.49,0.0,0.1578,5.7922,3.985,1.8072,1.7187,13,0.098,0.0196,0.0,0.253,0.0,0.952,0.523,0.111,1.474,0.322,0.571,0.307,0.279,0.401,0.73,0.479,0.33,0.603,0.87,0.696,0.45,0.784
0,12,math,19960,6.6534,1.113,9.49,0.0,0.1578,5.7922,3.985,1.8072,1.7187,13,0.098,0.0155,0.003,0.241,0.0,0.947,0.479,0.086,1.551,0.319,0.569,0.29,0.266,0.398,0.729,0.445,0.312,0.593,0.87,0.661,0.438,0.772
0,12,news,19960,6.441,1.078,9.49,0.0,0.1578,5.7922,3.985,1.8072,1.7187,13,0.098,0.0182,0.0,0.251,0.0,0.972,0.59,0.207,1.497,0.275,0.521,0.29,0.246,0.34,0.694,0.483,0.334,0.549,0.85,0.699,0.472,0.749
0,12,val,5988,5.9769,1.0,9.49,0.0,0.1578,5.7922,3.985,1.8072,1.7187,13,0.098,0.0249,0.0,0.238,0.0,0.983,0.511,0.227,1.918,0.267,0.49,0.263,0.234,0.26,0.661,0.428,0.322,0.439,0.819,0.61,0.443,0.639
0,13,code,19960,6.6733,1.337,7.8518,0.0,0.0752,5.7788,4.8038,0.975,0.9538,36,0.114,0.0081,0.031,0.192,0.0,0.988,0.485,0.229,1.795,0.14,0.585,0.196,0.145,0.218,0.773,0.373,0.264,0.401,0.91,0.601,0.422,0.653
0,13,dialogue,19960,6.2356,1.249,7.8518,0.0,0.0752,5.7788,4.8038,0.975,0.9538,36,0.114,0.0112,0.0,0.183,0.0,0.995,0.424,0.069,1.582,0.158,0.557,0.201,0.153,0.243,0.771,0.409,0.217,0.446,0.927,0.651,0.431,0.724
0,13,fiction,19960,5.7465,1.151,7.8518,0.0,0.0752,5.7788,4.8038,0.975,0.9538,36,0.114,0.0116,0.0,0.215,0.0,0.995,0.36,0.391,1.778,0.122,0.491,0.15,0.128,0.169,0.702,0.293,0.335,0.32,0.883,0.603,0.4,0.554
0,13,math,19960,5.9427,1.191,7.8518,0.0,0.0752,5.7788,4.8038,0.975,0.9538,36,0.114,0.0066,0.015,0.181,0.0,0.987,0.312,0.2,1.774,0.134,0.578,0.171,0.139,0.21,0.761,0.303,0.272,0.388,0.907,0.6,0.353,0.636
0,13,news,19960,5.7413,1.15,7.8518,0.0,0.0752,5.7788,4.8038,0.975,0.9538,36,0.114,0.0249,0.0,0.195,0.0,0.987,0.632,0.382,1.625,0.144,0.515,0.276,0.202,0.187,0.715,0.484,0.344,0.35,0.887,0.704,0.585,0.59
0,13,val,5988,4.9907,1.0,7.8518,0.0,0.0752,5.7788,4.8038,0.975,0.9538,36,0.114,0.0269,0.0,0.194,0.0,0.991,0.562,0.421,1.872,0.14,0.469,0.23,0.188,0.159,0.664,0.413,0.34,0.293,0.843,0.627,0.52,0.509
0,14,code,19960,6.9043,1.006,10.9474,0.0,0.3996,5.8201,2.3568,3.4632,3.1761,16,0.073,0.0409,0.747,0.624,0.0,0.898,0.858,0.232,0.722,0.451,0.739,0.669,0.42,0.659,0.894,0.821,0.511,0.832,0.974,0.936,0.672,0.922
0,14,dialogue,19960,6.4825,0.945,10.9474,0.0,0.3996,5.8201,2.3568,3.4632,3.1761,16,0.073,0.0428,0.375,0.626,0.0,0.925,0.885,0.257,0.756,0.426,0.72,0.669,0.407,0.641,0.89,0.832,0.51,0.812,0.975,0.941,0.689,0.91
0,14,fiction,19960,6.1849,0.901,10.9474,0.0,0.3996,5.8201,2.3568,3.4632,3.1761,16,0.073,0.0501,0.294,0.629,0.0,0.86,0.906,0.271,0.708,0.424,0.757,0.708,0.446,0.656,0.905,0.855,0.547,0.812,0.979,0.947,0.727,0.907
0,14,math,19960,6.2933,0.917,10.9474,0.0,0.3996,5.8201,2.3568,3.4632,3.1761,16,0.073,0.0509,0.316,0.626,0.0,0.862,0.892,0.26,0.705,0.441,0.762,0.706,0.445,0.666,0.91,0.853,0.545,0.821,0.982,0.949,0.722,0.913
0,14,news,19960,7.0633,1.03,10.9474,0.0,0.3996,5.8201,2.3568,3.4632,3.1761,16,0.073,0.0394,0.325,0.628,0.0,0.849,0.905,0.265,0.681,0.487,0.763,0.708,0.449,0.672,0.914,0.86,0.55,0.819,0.982,0.952,0.729,0.91
0,14,val,5988,6.8609,1.0,10.9474,0.0,0.3996,5.8201,2.3568,3.4632,3.1761,16,0.073,0.0333,0.101,0.626,0.0,0.878,0.861,0.258,0.852,0.485,0.714,0.637,0.413,0.592,0.875,0.798,0.509,0.768,0.967,0.926,0.677,0.884
0,15,code,19960,8.1971,1.192,10.3749,0.0,0.1748,5.6934,4.1945,1.4989,1.2606,41,0.067,0.0323,0.706,0.026,0.0,0.879,0.755,0.124,1.06,0.307,0.676,0.497,0.346,0.491,0.832,0.684,0.407,0.695,0.941,0.81,0.498,0.856
0,15,dialogue,19960,7.2095,1.049,10.3749,0.0,0.1748,5.6934,4.1945,1.4989,1.2606,41,0.067,0.031,0.431,0.026,0.0,0.931,0.666,0.136,1.594,0.243,0.619,0.433,0.291,0.405,0.798,0.603,0.359,0.605,0.925,0.754,0.455,0.816
0,15,fiction,19960,6.8556,0.997,10.3749,0.0,0.1748,5.6934,4.1945,1.4989,1.2606,41,0.067,0.0268,0.401,0.027,0.0,0.928,0.665,0.143,1.682,0.232,0.619,0.419,0.283,0.394,0.798,0.59,0.355,0.586,0.928,0.751,0.462,0.804
0,15,math,19960,7.1565,1.041,10.3749,0.0,0.1748,5.6934,4.1945,1.4989,1.2606,41,0.067,0.0319,0.387,0.026,0.0,0.918,0.737,0.137,1.298,0.258,0.629,0.456,0.313,0.432,0.803,0.637,0.381,0.625,0.931,0.779,0.481,0.822
0,15,news,19960,7.4439,1.083,10.3749,0.0,0.1748,5.6934,4.1945,1.4989,1.2606,41,0.067,0.0248,0.3,0.026,0.0,0.928,0.597,0.131,1.845,0.256,0.602,0.371,0.262,0.362,0.773,0.531,0.33,0.529,0.907,0.678,0.426,0.724
0,15,val,5988,6.875,1.0,10.3749,0.0,0.1748,5.6934,4.1945,1.4989,1.2606,41,0.067,0.0207,0.167,0.027,0.0,0.947,0.501,0.13,2.21,0.24,0.57,0.309,0.219,0.279,0.742,0.452,0.289,0.424,0.88,0.61,0.412,0.609
1,0,code,19960,6.4758,1.08,7.1383,0.0,0.3399,5.845,3.4113,2.4337,1.2857,2,0.247,0.1394,0.883,0.296,0.0,0.936,0.586,0.442,1.013,0.129,0.587,0.42,0.509,0.366,0.729,0.613,0.599,0.562,0.854,0.74,0.683,0.724
1,0,dialogue,19960,6.1084,1.018,7.1383,0.0,0.3399,5.845,3.4113,2.4337,1.2857,2,0.247,0.0882,0.716,0.277,0.0,0.941,0.813,0.737,0.869,0.125,0.579,0.417,0.484,0.272,0.736,0.654,0.645,0.512,0.861,0.795,0.732,0.698
1,0,fiction,19960,5.8476,0.975,7.1383,0.0,0.3399,5.845,3.4113,2.4337,1.2857,2,0.247,0.0985,0.47,0.281,0.0,0.954,0.919,0.924,1.037,0.104,0.587,0.411,0.47,0.275,0.75,0.677,0.671,0.499,0.848,0.779,0.774,0.687
1,0,math,19960,6.0975,1.017,7.1383,0.0,0.3399,5.845,3.4113,2.4337,1.2857,2,0.247,0.1134,0.595,0.283,0.0,0.94,0.873,0.803,0.979,0.115,0.586,0.427,0.486,0.311,0.739,0.669,0.656,0.534,0.858,0.792,0.747,0.715
1,0,news,19960,6.2468,1.041,7.1383,0.0,0.3399,5.845,3.4113,2.4337,1.2857,2,0.247,0.0735,0.596,0.255,0.0,0.944,0.886,0.836,0.925,0.127,0.58,0.425,0.467,0.254,0.747,0.675,0.662,0.483,0.872,0.809,0.761,0.692
1,0,val,5988,5.9981,1.0,7.1383,0.0,0.3399,5.845,3.4113,2.4337,1.2857,2,0.247,0.0528,0.264,0.254,0.0,0.98,0.893,0.853,1.059,0.134,0.506,0.352,0.349,0.201,0.688,0.617,0.591,0.377,0.824,0.741,0.706,0.597
1,1,code,19960,7.9173,0.961,11.6303,0.0,0.4002,5.875,3.0748,2.8002,1.6928,43,0.374,0.0482,0.95,0.158,0.0,0.76,0.818,0.784,0.904,0.292,0.746,0.6,0.491,0.409,0.903,0.805,0.757,0.648,0.977,0.892,0.857,0.795
1,1,dialogue,19960,8.8769,1.078,11.6303,0.0,0.4002,5.875,3.0748,2.8002,1.6928,43,0.374,0.0597,0.759,0.176,0.0,0.554,0.91,0.898,0.682,0.365,0.83,0.731,0.628,0.535,0.965,0.913,0.893,0.745,0.995,0.949,0.933,0.841
1,1,fiction,19960,8.6383,1.049,11.6303,0.0,0.4002,5.875,3.0748,2.8002,1.6928,43,0.374,0.0638,0.668,0.173,0.0,0.587,0.857,0.843,0.79,0.356,0.828,0.706,0.602,0.527,0.965,0.894,0.869,0.728,0.995,0.931,0.919,0.826
1,1,math,19960,8.0829,0.982,11.6303,0.0,0.4002,5.875,3.0748,2.8002,1.6928,43,0.374,0.0588,0.565,0.172,0.0,0.621,0.889,0.868,0.797,0.319,0.811,0.679,0.585,0.479,0.954,0.89,0.852,0.684,0.992,0.936,0.919,0.799
1,1,news,19960,8.3739,1.017,11.6303,0.0,0.4002,5.875,3.0748,2.8002,1.6928,43,0.374,0.0479,0.579,0.174,0.0,0.594,0.949,0.927,0.673,0.282,0.834,0.7,0.59,0.433,0.965,0.926,0.889,0.652,0.993,0.961,0.952,0.798
1,1,val,5988,8.2351,1.0,11.6303,0.0,0.4002,5.875,3.0748,2.8002,1.6928,43,0.374,0.0357,0.172,0.172,0.0,0.705,0.921,0.877,0.782,0.298,0.777,0.629,0.539,0.363,0.93,0.875,0.806,0.563,0.984,0.944,0.923,0.728
1,2,code,19960,8.4294,1.179,12.8942,0.0,0.3394,5.7669,2.8751,2.8918,2.4899,12,0.115,0.0037,0.595,0.492,0.0,0.815,0.709,0.081,0.761,0.466,0.73,0.488,0.422,0.626,0.856,0.635,0.471,0.788,0.937,0.831,0.53,0.885
1,2,dialogue,19960,8.1999,1.147,12.8942,0.0,0.3394,5.7669,2.8751,2.8918,2.4899,12,0.115,0.0078,0.178,0.471,0.0,0.887,0.74,0.136,0.858,0.368,0.596,0.421,0.367,0.484,0.754,0.583,0.443,0.654,0.883,0.796,0.551,0.796
1,2,fiction,19960,7.514,1.051,12.8942,0.0,0.3394,5.7669,2.8751,2.8918,2.4899,12,0.115,0.0269,0.132,0.486,0.0,0.908,0.752,0.206,0.877,0.308,0.571,0.404,0.393,0.427,0.752,0.612,0.48,0.632,0.891,0.817,0.602,0.813
1,2,math,19960,7.4843,1.047,12.8942,0.0,0.3394,5.7669,2.8751,2.8918,2.4899,12,0.115,0.0265,0.292,0.481,0.0,0.864,0.7,0.148,0.986,0.411,0.643,0.453,0.424,0.521,0.804,0.627,0.498,0.707,0.917,0.816,0.578,0.847
1,2,news,19960,7.4343,1.04,12.8942,0.0,0.3394,5.7669,2.8751,2.8918,2.4899,12,0.115,0.0264,0.396,0.482,0.0,0.888,0.744,0.2,0.899,0.404,0.609,0.453,0.418,0.492,0.783,0.651,0.511,0.681,0.909,0.832,0.612,0.831
1,2,val,5988,7.1508,1.0,12.8942,0.0,0.3394,5.7669,2.8751,2.8918,2.4899,12,0.115,0.0311,0.212,0.489,0.0,0.957,0.71,0.235,1.199,0.335,0.549,0.381,0.353,0.388,0.743,0.594,0.471,0.586,0.891,0.79,0.589,0.764
1,3,code,19960,8.1357,0.979,13.5487,0.0,0.5059,5.9372,2.2165,3.7207,2.7223,29,0.18,0.0192,0.898,0.155,0.0,0.809,0.823,0.205,0.8,0.516,0.801,0.549,0.424,0.689,0.928,0.825,0.48,0.861,0.984,0.935,0.729,0.919
1,3,dialogue,19960,8.7337,1.051,13.5487,0.0,0.5059,5.9372,2.2165,3.7207,2.7223,29,0.18,0.0257,0.656,0.149,0.0,0.84,0.949,0.325,0.531,0.451,0.73,0.564,0.424,0.575,0.9,0.842,0.536,0.803,0.977,0.95,0.773,0.892
1,3,fiction,19960,8.2812,0.997,13.5487,0.0,0.5059,5.9372,2.2165,3.7207,2.7223,29,0.18,0.0386,0.577,0.161,0.0,0.821,0.909,0.355,0.702,0.447,0.77,0.582,0.437,0.598,0.929,0.861,0.567,0.836,0.985,0.951,0.784,0.918
1,3,math,19960,8.1259,0.978,13.5487,0.0,0.5059,5.9372,2.2165,3.7207,2.7223,29,0.18,0.0376,0.492,0.157,0.0,0.819,0.867,0.39,0.686,0.464,0.747,0.58,0.456,0.596,0.913,0.834,0.589,0.816,0.98,0.938,0.776,0.9
1,3,news,19960,8.5369,1.027,13.5487,0.0,0.5059,5.9372,2.2165,3.7207,2.7223,29,0.18,0.0323,0.549,0.152,0.0,0.75,0.887,0.486,0.575,0.466,0.746,0.622,0.513,0.577,0.912,0.85,0.673,0.778,0.979,0.944,0.82,0.879
1,3,val,5988,8.3086,1.0,13.5487,0.0,0.5059,5.9372,2.2165,3.7207,2.7223,29,0.18,0.031,0.157,0.15,0.0,0.738,0.886,0.499,0.645,0.487,0.743,0.62,0.518,0.563,0.907,0.846,0.673,0.763,0.974,0.936,0.81,0.87
1,4,code,19960,7.8288,0.952,13.6327,0.0,0.4135,5.859,2.9247,2.9343,1.909,54,0.392,0.087,0.94,0.25,0.0,0.888,0.633,0.429,1.593,0.364,0.73,0.459,0.393,0.447,0.911,0.668,0.556,0.767,0.99,0.847,0.689,0.924
1,4,dialogue,19960,8.221,0.999,13.6327,0.0,0.4135,5.859,2.9247,2.9343,1.909,54,0.392,0.0752,0.63,0.245,0.0,0.779,0.683,0.536,1.159,0.312,0.752,0.583,0.494,0.453,0.929,0.749,0.685,0.779,0.994,0.894,0.755,0.908
1,4,fiction,19960,8.0328,0.977,13.6327,0.0,0.4135,5.859,2.9247,2.9343,1.909,54,0.392,0.0879,0.5,0.26,0.0,0.814,0.726,0.55,1.394,0.314,0.735,0.57,0.491,0.448,0.919,0.765,0.688,0.767,0.992,0.894,0.774,0.903
1,4,math,19960,7.8988,0.96,13.6327,0.0,0.4135,5.859,2.9247,2.9343,1.909,54,0.392,0.1036,0.605,0.252,0.0,0.774,0.67,0.514,1.451,0.301,0.771,0.581,0.495,0.468,0.935,0.753,0.685,0.785,0.994,0.881,0.757,0.901
1,4,news,19960,8.3408,1.014,13.6327,0.0,0.4135,5.859,2.9247,2.9343,1.909,54,0.392,0.0819,0.523,0.254,0.0,0.684,0.754,0.654,1.206,0.26,0.796,0.646,0.558,0.434,0.942,0.816,0.77,0.75,0.994,0.913,0.823,0.873
1,4,val,5988,8.2258,1.0,13.6327,0.0,0.4135,5.859,2.9247,2.9343,1.909,54,0.392,0.0666,0.16,0.25,0.0,0.787,0.721,0.534,1.248,0.278,0.755,0.569,0.509,0.371,0.926,0.784,0.701,0.676,0.992,0.895,0.786,0.856
1,5,code,19960,9.0303,1.311,11.356,0.0,0.5223,5.8645,2.5203,3.3441,1.9509,16,0.258,0.014,0.911,0.129,0.0,0.794,0.631,0.448,1.296,0.543,0.701,0.537,0.475,0.54,0.844,0.666,0.611,0.649,0.935,0.804,0.677,0.784
1,5,dialogue,19960,7.0307,1.021,11.356,0.0,0.5223,5.8645,2.5203,3.3441,1.9509,16,0.258,0.0233,0.702,0.128,0.0,0.823,0.854,0.761,0.707,0.364,0.666,0.595,0.503,0.451,0.85,0.786,0.741,0.618,0.938,0.885,0.794,0.753
1,5,fiction,19960,7.2097,1.047,11.356,0.0,0.5223,5.8645,2.5203,3.3441,1.9509,16,0.258,0.0184,0.373,0.134,0.0,0.815,0.911,0.836,0.803,0.281,0.67,0.577,0.478,0.358,0.846,0.802,0.758,0.531,0.933,0.89,0.817,0.691
1,5,math,19960,7.413,1.076,11.356,0.0,0.5223,5.8645,2.5203,3.3441,1.9509,16,0.258,0.0248,0.397,0.129,0.0,0.783,0.815,0.698,0.974,0.414,0.689,0.599,0.512,0.492,0.852,0.772,0.725,0.638,0.939,0.878,0.783,0.757
1,5,news,19960,6.8637,0.997,11.356,0.0,0.5223,5.8645,2.5203,3.3441,1.9509,16,0.258,0.0196,0.41,0.127,0.0,0.818,0.917,0.831,0.688,0.268,0.654,0.579,0.474,0.357,0.83,0.792,0.746,0.552,0.925,0.89,0.806,0.713
1,5,val,5988,6.8875,1.0,11.356,0.0,0.5223,5.8645,2.5203,3.3441,1.9509,16,0.258,0.0218,0.101,0.124,0.0,0.868,0.85,0.717,0.898,0.305,0.612,0.535,0.462,0.368,0.786,0.726,0.674,0.507,0.9,0.842,0.752,0.655
1,6,code,19960,8.4839,0.948,11.9641,0.0,0.6995,5.9762,1.6418,4.3344,2.4767,44,0.089,0.0074,1.0,0.122,0.0,0.86,0.793,0.73,0.551,0.542,0.751,0.561,0.474,0.631,0.917,0.802,0.764,0.81,0.985,0.931,0.853,0.888
1,6,dialogue,19960,8.7542,0.978,11.9641,0.0,0.6995,5.9762,1.6418,4.3344,2.4767,44,0.089,0.0063,1.0,0.116,0.0,0.797,0.792,0.793,0.574,0.559,0.756,0.602,0.517,0.629,0.931,0.813,0.823,0.783,0.992,0.944,0.9,0.874
1,6,fiction,19960,8.5727,0.957,11.9641,0.0,0.6995,5.9762,1.6418,4.3344,2.4767,44,0.089,0.0209,0.995,0.188,0.0,0.756,0.764,0.741,0.609,0.576,0.754,0.614,0.55,0.648,0.924,0.79,0.806,0.805,0.99,0.921,0.866,0.885
1,6,math,19960,8.6339,0.964,11.9641,0.0,0.6995,5.9762,1.6418,4.3344,2.4767,44,0.089,0.0066,0.947,0.144,0.0,0.804,0.795,0.771,0.517,0.579,0.769,0.589,0.52,0.644,0.932,0.795,0.807,0.783,0.988,0.931,0.87,0.871
1,6,news,19960,9.2068,1.028,11.9641,0.0,0.6995,5.9762,1.6418,4.3344,2.4767,44,0.089,0.005,1.0,0.159,0.0,0.764,0.849,0.832,0.418,0.566,0.773,0.607,0.533,0.62,0.933,0.801,0.837,0.753,0.986,0.946,0.89,0.854
1,6,val,5988,8.9536,1.0,11.9641,0.0,0.6995,5.9762,1.6418,4.3344,2.4767,44,0.089,0.0288,1.0,0.238,0.0,0.53,0.712,0.568,0.445,0.714,0.823,0.719,0.68,0.736,0.935,0.839,0.796,0.832,0.982,0.931,0.86,0.894
1,7,code,19960,7.8734,0.9,12.2066,0.0,0.2998,5.8347,3.1884,2.6463,2.1322,1,0.208,0.0437,0.927,0.108,0.0,0.9,0.796,0.685,1.012,0.219,0.624,0.51,0.385,0.402,0.813,0.695,0.651,0.623,0.937,0.833,0.741,0.781
1,7,dialogue,19960,9.0421,1.034,12.2066,0.0,0.2998,5.8347,3.1884,2.6463,2.1322,1,0.208,0.0392,0.722,0.106,0.0,0.792,0.823,0.839,0.973,0.319,0.722,0.615,0.481,0.454,0.882,0.782,0.801,0.673,0.955,0.893,0.85,0.805
1,7,fiction,19960,8.5995,0.984,12.2066,0.0,0.2998,5.8347,3.1884,2.6463,2.1322,1,0.208,0.05,0.588,0.113,0.0,0.796,0.802,0.835,1.143,0.342,0.743,0.625,0.482,0.474,0.9,0.787,0.808,0.688,0.965,0.895,0.847,0.809
1,7,math,19960,8.5022,0.972,12.2066,0.0,0.2998,5.8347,3.1884,2.6463,2.1322,1,0.208,0.0418,0.646,0.112,0.0,0.84,0.825,0.815,1.066,0.27,0.704,0.579,0.44,0.408,0.873,0.765,0.773,0.639,0.955,0.884,0.831,0.791
1,7,news,19960,8.9214,1.02,12.2066,0.0,0.2998,5.8347,3.1884,2.6463,2.1322,1,0.208,0.0348,0.579,0.114,0.0,0.844,0.767,0.787,1.118,0.354,0.718,0.583,0.428,0.416,0.879,0.745,0.761,0.636,0.958,0.877,0.81,0.815
1,7,val,5988,8.7436,1.0,12.2066,0.0,0.2998,5.8347,3.1884,2.6463,2.1322,1,0.208,0.031,0.271,0.118,0.0,0.771,0.765,0.668,1.11,0.365,0.693,0.568,0.476,0.403,0.842,0.733,0.695,0.581,0.934,0.842,0.782,0.74
1,8,code,19960,7.7309,1.288,9.0201,0.0,0.1143,5.8335,4.235,1.5985,1.4276,23,0.107,0.0032,0.297,0.178,0.0,0.97,0.058,0.053,2.011,0.098,0.67,0.159,0.155,0.279,0.826,0.202,0.211,0.464,0.926,0.274,0.255,0.673
1,8,dialogue,19960,6.8817,1.146,9.0201,0.0,0.1143,5.8335,4.235,1.5985,1.4276,23,0.107,0.0195,0.344,0.184,0.0,0.995,0.417,0.494,1.713,0.076,0.473,0.143,0.143,0.171,0.676,0.302,0.278,0.316,0.856,0.577,0.637,0.512
1,8,fiction,19960,6.3437,1.057,9.0201,0.0,0.1143,5.8335,4.235,1.5985,1.4276,23,0.107,0.0258,0.336,0.179,0.0,0.984,0.482,0.18,1.777,0.067,0.508,0.271,0.303,0.14,0.704,0.451,0.367,0.271,0.867,0.645,0.607,0.477
1,8,math,19960,7.0057,1.167,9.0201,0.0,0.1143,5.8335,4.235,1.5985,1.4276,23,0.107,0.0217,0.046,0.18,0.0,0.987,0.21,0.153,1.875,0.099,0.524,0.122,0.12,0.194,0.71,0.225,0.21,0.341,0.865,0.446,0.468,0.544
1,8,news,19960,6.7492,1.124,9.0201,0.0,0.1143,5.8335,4.235,1.5985,1.4276,23,0.107,0.0184,0.074,0.177,0.0,0.991,0.379,0.217,1.769,0.132,0.426,0.161,0.157,0.181,0.608,0.32,0.277,0.32,0.794,0.549,0.491,0.535
1,8,val,5988,6.0036,1.0,9.0201,0.0,0.1143,5.8335,4.235,1.5985,1.4276,23,0.107,0.0253,0.0,0.183,0.0,0.995,0.413,0.339,1.924,0.095,0.381,0.154,0.152,0.127,0.553,0.299,0.293,0.228,0.738,0.515,0.465,0.391
1,9,code,19960,8.3266,0.893,13.4375,0.0,0.2421,5.8005,3.4983,2.3023,2.0116,28,0.285,0.1848,0.932,0.547,0.0,0.543,0.942,0.952,1.276,0.342,0.908,0.775,0.648,0.647,0.987,0.947,0.921,0.838,0.999,0.969,0.961,0.961
1,9,dialogue,19960,9.4882,1.017,13.4375,0.0,0.2421,5.8005,3.4983,2.3023,2.0116,28,0.285,0.107,0.601,0.517,0.0,0.661,0.956,0.953,1.122,0.316,0.879,0.749,0.553,0.499,0.979,0.936,0.902,0.768,0.998,0.969,0.946,0.947
1,9,fiction,19960,9.0534,0.97,13.4375,0.0,0.2421,5.8005,3.4983,2.3023,2.0116,28,0.285,0.1216,0.54,0.485,0.0,0.668,0.938,0.938,1.201,0.32,0.893,0.76,0.589,0.527,0.981,0.932,0.912,0.786,0.998,0.962,0.94,0.962
1,9,math,19960,8.7494,0.938,13.4375,0.0,0.2421,5.8005,3.4983,2.3023,2.0116,28,0.285,0.1336,0.615,0.494,0.0,0.644,0.953,0.957,1.226,0.304,0.898,0.768,0.596,0.549,0.984,0.943,0.928,0.785,0.998,0.967,0.954,0.95
1,9,news,19960,9.685,1.038,13.4375,0.0,0.2421,5.8005,3.4983,2.3023,2.0116,28,0.285,0.0882,0.57,0.453,0.0,0.637,0.943,0.943,1.154,0.355,0.906,0.78,0.59,0.494,0.985,0.942,0.929,0.737,0.998,0.967,0.949,0.951
1,9,val,5988,9.3287,1.0,13.4375,0.0,0.2421,5.8005,3.4983,2.3023,2.0116,28,0.285,0.0766,0.346,0.475,0.0,0.721,0.935,0.918,1.235,0.367,0.85,0.709,0.542,0.443,0.955,0.902,0.873,0.64,0.991,0.954,0.928,0.891
1,10,code,19960,10.1141,1.009,14.9677,0.0,0.2757,5.9302,2.3528,3.5774,3.7249,55,0.165,0.0412,0.998,0.493,0.0,0.304,0.754,0.084,1.856,0.787,0.878,0.802,0.807,0.706,0.957,0.898,0.82,0.762,0.981,0.948,0.842,0.886
1,10,dialogue,19960,10.1766,1.015,14.9677,0.0,0.2757,5.9302,2.3528,3.5774,3.7249,55,0.165,0.0308,0.998,0.473,0.0,0.401,0.83,0.084,1.805,0.67,0.845,0.756,0.772,0.559,0.95,0.894,0.788,0.632,0.979,0.947,0.814,0.808
1,10,fiction,19960,9.9074,0.988,14.9677,0.0,0.2757,5.9302,2.3528,3.5774,3.7249,55,0.165,0.0516,0.99,0.489,0.0,0.303,0.787,0.092,1.891,0.658,0.881,0.784,0.809,0.568,0.968,0.912,0.823,0.654,0.987,0.956,0.844,0.856
1,10,math,19960,10.0467,1.002,14.9677,0.0,0.2757,5.9302,2.3528,3.5774,3.7249,55,0.165,0.0408,0.994,0.488,0.0,0.368,0.846,0.087,1.851,0.698,0.865,0.77,0.781,0.59,0.957,0.902,0.797,0.663,0.983,0.953,0.821,0.822
1,10,news,19960,10.1304,1.011,14.9677,0.0,0.2757,5.9302,2.3528,3.5774,3.7249,55,0.165,0.028,1.0,0.452,0.0,0.367,0.845,0.088,1.809,0.654,0.873,0.771,0.788,0.545,0.96,0.904,0.805,0.615,0.983,0.955,0.83,0.788
1,10,val,5988,10.0243,1.0,14.9677,0.0,0.2757,5.9302,2.3528,3.5774,3.7249,55,0.165,0.0532,1.0,0.502,0.0,0.473,0.776,0.086,1.9,0.77,0.852,0.714,0.71,0.609,0.936,0.858,0.731,0.685,0.974,0.925,0.763,0.861
1,11,code,19960,8.8156,0.9,12.9664,0.0,0.3232,5.9357,2.9488,2.9869,2.5809,3,0.475,0.1256,0.973,0.634,0.0,0.632,0.867,0.71,1.354,0.341,0.829,0.642,0.642,0.473,0.962,0.886,0.842,0.723,0.993,0.955,0.874,0.927
1,11,dialogue,19960,10.135,1.035,12.9664,0.0,0.3232,5.9357,2.9488,2.9869,2.5809,3,0.475,0.1272,0.896,0.602,0.0,0.466,0.861,0.721,1.137,0.376,0.876,0.725,0.737,0.486,0.982,0.915,0.889,0.763,0.997,0.969,0.906,0.954
1,11,fiction,19960,9.4513,0.965,12.9664,0.0,0.3232,5.9357,2.9488,2.9869,2.5809,3,0.475,0.1512,0.761,0.597,0.0,0.472,0.817,0.687,1.335,0.385,0.866,0.729,0.735,0.524,0.977,0.901,0.873,0.784,0.996,0.953,0.895,0.954
1,11,math,19960,9.3734,0.957,12.9664,0.0,0.3232,5.9357,2.9488,2.9869,2.5809,3,0.475,0.1274,0.776,0.575,0.0,0.404,0.836,0.648,1.279,0.341,0.869,0.752,0.76,0.465,0.974,0.913,0.879,0.723,0.995,0.964,0.905,0.94
1,11,news,19960,9.9613,1.017,12.9664,0.0,0.3232,5.9357,2.9488,2.9869,2.5809,3,0.475,0.0961,0.758,0.574,0.0,0.311,0.853,0.711,1.105,0.369,0.891,0.791,0.801,0.448,0.981,0.931,0.911,0.697,0.997,0.973,0.927,0.942
1,11,val,5988,9.7943,1.0,12.9664,0.0,0.3232,5.9357,2.9488,2.9869,2.5809,3,0.475,0.0544,0.277,0.59,0.0,0.537,0.822,0.559,1.084,0.41,0.815,0.69,0.688,0.405,0.948,0.875,0.83,0.58,0.988,0.949,0.864,0.847
1,12,code,19960,6.956,0.983,10.7999,0.0,0.5405,5.8656,2.5189,3.3468,1.4055,39,0.261,0.0744,0.977,0.489,0.0,0.845,0.8,0.786,1.011,0.249,0.704,0.541,0.536,0.473,0.885,0.745,0.758,0.72,0.967,0.879,0.843,0.914
1,12,dialogue,19960,7.6188,1.077,10.7999,0.0,0.5405,5.8656,2.5189,3.3468,1.4055,39,0.261,0.0956,0.941,0.501,0.0,0.49,0.841,0.798,0.716,0.341,0.809,0.712,0.732,0.512,0.949,0.856,0.86,0.787,0.99,0.956,0.932,0.96
1,12,fiction,19960,7.4843,1.058,10.7999,0.0,0.5405,5.8656,2.5189,3.3468,1.4055,39,0.261,0.0945,0.766,0.494,0.0,0.495,0.613,0.542,0.763,0.381,0.796,0.704,0.715,0.535,0.937,0.82,0.82,0.782,0.985,0.923,0.889,0.952
1,12,math,19960,7.1604,1.012,10.7999,0.0,0.5405,5.8656,2.5189,3.3468,1.4055,39,0.261,0.0885,0.788,0.493,0.0,0.587,0.754,0.7,0.858,0.335,0.779,0.668,0.676,0.505,0.922,0.822,0.824,0.773,0.978,0.918,0.879,0.93
1,12,news,19960,7.3962,1.046,10.7999,0.0,0.5405,5.8656,2.5189,3.3468,1.4055,39,0.261,0.0714,0.775,0.502,0.0,0.411,0.653,0.555,0.637,0.378,0.812,0.733,0.747,0.499,0.936,0.846,0.838,0.756,0.982,0.933,0.893,0.927
1,12,val,5988,7.073,1.0,10.7999,0.0,0.5405,5.8656,2.5189,3.3468,1.4055,39,0.261,0.0359,0.326,0.49,0.0,0.779,0.781,0.722,0.7,0.433,0.687,0.587,0.583,0.51,0.866,0.79,0.758,0.687,0.961,0.891,0.84,0.848
1,13,code,19960,6.6008,1.03,9.999,0.0,0.4345,5.8608,2.5699,3.2909,2.3637,20,0.227,0.0482,0.914,0.126,0.0,0.939,0.579,0.479,1.28,0.292,0.578,0.46,0.362,0.402,0.776,0.579,0.513,0.622,0.923,0.716,0.586,0.816
1,13,dialogue,19960,6.5797,1.027,9.999,0.0,0.4345,5.8608,2.5699,3.2909,2.3637,20,0.227,0.0433,0.527,0.129,0.0,0.907,0.73,0.638,0.897,0.285,0.599,0.527,0.414,0.423,0.805,0.658,0.602,0.662,0.936,0.807,0.675,0.823
1,13,fiction,19960,6.4739,1.011,9.999,0.0,0.4345,5.8608,2.5699,3.2909,2.3637,20,0.227,0.0536,0.433,0.139,0.0,0.883,0.706,0.624,1.152,0.278,0.637,0.532,0.422,0.429,0.825,0.67,0.622,0.65,0.94,0.808,0.697,0.81
1,13,math,19960,6.1311,0.957,9.999,0.0,0.4345,5.8608,2.5699,3.2909,2.3637,20,0.227,0.063,0.508,0.131,0.0,0.875,0.759,0.681,1.095,0.263,0.635,0.562,0.436,0.462,0.82,0.707,0.645,0.678,0.94,0.839,0.733,0.814
1,13,news,19960,6.6551,1.039,9.999,0.0,0.4345,5.8608,2.5699,3.2909,2.3637,20,0.227,0.0533,0.455,0.133,0.0,0.821,0.804,0.75,0.886,0.31,0.666,0.606,0.481,0.495,0.853,0.746,0.703,0.704,0.954,0.87,0.781,0.818
1,13,val,5988,6.4056,1.0,9.999,0.0,0.4345,5.8608,2.5699,3.2909,2.3637,20,0.227,0.05,0.131,0.141,0.0,0.89,0.826,0.608,0.915,0.317,0.602,0.544,0.444,0.439,0.8,0.728,0.62,0.665,0.932,0.867,0.744,0.812
1,14,code,19960,7.8085,0.94,14.1184,0.0,0.6446,5.9537,1.9037,4.05,2.254,23,0.245,0.0508,0.962,0.494,0.0,0.61,0.678,0.275,0.912,0.585,0.762,0.657,0.656,0.659,0.918,0.797,0.706,0.828,0.974,0.905,0.769,0.922
1,14,dialogue,19960,8.4466,1.017,14.1184,0.0,0.6446,5.9537,1.9037,4.05,2.254,23,0.245,0.0706,0.902,0.495,0.0,0.18,0.562,0.096,0.633,0.653,0.895,0.859,0.862,0.727,0.972,0.918,0.876,0.902,0.992,0.956,0.893,0.969
1,14,fiction,19960,8.5713,1.032,14.1184,0.0,0.6446,5.9537,1.9037,4.05,2.254,23,0.245,0.055,0.512,0.487,0.0,0.265,0.646,0.119,0.644,0.69,0.88,0.81,0.812,0.746,0.965,0.897,0.834,0.883,0.99,0.952,0.863,0.956
1,14,math,19960,8.1345,0.98,14.1184,0.0,0.6446,5.9537,1.9037,4.05,2.254,23,0.245,0.0612,0.664,0.496,0.0,0.246,0.587,0.17,0.641,0.665,0.878,0.824,0.826,0.737,0.962,0.896,0.849,0.881,0.987,0.945,0.875,0.95
1,14,news,19960,8.3694,1.008,14.1184,0.0,0.6446,5.9537,1.9037,4.05,2.254,23,0.245,0.0488,0.64,0.504,0.0,0.174,0.582,0.198,0.518,0.602,0.881,0.849,0.851,0.667,0.959,0.911,0.876,0.846,0.985,0.951,0.897,0.949
1,14,val,5988,8.3048,1.0,14.1184,0.0,0.6446,5.9537,1.9037,4.05,2.254,23,0.245,0.036,0.211,0.468,0.0,0.402,0.635,0.305,0.673,0.643,0.813,0.77,0.768,0.671,0.922,0.858,0.816,0.772,0.971,0.924,0.862,0.876
1,15,code,19960,7.3744,1.023,8.9682,0.0,0.1195,5.6351,4.2336,1.4015,1.305,2,0.231,0.0274,0.92,0.042,0.0,0.888,0.659,0.633,1.638,0.105,0.741,0.443,0.294,0.232,0.914,0.676,0.652,0.4,0.978,0.78,0.742,0.59
1,15,dialogue,19960,7.4594,1.035,8.9682,0.0,0.1195,5.6351,4.2336,1.4015,1.305,2,0.231,0.0256,0.518,0.049,0.0,0.881,0.666,0.63,1.648,0.096,0.701,0.396,0.275,0.16,0.875,0.633,0.606,0.311,0.958,0.735,0.697,0.482
1,15,fiction,19960,7.1055,0.986,8.9682,0.0,0.1195,5.6351,4.2336,1.4015,1.305,2,0.231,0.034,0.43,0.05,0.0,0.849,0.831,0.826,1.684,0.11,0.722,0.464,0.341,0.194,0.896,0.741,0.725,0.343,0.963,0.819,0.801,0.509
1,15,math,19960,7.3355,1.018,8.9682,0.0,0.1195,5.6351,4.2336,1.4015,1.305,2,0.231,0.0306,0.538,0.05,0.0,0.875,0.662,0.64,1.652,0.112,0.727,0.426,0.305,0.194,0.903,0.663,0.648,0.345,0.97,0.763,0.725,0.506
1,15,news,19960,7.7883,1.08,8.9682,0.0,0.1195,5.6351,4.2336,1.4015,1.305,2,0.231,0.0278,0.447,0.053,0.0,0.851,0.833,0.827,1.584,0.126,0.723,0.473,0.353,0.181,0.901,0.747,0.735,0.325,0.966,0.831,0.814,0.479
1,15,val,5988,7.2094,1.0,8.9682,0.0,0.1195,5.6351,4.2336,1.4015,1.305,2,0.231,0.0257,0.181,0.06,0.0,0.925,0.588,0.473,1.708,0.133,0.696,0.325,0.258,0.117,0.86,0.559,0.508,0.215,0.939,0.709,0.659,0.356
2,0,code,19960,8.8063,1.412,9.1443,0.0,0.0981,5.7564,4.5835,1.1729,1.044,36,0.453,0.0152,0.691,0.414,0.0,0.832,0.04,0.017,0.905,0.264,0.675,0.429,0.429,0.466,0.831,0.449,0.443,0.636,0.939,0.505,0.564,0.797
2,0,dialogue,19960,7.4243,1.19,9.1443,0.0,0.0981,5.7564,4.5835,1.1729,1.044,36,0.453,0.0504,0.601,0.486,0.0,0.926,0.444,0.434,1.36,0.153,0.581,0.416,0.416,0.211,0.732,0.518,0.542,0.359,0.872,0.629,0.631,0.611
2,0,fiction,19960,6.7886,1.088,9.1443,0.0,0.0981,5.7564,4.5835,1.1729,1.044,36,0.453,0.0488,0.421,0.459,0.0,0.928,0.681,0.676,1.349,0.113,0.613,0.46,0.46,0.168,0.771,0.626,0.632,0.316,0.894,0.747,0.733,0.589
2,0,math,19960,7.3796,1.183,9.1443,0.0,0.0981,5.7564,4.5835,1.1729,1.044,36,0.453,0.056,0.412,0.469,0.0,0.899,0.383,0.355,1.359,0.178,0.634,0.488,0.488,0.254,0.786,0.581,0.582,0.428,0.906,0.684,0.691,0.67
2,0,news,19960,6.8894,1.104,9.1443,0.0,0.0981,5.7564,4.5835,1.1729,1.044,36,0.453,0.051,0.414,0.486,0.0,0.795,0.619,0.587,1.351,0.122,0.713,0.608,0.608,0.164,0.829,0.712,0.711,0.324,0.917,0.805,0.82,0.603
2,0,val,5988,6.2376,1.0,9.1443,0.0,0.0981,5.7564,4.5835,1.1729,1.044,36,0.453,0.0463,0.008,0.481,0.0,0.907,0.776,0.779,1.593,0.116,0.636,0.481,0.481,0.13,0.777,0.662,0.667,0.247,0.885,0.786,0.772,0.451
2,1,code,19960,7.642,1.121,9.024,0.0,0.2373,5.7784,3.3812,2.3972,2.0242,34,0.328,0.0035,0.171,0.238,0.0,0.95,0.589,0.203,0.509,0.287,0.596,0.32,0.311,0.456,0.77,0.532,0.401,0.645,0.904,0.778,0.547,0.802
2,1,dialogue,19960,6.9699,1.023,9.024,0.0,0.2373,5.7784,3.3812,2.3972,2.0242,34,0.328,0.014,0.061,0.227,0.0,0.965,0.758,0.344,0.805,0.153,0.492,0.302,0.295,0.251,0.686,0.556,0.418,0.403,0.853,0.754,0.625,0.623
2,1,fiction,19960,6.6406,0.974,9.024,0.0,0.2373,5.7784,3.3812,2.3972,2.0242,34,0.328,0.0208,0.106,0.225,0.0,0.957,0.849,0.363,0.768,0.143,0.529,0.332,0.327,0.276,0.732,0.629,0.458,0.448,0.886,0.806,0.726,0.675
2,1,math,19960,7.1457,1.048,9.024,0.0,0.2373,5.7784,3.3812,2.3972,2.0242,34,0.328,0.0212,0.04,0.227,0.0,0.937,0.718,0.373,0.761,0.249,0.571,0.403,0.394,0.36,0.755,0.63,0.516,0.544,0.895,0.807,0.674,0.729
2,1,news,19960,7.0285,1.031,9.024,0.0,0.2373,5.7784,3.3812,2.3972,2.0242,34,0.328,0.0222,0.086,0.216,0.0,0.927,0.844,0.478,0.92,0.205,0.573,0.43,0.425,0.266,0.759,0.683,0.562,0.432,0.895,0.836,0.757,0.659
2,1,val,5988,6.8152,1.0,9.024,0.0,0.2373,5.7784,3.3812,2.3972,2.0242,34,0.328,0.0263,0.004,0.223,0.0,0.936,0.783,0.576,1.169,0.195,0.565,0.428,0.422,0.226,0.736,0.653,0.571,0.368,0.869,0.795,0.715,0.558
2,2,code,19960,7.6997,1.306,8.3086,0.0,0.0789,5.8359,4.6296,1.2063,1.1316,32,0.293,0.0034,0.162,0.252,0.0,0.989,0.38,0.172,1.925,0.225,0.506,0.175,0.174,0.25,0.686,0.353,0.289,0.408,0.846,0.464,0.353,0.614
2,2,dialogue,19960,7.1866,1.219,8.3086,0.0,0.0789,5.8359,4.6296,1.2063,1.1316,32,0.293,0.0141,0.131,0.223,0.0,0.986,0.3,0.131,1.963,0.142,0.474,0.232,0.229,0.16,0.657,0.354,0.32,0.293,0.824,0.487,0.375,0.501
2,2,fiction,19960,7.0366,1.193,8.3086,0.0,0.0789,5.8359,4.6296,1.2063,1.1316,32,0.293,0.0224,0.2,0.244,0.0,0.976,0.485,0.342,2.062,0.165,0.541,0.289,0.28,0.162,0.714,0.471,0.425,0.297,0.858,0.581,0.508,0.505
2,2,math,19960,6.8965,1.169,8.3086,0.0,0.0789,5.8359,4.6296,1.2063,1.1316,32,0.293,0.0253,0.178,0.226,0.0,0.972,0.502,0.345,2.037,0.182,0.526,0.311,0.3,0.192,0.702,0.486,0.446,0.345,0.85,0.591,0.521,0.554
2,2,news,19960,6.7361,1.142,8.3086,0.0,0.0789,5.8359,4.6296,1.2063,1.1316,32,0.293,0.0266,0.288,0.255,0.0,0.954,0.566,0.447,2.014,0.166,0.573,0.387,0.381,0.155,0.729,0.563,0.53,0.289,0.856,0.655,0.606,0.494
2,2,val,5988,5.897,1.0,8.3086,0.0,0.0789,5.8359,4.6296,1.2063,1.1316,32,0.293,0.0268,0.002,0.217,0.0,0.975,0.596,0.521,2.218,0.147,0.523,0.324,0.319,0.122,0.672,0.504,0.475,0.229,0.81,0.648,0.607,0.401
2,3,code,19960,7.6464,1.393,7.7097,0.0,0.0359,5.7489,4.7786,0.9702,0.9529,12,0.349,0.005,0.121,0.487,0.0,0.987,0.506,0.518,1.544,0.135,0.576,0.158,0.158,0.214,0.729,0.395,0.422,0.376,0.864,0.481,0.477,0.601
2,3,dialogue,19960,6.8888,1.255,7.7097,0.0,0.0359,5.7489,4.7786,0.9702,0.9529,12,0.349,0.0204,0.046,0.466,0.0,0.992,0.59,0.587,1.585,0.071,0.458,0.193,0.193,0.12,0.64,0.429,0.436,0.246,0.824,0.557,0.597,0.47
2,3,fiction,19960,6.4089,1.168,7.7097,0.0,0.0359,5.7489,4.7786,0.9702,0.9529,12,0.349,0.0292,0.041,0.489,0.0,0.99,0.739,0.741,1.552,0.08,0.534,0.246,0.246,0.12,0.689,0.503,0.517,0.23,0.83,0.618,0.622,0.425
2,3,math,19960,6.4519,1.175,7.7097,0.0,0.0359,5.7489,4.7786,0.9702,0.9529,12,0.349,0.0352,0.047,0.478,0.0,0.991,0.704,0.709,1.486,0.098,0.485,0.25,0.251,0.149,0.665,0.503,0.519,0.278,0.83,0.61,0.62,0.488
2,3,news,19960,6.1935,1.128,7.7097,0.0,0.0359,5.7489,4.7786,0.9702,0.9529,12,0.349,0.03,0.022,0.494,0.0,0.985,0.833,0.852,1.606,0.075,0.532,0.301,0.301,0.106,0.69,0.575,0.594,0.203,0.824,0.674,0.672,0.377
2,3,val,5988,5.4887,1.0,7.7097,0.0,0.0359,5.7489,4.7786,0.9702,0.9529,12,0.349,0.0476,0.0,0.494,0.0,0.981,0.469,0.388,1.728,0.082,0.507,0.36,0.36,0.099,0.646,0.469,0.454,0.18,0.787,0.616,0.599,0.325
2,4,code,19960,8.9203,1.208,12.3897,0.0,0.4248,5.7606,2.6037,3.1568,2.7119,7,0.342,0.0048,0.0,0.479,0.0,0.879,0.705,0.101,0.98,0.425,0.728,0.334,0.329,0.515,0.857,0.633,0.388,0.728,0.937,0.822,0.48,0.834
2,4,dialogue,19960,7.9965,1.083,12.3897,0.0,0.4248,5.7606,2.6037,3.1568,2.7119,7,0.342,0.0254,0.0,0.486,0.0,0.872,0.734,0.085,0.869,0.346,0.69,0.442,0.44,0.466,0.843,0.69,0.484,0.675,0.933,0.84,0.562,0.824
2,4,fiction,19960,7.5584,1.024,12.3897,0.0,0.4248,5.7606,2.6037,3.1568,2.7119,7,0.342,0.0346,0.0,0.485,0.0,0.891,0.708,0.127,0.987,0.278,0.659,0.463,0.462,0.395,0.818,0.685,0.519,0.633,0.918,0.83,0.604,0.808
2,4,math,19960,8.0266,1.087,12.3897,0.0,0.4248,5.7606,2.6037,3.1568,2.7119,7,0.342,0.0366,0.0,0.468,0.0,0.831,0.72,0.107,1.011,0.394,0.709,0.475,0.473,0.491,0.86,0.716,0.521,0.712,0.943,0.859,0.595,0.845
2,4,news,19960,7.304,0.989,12.3897,0.0,0.4248,5.7606,2.6037,3.1568,2.7119,7,0.342,0.0366,0.0,0.489,0.0,0.877,0.658,0.15,1.048,0.265,0.653,0.496,0.496,0.372,0.815,0.691,0.559,0.598,0.919,0.827,0.647,0.799
2,4,val,5988,7.3838,1.0,12.3897,0.0,0.4248,5.7606,2.6037,3.1568,2.7119,7,0.342,0.0475,0.0,0.48,0.0,0.872,0.6,0.154,1.198,0.266,0.669,0.485,0.486,0.358,0.825,0.669,0.55,0.584,0.926,0.819,0.63,0.791
2,5,code,19960,7.4035,1.008,10.3419,0.0,0.6819,5.9759,1.7723,4.2036,2.7624,7,0.092,0.0254,0.488,0.014,0.0,0.942,0.514,0.46,0.969,0.195,0.441,0.28,0.26,0.304,0.606,0.437,0.387,0.466,0.767,0.63,0.527,0.631
2,5,dialogue,19960,8.1578,1.111,10.3419,0.0,0.6819,5.9759,1.7723,4.2036,2.7624,7,0.092,0.025,0.259,0.014,0.0,0.756,0.61,0.433,0.568,0.467,0.626,0.533,0.483,0.547,0.739,0.64,0.54,0.662,0.847,0.766,0.663,0.755
2,5,fiction,19960,8.305,1.131,10.3419,0.0,0.6819,5.9759,1.7723,4.2036,2.7624,7,0.092,0.0254,0.189,0.014,0.0,0.746,0.526,0.329,0.815,0.478,0.667,0.523,0.471,0.553,0.777,0.623,0.525,0.688,0.873,0.748,0.652,0.773
2,5,math,19960,7.4993,1.021,10.3419,0.0,0.6819,5.9759,1.7723,4.2036,2.7624,7,0.092,0.0264,0.304,0.014,0.0,0.825,0.567,0.345,0.687,0.373,0.565,0.445,0.402,0.462,0.702,0.572,0.493,0.589,0.83,0.718,0.592,0.708
2,5,news,19960,7.499,1.021,10.3419,0.0,0.6819,5.9759,1.7723,4.2036,2.7624,7,0.092,0.027,0.171,0.014,0.0,0.82,0.543,0.277,0.676,0.357,0.568,0.43,0.403,0.438,0.704,0.563,0.496,0.566,0.83,0.709,0.584,0.686
2,5,val,5988,7.3418,1.0,10.3419,0.0,0.6819,5.9759,1.7723,4.2036,2.7624,7,0.092,0.0262,0.194,0.014,0.0,0.829,0.584,0.199,0.686,0.371,0.532,0.44,0.397,0.448,0.651,0.546,0.459,0.563,0.774,0.674,0.552,0.671
2,6,code,19960,6.8457,1.206,9.2293,0.0,0.2233,5.7011,3.6026,2.0986,1.8764,43,0.132,0.0022,0.0,0.163,0.0,0.841,0.682,0.036,0.88,0.309,0.762,0.456,0.383,0.566,0.881,0.64,0.413,0.757,0.953,0.827,0.553,0.899
2,6,dialogue,19960,6.1177,1.077,9.2293,0.0,0.2233,5.7011,3.6026,2.0986,1.8764,43,0.132,0.0106,0.0,0.155,0.0,0.954,0.747,0.051,0.86,0.221,0.657,0.392,0.331,0.445,0.803,0.597,0.388,0.635,0.917,0.802,0.52,0.808
2,6,fiction,19960,6.0176,1.06,9.2293,0.0,0.2233,5.7011,3.6026,2.0986,1.8764,43,0.132,0.014,0.0,0.166,0.0,0.977,0.69,0.108,1.19,0.167,0.566,0.314,0.259,0.327,0.747,0.537,0.329,0.504,0.891,0.744,0.465,0.724
2,6,math,19960,6.1989,1.092,9.2293,0.0,0.2233,5.7011,3.6026,2.0986,1.8764,43,0.132,0.018,0.0,0.16,0.0,0.928,0.712,0.07,1.149,0.256,0.646,0.39,0.344,0.436,0.811,0.6,0.407,0.631,0.927,0.798,0.527,0.822
2,6,news,19960,5.9214,1.043,9.2293,0.0,0.2233,5.7011,3.6026,2.0986,1.8764,43,0.132,0.0162,0.0,0.161,0.0,0.958,0.668,0.084,1.29,0.209,0.587,0.34,0.3,0.365,0.765,0.543,0.376,0.563,0.904,0.758,0.486,0.797
2,6,val,5988,5.6778,1.0,9.2293,0.0,0.2233,5.7011,3.6026,2.0986,1.8764,43,0.132,0.0207,0.0,0.16,0.0,0.979,0.582,0.168,1.668,0.187,0.446,0.276,0.266,0.25,0.643,0.467,0.355,0.418,0.828,0.682,0.435,0.648
2,7,code,19960,6.075,1.066,13.6977,0.0,0.7975,5.9756,1.0065,4.9691,4.2817,51,0.022,0.015,0.559,0.008,0.0,0.644,0.981,0.061,0.209,0.654,0.898,0.869,0.609,0.864,0.975,0.956,0.625,0.957,0.991,0.984,0.66,0.972
2,7,dialogue,19960,5.9239,1.04,13.6977,0.0,0.7975,5.9756,1.0065,4.9691,4.2817,51,0.022,0.0162,0.298,0.009,0.0,0.543,0.986,0.058,0.187,0.729,0.915,0.893,0.667,0.891,0.973,0.959,0.681,0.953,0.99,0.982,0.711,0.968
2,7,fiction,19960,5.9176,1.038,13.6977,0.0,0.7975,5.9756,1.0065,4.9691,4.2817,51,0.022,0.0142,0.237,0.008,0.0,0.608,0.978,0.063,0.223,0.676,0.903,0.865,0.626,0.866,0.974,0.955,0.642,0.955,0.989,0.981,0.675,0.967
2,7,math,19960,5.8165,1.021,13.6977,0.0,0.7975,5.9756,1.0065,4.9691,4.2817,51,0.022,0.0145,0.383,0.008,0.0,0.535,0.987,0.062,0.199,0.717,0.92,0.894,0.664,0.894,0.977,0.963,0.679,0.956,0.992,0.984,0.71,0.97
2,7,news,19960,5.7993,1.018,13.6977,0.0,0.7975,5.9756,1.0065,4.9691,4.2817,51,0.022,0.0125,0.18,0.007,0.0,0.574,0.976,0.061,0.226,0.714,0.898,0.861,0.652,0.874,0.963,0.943,0.667,0.939,0.984,0.971,0.697,0.955
2,7,val,5988,5.6987,1.0,13.6977,0.0,0.7975,5.9756,1.0065,4.9691,4.2817,51,0.022,0.0138,0.238,0.008,0.0,0.545,0.972,0.059,0.23,0.717,0.905,0.871,0.661,0.879,0.967,0.948,0.676,0.945,0.987,0.976,0.704,0.96
2,8,code,19960,7.7236,1.34,8.0741,0.0,0.1811,5.7687,4.1028,1.6659,1.1458,2,0.259,0.0054,0.248,0.382,0.0,0.947,0.559,0.297,0.874,0.225,0.551,0.331,0.331,0.433,0.745,0.473,0.339,0.611,0.903,0.642,0.529,0.785
2,8,dialogue,19960,6.7829,1.177,8.0741,0.0,0.1811,5.7687,4.1028,1.6659,1.1458,2,0.259,0.0222,0.119,0.439,0.0,0.966,0.465,0.354,1.589,0.133,0.396,0.285,0.286,0.213,0.58,0.409,0.351,0.35,0.776,0.561,0.498,0.566
2,8,fiction,19960,6.9081,1.198,8.0741,0.0,0.1811,5.7687,4.1028,1.6659,1.1458,2,0.259,0.0323,0.097,0.463,0.0,0.968,0.38,0.37,1.853,0.117,0.64,0.19,0.198,0.213,0.816,0.361,0.399,0.396,0.921,0.631,0.639,0.654
2,8,math,19960,6.7334,1.168,8.0741,0.0,0.1811,5.7687,4.1028,1.6659,1.1458,2,0.259,0.0361,0.069,0.452,0.0,0.963,0.485,0.332,1.566,0.17,0.47,0.35,0.352,0.277,0.66,0.47,0.397,0.443,0.838,0.617,0.537,0.661
2,8,news,19960,6.6621,1.156,8.0741,0.0,0.1811,5.7687,4.1028,1.6659,1.1458,2,0.259,0.032,0.073,0.469,0.0,0.95,0.447,0.385,1.626,0.179,0.5,0.392,0.392,0.236,0.674,0.501,0.452,0.388,0.833,0.634,0.571,0.611
2,8,val,5988,5.7641,1.0,8.0741,0.0,0.1811,5.7687,4.1028,1.6659,1.1458,2,0.259,0.0483,0.002,0.488,0.0,0.957,0.287,0.185,2.002,0.156,0.463,0.353,0.354,0.181,0.611,0.434,0.407,0.311,0.768,0.555,0.53,0.522
2,9,code,19960,7.2571,1.273,8.0014,0.0,0.2467,5.9132,4.0006,1.9126,1.2871,63,0.182,0.0044,0.402,0.178,0.0,0.97,0.291,0.126,2.582,0.244,0.489,0.22,0.219,0.294,0.655,0.325,0.234,0.412,0.81,0.435,0.36,0.574
2,9,dialogue,19960,6.4326,1.128,8.0014,0.0,0.2467,5.9132,4.0006,1.9126,1.2871,63,0.182,0.013,0.195,0.197,0.0,0.982,0.395,0.245,2.075,0.152,0.421,0.237,0.239,0.223,0.605,0.371,0.274,0.343,0.786,0.51,0.412,0.509
2,9,fiction,19960,6.3117,1.107,8.0014,0.0,0.2467,5.9132,4.0006,1.9126,1.2871,63,0.182,0.016,0.147,0.196,0.0,0.971,0.458,0.305,2.044,0.171,0.414,0.272,0.27,0.222,0.591,0.411,0.337,0.344,0.769,0.549,0.459,0.531
2,9,math,19960,6.5383,1.147,8.0014,0.0,0.2467,5.9132,4.0006,1.9126,1.2871,63,0.182,0.0198,0.141,0.192,0.0,0.976,0.392,0.207,2.258,0.215,0.444,0.275,0.275,0.264,0.621,0.403,0.323,0.397,0.792,0.525,0.436,0.572
2,9,news,19960,6.3933,1.121,8.0014,0.0,0.2467,5.9132,4.0006,1.9126,1.2871,63,0.182,0.016,0.165,0.184,0.0,0.94,0.49,0.24,1.718,0.235,0.475,0.374,0.372,0.28,0.647,0.503,0.427,0.395,0.805,0.617,0.503,0.559
2,9,val,5988,5.7022,1.0,8.0014,0.0,0.2467,5.9132,4.0006,1.9126,1.2871,63,0.182,0.0197,0.01,0.175,0.0,0.954,0.486,0.297,2.05,0.223,0.449,0.309,0.303,0.235,0.606,0.446,0.381,0.338,0.76,0.582,0.494,0.486
2,10,code,19960,8.5607,1.118,9.9436,0.0,0.2014,5.866,3.9805,1.8855,1.5667,54,0.382,0.009,0.486,0.382,0.0,0.977,0.485,0.509,1.702,0.118,0.699,0.171,0.162,0.184,0.853,0.41,0.357,0.379,0.951,0.573,0.538,0.683
2,10,dialogue,19960,8.3685,1.093,9.9436,0.0,0.2014,5.866,3.9805,1.8855,1.5667,54,0.382,0.0278,0.199,0.385,0.0,0.942,0.638,0.584,1.395,0.098,0.745,0.323,0.332,0.161,0.887,0.585,0.545,0.352,0.96,0.683,0.626,0.657
2,10,fiction,19960,7.9527,1.038,9.9436,0.0,0.2014,5.866,3.9805,1.8855,1.5667,54,0.382,0.0375,0.125,0.422,0.0,0.934,0.665,0.654,1.6,0.122,0.711,0.427,0.432,0.165,0.857,0.638,0.626,0.362,0.936,0.717,0.678,0.651
2,10,math,19960,8.2508,1.077,9.9436,0.0,0.2014,5.866,3.9805,1.8855,1.5667,54,0.382,0.0399,0.112,0.426,0.0,0.937,0.546,0.552,1.614,0.126,0.743,0.36,0.359,0.187,0.891,0.572,0.558,0.398,0.961,0.685,0.639,0.677
2,10,news,19960,8.1739,1.067,9.9436,0.0,0.2014,5.866,3.9805,1.8855,1.5667,54,0.382,0.0398,0.126,0.426,0.0,0.853,0.67,0.688,1.48,0.118,0.778,0.518,0.522,0.159,0.905,0.695,0.686,0.342,0.961,0.782,0.753,0.634
2,10,val,5988,7.6598,1.0,9.9436,0.0,0.2014,5.866,3.9805,1.8855,1.5667,54,0.382,0.0504,0.015,0.475,0.0,0.909,0.47,0.396,1.713,0.121,0.714,0.399,0.385,0.119,0.845,0.584,0.529,0.257,0.933,0.716,0.656,0.498
2,11,code,19960,6.5292,1.222,7.4264,0.0,0.3347,5.7398,3.189,2.5508,1.9714,38,0.132,0.0081,0.442,0.152,0.0,0.943,0.528,0.116,0.598,0.173,0.512,0.32,0.29,0.377,0.695,0.474,0.388,0.554,0.855,0.66,0.475,0.754
2,11,dialogue,19960,5.7974,1.085,7.4264,0.0,0.3347,5.7398,3.189,2.5508,1.9714,38,0.132,0.0178,0.249,0.176,0.0,0.958,0.554,0.203,1.105,0.13,0.393,0.251,0.243,0.246,0.58,0.42,0.359,0.411,0.779,0.626,0.489,0.657
2,11,fiction,19960,5.6551,1.059,7.4264,0.0,0.3347,5.7398,3.189,2.5508,1.9714,38,0.132,0.028,0.291,0.187,0.0,0.961,0.589,0.182,1.073,0.12,0.403,0.261,0.254,0.241,0.593,0.44,0.365,0.417,0.787,0.639,0.496,0.663
2,11,math,19960,5.677,1.063,7.4264,0.0,0.3347,5.7398,3.189,2.5508,1.9714,38,0.132,0.0229,0.183,0.162,0.0,0.955,0.611,0.167,0.814,0.148,0.435,0.307,0.289,0.308,0.625,0.486,0.404,0.489,0.814,0.68,0.521,0.72
2,11,news,19960,5.9613,1.116,7.4264,0.0,0.3347,5.7398,3.189,2.5508,1.9714,38,0.132,0.0242,0.227,0.176,0.0,0.96,0.668,0.19,0.867,0.177,0.449,0.342,0.323,0.319,0.644,0.54,0.435,0.498,0.825,0.706,0.532,0.716
2,11,val,5988,5.3419,1.0,7.4264,0.0,0.3347,5.7398,3.189,2.5508,1.9714,38,0.132,0.0265,0.026,0.175,0.0,0.974,0.583,0.227,1.237,0.156,0.388,0.286,0.282,0.248,0.572,0.465,0.404,0.399,0.76,0.638,0.505,0.603
2,12,code,19960,7.8343,1.067,10.4829,0.0,0.3663,5.7937,3.0465,2.7471,1.7268,5,0.516,0.006,0.294,0.364,0.0,0.93,0.794,0.598,0.629,0.315,0.583,0.365,0.365,0.443,0.761,0.646,0.581,0.598,0.893,0.787,0.71,0.73
2,12,dialogue,19960,7.4086,1.009,10.4829,0.0,0.3663,5.7937,3.0465,2.7471,1.7268,5,0.516,0.0221,0.115,0.446,0.0,0.922,0.817,0.664,0.869,0.183,0.623,0.43,0.43,0.291,0.809,0.709,0.672,0.467,0.929,0.883,0.859,0.677
2,12,fiction,19960,7.0942,0.966,10.4829,0.0,0.3663,5.7937,3.0465,2.7471,1.7268,5,0.516,0.0323,0.082,0.468,0.0,0.904,0.875,0.749,1.002,0.168,0.665,0.465,0.465,0.296,0.848,0.769,0.737,0.481,0.948,0.908,0.891,0.701
2,12,math,19960,7.5645,1.03,10.4829,0.0,0.3663,5.7937,3.0465,2.7471,1.7268,5,0.516,0.037,0.076,0.457,0.0,0.906,0.83,0.656,0.946,0.249,0.659,0.497,0.497,0.352,0.835,0.751,0.707,0.541,0.938,0.879,0.838,0.715
2,12,news,19960,7.4971,1.021,10.4829,0.0,0.3663,5.7937,3.0465,2.7471,1.7268,5,0.516,0.0352,0.143,0.476,0.0,0.879,0.886,0.729,0.837,0.178,0.711,0.567,0.567,0.267,0.859,0.795,0.763,0.461,0.948,0.918,0.896,0.711
2,12,val,5988,7.3424,1.0,10.4829,0.0,0.3663,5.7937,3.0465,2.7471,1.7268,5,0.516,0.0488,0.001,0.485,0.0,0.871,0.786,0.685,1.027,0.19,0.722,0.604,0.604,0.267,0.856,0.785,0.761,0.465,0.943,0.898,0.871,0.69
2,13,code,19960,8.4863,1.259,9.8409,0.0,0.3322,5.8503,2.7733,3.077,2.8074,22,0.253,0.0031,0.032,0.247,0.0,0.856,0.61,0.12,0.699,0.43,0.73,0.414,0.398,0.596,0.858,0.623,0.449,0.778,0.938,0.811,0.523,0.878
2,13,dialogue,19960,7.628,1.132,9.8409,0.0,0.3322,5.8503,2.7733,3.077,2.8074,22,0.253,0.0152,0.013,0.245,0.0,0.958,0.732,0.272,0.732,0.227,0.564,0.359,0.351,0.351,0.742,0.592,0.455,0.545,0.879,0.773,0.557,0.734
2,13,fiction,19960,7.3682,1.093,9.8409,0.0,0.3322,5.8503,2.7733,3.077,2.8074,22,0.253,0.0196,0.028,0.24,0.0,0.938,0.787,0.348,0.754,0.2,0.579,0.371,0.361,0.338,0.752,0.611,0.482,0.566,0.882,0.801,0.595,0.754
2,13,math,19960,7.2748,1.079,9.8409,0.0,0.3322,5.8503,2.7733,3.077,2.8074,22,0.253,0.0212,0.012,0.227,0.0,0.927,0.703,0.272,0.919,0.299,0.611,0.412,0.394,0.41,0.786,0.628,0.496,0.623,0.905,0.799,0.588,0.781
2,13,news,19960,7.2559,1.076,9.8409,0.0,0.3322,5.8503,2.7733,3.077,2.8074,22,0.253,0.0212,0.002,0.244,0.0,0.925,0.768,0.368,0.83,0.277,0.587,0.445,0.434,0.36,0.772,0.668,0.556,0.568,0.898,0.83,0.649,0.754
2,13,val,5988,6.7404,1.0,9.8409,0.0,0.3322,5.8503,2.7733,3.077,2.8074,22,0.253,0.0272,0.002,0.229,0.0,0.938,0.69,0.354,1.185,0.268,0.565,0.414,0.398,0.304,0.743,0.617,0.52,0.485,0.876,0.783,0.605,0.689
2,14,code,19960,7.8511,1.018,13.039,0.0,0.7397,5.9387,1.3956,4.5431,2.6307,5,0.413,0.0062,0.0,0.488,0.0,0.761,0.786,0.155,0.272,0.456,0.65,0.487,0.487,0.594,0.762,0.697,0.555,0.691,0.856,0.797,0.614,0.781
2,14,dialogue,19960,7.9104,1.026,13.039,0.0,0.7397,5.9387,1.3956,4.5431,2.6307,5,0.413,0.0223,0.0,0.493,0.0,0.652,0.753,0.193,0.357,0.504,0.721,0.644,0.644,0.597,0.831,0.795,0.697,0.714,0.909,0.871,0.738,0.826
2,14,fiction,19960,8.0303,1.041,13.039,0.0,0.7397,5.9387,1.3956,4.5431,2.6307,5,0.413,0.0331,0.0,0.496,0.0,0.697,0.753,0.156,0.446,0.432,0.717,0.63,0.63,0.566,0.831,0.794,0.679,0.721,0.906,0.865,0.721,0.836
2,14,math,19960,7.8294,1.015,13.039,0.0,0.7397,5.9387,1.3956,4.5431,2.6307,5,0.413,0.0356,0.0,0.48,0.0,0.677,0.743,0.179,0.456,0.436,0.713,0.631,0.631,0.563,0.825,0.785,0.684,0.716,0.901,0.859,0.73,0.821
2,14,news,19960,7.6496,0.992,13.039,0.0,0.7397,5.9387,1.3956,4.5431,2.6307,5,0.413,0.0354,0.0,0.501,0.0,0.738,0.691,0.184,0.449,0.335,0.697,0.635,0.635,0.462,0.808,0.772,0.688,0.66,0.89,0.846,0.738,0.816
2,14,val,5988,7.7122,1.0,13.039,0.0,0.7397,5.9387,1.3956,4.5431,2.6307,5,0.413,0.0508,0.0,0.489,0.0,0.64,0.69,0.141,0.572,0.356,0.735,0.675,0.675,0.493,0.837,0.8,0.717,0.691,0.906,0.864,0.761,0.821
2,15,code,19960,7.9635,1.132,9.9512,0.0,0.2154,5.6517,3.9201,1.7317,1.4091,17,0.427,0.0192,0.794,0.186,0.0,0.965,0.389,0.424,1.645,0.166,0.509,0.284,0.277,0.247,0.701,0.422,0.428,0.417,0.869,0.629,0.591,0.656
2,15,dialogue,19960,7.9569,1.131,9.9512,0.0,0.2154,5.6517,3.9201,1.7317,1.4091,17,0.427,0.0362,0.49,0.21,0.0,0.895,0.642,0.761,1.431,0.18,0.625,0.459,0.452,0.24,0.795,0.639,0.63,0.406,0.91,0.78,0.749,0.648
2,15,fiction,19960,7.8169,1.111,9.9512,0.0,0.2154,5.6517,3.9201,1.7317,1.4091,17,0.427,0.05,0.469,0.234,0.0,0.817,0.599,0.591,1.626,0.189,0.679,0.522,0.515,0.259,0.819,0.671,0.677,0.449,0.916,0.785,0.74,0.66
2,15,math,19960,7.5119,1.068,9.9512,0.0,0.2154,5.6517,3.9201,1.7317,1.4091,17,0.427,0.0476,0.428,0.219,0.0,0.87,0.589,0.621,1.544,0.191,0.633,0.486,0.477,0.28,0.801,0.649,0.647,0.481,0.919,0.797,0.768,0.684
2,15,news,19960,7.6152,1.083,9.9512,0.0,0.2154,5.6517,3.9201,1.7317,1.4091,17,0.427,0.0432,0.45,0.23,0.0,0.767,0.708,0.754,1.549,0.181,0.718,0.577,0.566,0.253,0.857,0.75,0.753,0.458,0.941,0.858,0.829,0.679
2,15,val,5988,7.0341,1.0,9.9512,0.0,0.2154,5.6517,3.9201,1.7317,1.4091,17,0.427,0.0348,0.04,0.23,0.0,0.865,0.634,0.562,1.769,0.174,0.654,0.491,0.489,0.197,0.791,0.656,0.631,0.344,0.896,0.775,0.738,0.541
3,0,code,19960,7.3743,1.001,11.0457,0.0,0.5988,5.9319,2.1034,3.8284,2.4732,10,0.397,0.0223,0.832,0.436,0.0,0.843,0.769,0.156,0.724,0.379,0.655,0.521,0.52,0.513,0.826,0.739,0.587,0.698,0.925,0.849,0.642,0.826
3,0,dialogue,19960,7.5925,1.031,11.0457,0.0,0.5988,5.9319,2.1034,3.8284,2.4732,10,0.397,0.0592,0.73,0.479,0.0,0.492,0.712,0.093,0.827,0.485,0.786,0.701,0.701,0.615,0.924,0.856,0.735,0.809,0.973,0.919,0.773,0.933
3,0,fiction,19960,8.0208,1.089,11.0457,0.0,0.5988,5.9319,2.1034,3.8284,2.4732,10,0.397,0.0439,0.521,0.451,0.0,0.537,0.745,0.114,0.775,0.35,0.776,0.679,0.678,0.493,0.902,0.833,0.716,0.712,0.961,0.906,0.751,0.887
3,0,math,19960,7.4107,1.006,11.0457,0.0,0.5988,5.9319,2.1034,3.8284,2.4732,10,0.397,0.0516,0.533,0.454,0.0,0.548,0.742,0.09,0.798,0.393,0.775,0.675,0.673,0.546,0.908,0.838,0.71,0.766,0.963,0.905,0.744,0.898
3,0,news,19960,7.5443,1.024,11.0457,0.0,0.5988,5.9319,2.1034,3.8284,2.4732,10,0.397,0.0493,0.479,0.476,0.0,0.372,0.702,0.115,0.762,0.294,0.812,0.75,0.749,0.439,0.919,0.86,0.782,0.708,0.967,0.914,0.803,0.902
3,0,val,5988,7.366,1.0,11.0457,0.0,0.5988,5.9319,2.1034,3.8284,2.4732,10,0.397,0.0379,0.038,0.474,0.0,0.596,0.721,0.185,0.855,0.316,0.748,0.65,0.649,0.436,0.879,0.804,0.708,0.635,0.949,0.886,0.741,0.817
3,1,code,19960,8.9186,0.985,21.7795,0.0,0.5907,5.9754,1.5211,4.4543,4.5917,39,0.022,0.0206,0.489,0.021,0.0,0.432,0.927,0.038,0.495,0.938,0.945,0.845,0.721,0.894,0.985,0.96,0.73,0.958,0.994,0.988,0.75,0.964
3,1,dialogue,19960,9.1095,1.006,21.7795,0.0,0.5907,5.9754,1.5211,4.4543,4.5917,39,0.022,0.0202,0.244,0.02,0.0,0.393,0.917,0.039,0.498,0.93,0.936,0.853,0.754,0.875,0.975,0.948,0.763,0.94,0.988,0.98,0.781,0.95
3,1,fiction,19960,9.1862,1.015,21.7795,0.0,0.5907,5.9754,1.5211,4.4543,4.5917,39,0.022,0.0199,0.191,0.02,0.0,0.408,0.906,0.037,0.514,0.942,0.943,0.837,0.726,0.878,0.979,0.947,0.735,0.943,0.991,0.98,0.755,0.953
3,1,math,19960,9.1335,1.009,21.7795,0.0,0.5907,5.9754,1.5211,4.4543,4.5917,39,0.022,0.0202,0.267,0.021,0.0,0.348,0.916,0.04,0.499,0.941,0.947,0.862,0.765,0.895,0.98,0.956,0.774,0.949,0.991,0.983,0.79,0.958
3,1,news,19960,9.1848,1.015,21.7795,0.0,0.5907,5.9754,1.5211,4.4543,4.5917,39,0.022,0.0204,0.164,0.021,0.0,0.378,0.903,0.039,0.496,0.927,0.934,0.843,0.746,0.877,0.971,0.941,0.756,0.934,0.987,0.975,0.774,0.947
3,1,val,5988,9.0535,1.0,21.7795,0.0,0.5907,5.9754,1.5211,4.4543,4.5917,39,0.022,0.0204,0.181,0.021,0.0,0.343,0.905,0.036,0.493,0.935,0.941,0.858,0.764,0.881,0.975,0.947,0.773,0.937,0.99,0.979,0.79,0.95
3,2,code,19960,7.929,1.237,7.6755,0.0,0.1784,5.8169,4.0642,1.7527,1.5245,17,0.271,0.0091,0.757,0.35,0.0,0.977,0.265,0.064,1.284,0.113,0.533,0.16,0.16,0.208,0.715,0.301,0.22,0.364,0.87,0.452,0.336,0.59
3,2,dialogue,19960,6.9772,1.089,7.6755,0.0,0.1784,5.8169,4.0642,1.7527,1.5245,17,0.271,0.0162,0.397,0.215,0.0,0.98,0.677,0.517,1.028,0.112,0.463,0.295,0.296,0.201,0.66,0.509,0.442,0.332,0.848,0.728,0.61,0.548
3,2,fiction,19960,6.8988,1.077,7.6755,0.0,0.1784,5.8169,4.0642,1.7527,1.5245,17,0.271,0.0236,0.414,0.256,0.0,0.976,0.686,0.508,1.263,0.111,0.52,0.35,0.349,0.187,0.716,0.57,0.491,0.333,0.884,0.764,0.67,0.569
3,2,math,19960,6.8731,1.073,7.6755,0.0,0.1784,5.8169,4.0642,1.7527,1.5245,17,0.271,0.0276,0.342,0.259,0.0,0.977,0.605,0.353,1.195,0.135,0.511,0.333,0.333,0.229,0.703,0.543,0.456,0.399,0.869,0.695,0.6,0.618
3,2,news,19960,7.0548,1.101,7.6755,0.0,0.1784,5.8169,4.0642,1.7527,1.5245,17,0.271,0.0272,0.442,0.272,0.0,0.943,0.661,0.449,1.341,0.155,0.591,0.448,0.448,0.199,0.766,0.649,0.582,0.348,0.895,0.775,0.701,0.584
3,2,val,5988,6.4074,1.0,7.6755,0.0,0.1784,5.8169,4.0642,1.7527,1.5245,17,0.271,0.0236,0.013,0.226,0.0,0.985,0.653,0.59,1.643,0.119,0.477,0.31,0.308,0.149,0.657,0.513,0.462,0.253,0.817,0.69,0.642,0.419
3,3,code,19960,8.0229,1.056,12.0236,0.0,0.516,5.9418,2.1007,3.8412,3.2681,4,0.298,0.0114,0.557,0.404,0.0,0.807,0.801,0.131,0.534,0.512,0.72,0.494,0.493,0.613,0.862,0.748,0.556,0.752,0.944,0.889,0.605,0.835
3,3,dialogue,19960,7.6436,1.006,12.0236,0.0,0.516,5.9418,2.1007,3.8412,3.2681,4,0.298,0.047,0.491,0.455,0.0,0.766,0.778,0.112,0.684,0.449,0.671,0.566,0.57,0.537,0.833,0.761,0.619,0.722,0.93,0.873,0.661,0.858
3,3,fiction,19960,7.6332,1.005,12.0236,0.0,0.516,5.9418,2.1007,3.8412,3.2681,4,0.298,0.0548,0.422,0.471,0.0,0.788,0.762,0.127,0.743,0.382,0.684,0.55,0.552,0.495,0.849,0.755,0.605,0.721,0.938,0.879,0.65,0.876
3,3,math,19960,7.6377,1.006,12.0236,0.0,0.516,5.9418,2.1007,3.8412,3.2681,4,0.298,0.0519,0.349,0.467,0.0,0.674,0.758,0.118,0.686,0.487,0.737,0.624,0.623,0.586,0.887,0.811,0.668,0.772,0.956,0.906,0.705,0.881
3,3,news,19960,7.8707,1.036,12.0236,0.0,0.516,5.9418,2.1007,3.8412,3.2681,4,0.298,0.0614,0.429,0.485,0.0,0.527,0.752,0.098,0.692,0.442,0.775,0.688,0.69,0.553,0.906,0.846,0.72,0.784,0.963,0.92,0.75,0.924
3,3,val,5988,7.5959,1.0,12.0236,0.0,0.516,5.9418,2.1007,3.8412,3.2681,4,0.298,0.0495,0.008,0.485,0.0,0.722,0.759,0.156,0.695,0.411,0.703,0.595,0.589,0.505,0.854,0.779,0.653,0.707,0.939,0.886,0.692,0.855
3,4,code,19960,8.2093,1.031,11.5284,0.0,0.4917,5.9425,2.248,3.6944,2.8204,2,0.447,0.0238,0.803,0.455,0.0,0.811,0.718,0.191,0.882,0.457,0.687,0.493,0.493,0.526,0.845,0.706,0.562,0.689,0.941,0.863,0.653,0.813
3,4,dialogue,19960,8.079,1.015,11.5284,0.0,0.4917,5.9425,2.248,3.6944,2.8204,2,0.447,0.0584,0.616,0.469,0.0,0.602,0.717,0.178,0.84,0.431,0.766,0.678,0.678,0.508,0.898,0.811,0.725,0.738,0.963,0.912,0.781,0.892
3,4,fiction,19960,8.1691,1.026,11.5284,0.0,0.4917,5.9425,2.248,3.6944,2.8204,2,0.447,0.0537,0.41,0.454,0.0,0.517,0.662,0.161,0.937,0.411,0.806,0.708,0.708,0.488,0.912,0.826,0.747,0.7,0.965,0.91,0.794,0.88
3,4,math,19960,7.7876,0.978,11.5284,0.0,0.4917,5.9425,2.248,3.6944,2.8204,2,0.447,0.0636,0.43,0.461,0.0,0.568,0.686,0.161,0.866,0.435,0.777,0.686,0.686,0.536,0.904,0.821,0.731,0.751,0.962,0.914,0.778,0.884
3,4,news,19960,8.2549,1.037,11.5284,0.0,0.4917,5.9425,2.248,3.6944,2.8204,2,0.447,0.059,0.457,0.469,0.0,0.364,0.683,0.153,0.765,0.422,0.837,0.77,0.77,0.511,0.93,0.87,0.803,0.752,0.972,0.937,0.839,0.916
3,4,val,5988,7.961,1.0,11.5284,0.0,0.4917,5.9425,2.248,3.6944,2.8204,2,0.447,0.0552,0.022,0.476,0.0,0.541,0.706,0.257,0.834,0.4,0.792,0.709,0.709,0.476,0.903,0.834,0.769,0.684,0.959,0.914,0.812,0.854
3,5,code,19960,7.7484,1.032,10.4786,0.0,0.337,5.8636,3.1729,2.6908,2.0943,52,0.067,0.0394,0.833,0.184,0.0,0.952,0.421,0.282,1.375,0.256,0.507,0.302,0.303,0.341,0.691,0.449,0.438,0.53,0.852,0.668,0.525,0.726
3,5,dialogue,19960,7.4303,0.989,10.4786,0.0,0.337,5.8636,3.1729,2.6908,2.0943,52,0.067,0.0723,0.437,0.189,0.0,0.967,0.477,0.333,1.339,0.247,0.486,0.306,0.356,0.327,0.68,0.474,0.483,0.517,0.842,0.708,0.612,0.706
3,5,fiction,19960,7.5342,1.003,10.4786,0.0,0.337,5.8636,3.1729,2.6908,2.0943,52,0.067,0.0574,0.26,0.202,0.0,0.966,0.409,0.705,1.586,0.248,0.556,0.283,0.314,0.318,0.74,0.47,0.565,0.525,0.878,0.751,0.664,0.768
3,5,math,19960,7.675,1.022,10.4786,0.0,0.337,5.8636,3.1729,2.6908,2.0943,52,0.067,0.0519,0.453,0.199,0.0,0.92,0.493,0.292,1.435,0.317,0.582,0.354,0.34,0.383,0.753,0.515,0.462,0.578,0.89,0.719,0.582,0.767
3,5,news,19960,7.9617,1.06,10.4786,0.0,0.337,5.8636,3.1729,2.6908,2.0943,52,0.067,0.0274,0.518,0.189,0.0,0.886,0.494,0.621,1.135,0.431,0.655,0.418,0.408,0.468,0.825,0.6,0.633,0.647,0.929,0.819,0.706,0.828
3,5,val,5988,7.5111,1.0,10.4786,0.0,0.337,5.8636,3.1729,2.6908,2.0943,52,0.067,0.0232,0.157,0.198,0.0,0.916,0.525,0.235,1.453,0.39,0.527,0.373,0.336,0.399,0.684,0.511,0.443,0.539,0.832,0.69,0.563,0.701
3,6,code,19960,6.9336,1.117,9.8169,0.0,0.2578,5.908,3.2389,2.6691,2.3699,6,0.14,0.0124,0.696,0.433,0.0,0.975,0.462,0.252,1.162,0.193,0.474,0.241,0.234,0.298,0.652,0.389,0.352,0.466,0.815,0.611,0.464,0.668
3,6,dialogue,19960,6.9309,1.116,9.8169,0.0,0.2578,5.908,3.2389,2.6691,2.3699,6,0.14,0.0318,0.442,0.408,0.0,0.963,0.499,0.125,1.075,0.254,0.485,0.305,0.313,0.333,0.657,0.464,0.398,0.484,0.817,0.671,0.5,0.678
3,6,fiction,19960,6.5904,1.062,9.8169,0.0,0.2578,5.908,3.2389,2.6691,2.3699,6,0.14,0.0414,0.4,0.46,0.0,0.948,0.52,0.154,1.148,0.241,0.544,0.325,0.402,0.319,0.72,0.54,0.479,0.505,0.862,0.736,0.553,0.741
3,6,math,19960,6.6099,1.065,9.8169,0.0,0.2578,5.908,3.2389,2.6691,2.3699,6,0.14,0.0446,0.383,0.449,0.0,0.974,0.471,0.205,1.207,0.194,0.487,0.273,0.299,0.288,0.673,0.452,0.409,0.469,0.835,0.648,0.506,0.686
3,6,news,19960,6.6195,1.066,9.8169,0.0,0.2578,5.908,3.2389,2.6691,2.3699,6,0.14,0.0424,0.384,0.481,0.0,0.93,0.603,0.14,1.025,0.309,0.583,0.398,0.417,0.385,0.766,0.601,0.486,0.588,0.894,0.78,0.571,0.797
3,6,val,5988,6.2079,1.0,9.8169,0.0,0.2578,5.908,3.2389,2.6691,2.3699,6,0.14,0.0403,0.006,0.471,0.0,0.971,0.611,0.24,1.269,0.227,0.487,0.327,0.315,0.265,0.66,0.512,0.435,0.433,0.815,0.69,0.535,0.635
3,7,code,19960,7.4426,1.178,8.1492,0.0,0.1655,5.6994,4.6029,1.0965,0.8584,7,0.12,0.009,0.151,0.56,0.0,0.985,0.448,0.396,1.445,0.094,0.458,0.18,0.134,0.199,0.647,0.32,0.355,0.328,0.827,0.506,0.508,0.527
3,7,dialogue,19960,6.6783,1.057,8.1492,0.0,0.1655,5.6994,4.6029,1.0965,0.8584,7,0.12,0.025,0.06,0.519,0.0,0.985,0.392,0.564,1.626,0.085,0.414,0.172,0.139,0.164,0.602,0.31,0.395,0.303,0.794,0.514,0.547,0.519
3,7,fiction,19960,6.6038,1.045,8.1492,0.0,0.1655,5.6994,4.6029,1.0965,0.8584,7,0.12,0.0366,0.123,0.536,0.0,0.987,0.524,0.606,1.735,0.089,0.425,0.231,0.198,0.181,0.617,0.39,0.455,0.334,0.81,0.555,0.572,0.566
3,7,math,19960,6.812,1.078,8.1492,0.0,0.1655,5.6994,4.6029,1.0965,0.8584,7,0.12,0.041,0.118,0.521,0.0,0.983,0.425,0.421,1.518,0.1,0.48,0.209,0.182,0.214,0.674,0.359,0.423,0.393,0.855,0.571,0.526,0.643
3,7,news,19960,7.0737,1.12,8.1492,0.0,0.1655,5.6994,4.6029,1.0965,0.8584,7,0.12,0.0383,0.189,0.563,0.0,0.977,0.382,0.3,1.749,0.178,0.48,0.234,0.214,0.23,0.655,0.369,0.371,0.396,0.825,0.526,0.486,0.624
3,7,val,5988,6.3177,1.0,8.1492,0.0,0.1655,5.6994,4.6029,1.0965,0.8584,7,0.12,0.0512,0.0,0.5,0.0,0.988,0.376,0.319,2.039,0.115,0.437,0.198,0.18,0.149,0.607,0.331,0.344,0.27,0.781,0.511,0.506,0.466
3,8,code,19960,8.1047,0.994,11.9842,0.0,0.6106,5.9252,2.0998,3.8254,2.3072,28,0.461,0.0245,0.796,0.495,0.0,0.82,0.686,0.313,0.821,0.398,0.653,0.525,0.525,0.481,0.823,0.716,0.634,0.644,0.928,0.842,0.717,0.778
3,8,dialogue,19960,8.0152,0.983,11.9842,0.0,0.6106,5.9252,2.0998,3.8254,2.3072,28,0.461,0.0511,0.514,0.475,0.0,0.612,0.653,0.252,0.909,0.454,0.76,0.695,0.695,0.531,0.896,0.819,0.768,0.721,0.962,0.903,0.825,0.863
3,8,fiction,19960,8.3092,1.019,11.9842,0.0,0.6106,5.9252,2.0998,3.8254,2.3072,28,0.461,0.0501,0.361,0.475,0.0,0.543,0.654,0.214,0.907,0.445,0.792,0.699,0.699,0.527,0.912,0.829,0.762,0.729,0.965,0.905,0.805,0.88
3,8,math,19960,8.0151,0.983,11.9842,0.0,0.6106,5.9252,2.0998,3.8254,2.3072,28,0.461,0.0581,0.38,0.481,0.0,0.53,0.681,0.264,0.888,0.426,0.786,0.701,0.701,0.537,0.911,0.833,0.77,0.739,0.966,0.911,0.818,0.872
3,8,news,19960,8.3871,1.028,11.9842,0.0,0.6106,5.9252,2.0998,3.8254,2.3072,28,0.461,0.0594,0.413,0.497,0.0,0.268,0.704,0.229,0.735,0.389,0.852,0.797,0.797,0.516,0.94,0.895,0.843,0.756,0.976,0.941,0.874,0.919
3,8,val,5988,8.155,1.0,11.9842,0.0,0.6106,5.9252,2.0998,3.8254,2.3072,28,0.461,0.0544,0.031,0.49,0.0,0.441,0.711,0.29,0.808,0.388,0.811,0.741,0.741,0.495,0.918,0.863,0.809,0.698,0.966,0.925,0.843,0.856
3,9,code,19960,7.8945,0.922,11.982,0.0,0.5911,5.9516,1.8523,4.0992,3.3736,22,0.111,0.0732,0.984,0.501,0.0,0.762,0.694,0.207,1.102,0.443,0.711,0.559,0.586,0.555,0.879,0.766,0.655,0.778,0.959,0.89,0.746,0.885
3,9,dialogue,19960,8.7345,1.021,11.982,0.0,0.5911,5.9516,1.8523,4.0992,3.3736,22,0.111,0.0999,0.998,0.487,0.0,0.266,0.669,0.138,0.879,0.61,0.886,0.691,0.812,0.698,0.96,0.897,0.836,0.883,0.985,0.95,0.869,0.942
3,9,fiction,19960,8.8007,1.028,11.982,0.0,0.5911,5.9516,1.8523,4.0992,3.3736,22,0.111,0.0941,0.918,0.492,0.0,0.375,0.65,0.137,0.963,0.601,0.861,0.64,0.747,0.668,0.949,0.858,0.776,0.876,0.982,0.92,0.818,0.94
3,9,math,19960,8.2892,0.968,11.982,0.0,0.5911,5.9516,1.8523,4.0992,3.3736,22,0.111,0.0615,0.98,0.478,0.0,0.396,0.702,0.125,0.785,0.566,0.84,0.648,0.754,0.641,0.942,0.869,0.782,0.825,0.979,0.938,0.822,0.929
3,9,news,19960,8.7773,1.026,11.982,0.0,0.5911,5.9516,1.8523,4.0992,3.3736,22,0.111,0.0531,0.995,0.493,0.0,0.306,0.744,0.138,0.716,0.493,0.86,0.615,0.787,0.571,0.945,0.891,0.814,0.762,0.978,0.948,0.851,0.921
3,9,val,5988,8.5589,1.0,11.982,0.0,0.5911,5.9516,1.8523,4.0992,3.3736,22,0.111,0.0217,0.989,0.469,0.0,0.661,0.704,0.209,0.711,0.625,0.747,0.623,0.595,0.658,0.865,0.771,0.66,0.753,0.944,0.893,0.747,0.833
3,10,code,19960,7.7473,0.966,11.7084,0.0,0.5565,5.9135,1.9106,4.0029,2.9835,2,0.263,0.0196,0.798,0.413,0.0,0.814,0.673,0.151,0.899,0.388,0.604,0.459,0.459,0.484,0.76,0.651,0.54,0.644,0.885,0.808,0.621,0.777
3,10,dialogue,19960,7.8995,0.985,11.7084,0.0,0.5565,5.9135,1.9106,4.0029,2.9835,2,0.263,0.0379,0.526,0.438,0.0,0.807,0.67,0.121,0.766,0.371,0.631,0.572,0.576,0.455,0.784,0.719,0.631,0.635,0.89,0.83,0.704,0.795
3,10,fiction,19960,7.9902,0.996,11.7084,0.0,0.5565,5.9135,1.9106,4.0029,2.9835,2,0.263,0.0386,0.383,0.45,0.0,0.76,0.687,0.131,0.855,0.372,0.657,0.568,0.569,0.46,0.805,0.727,0.628,0.66,0.906,0.846,0.685,0.834
3,10,math,19960,7.8293,0.976,11.7084,0.0,0.5565,5.9135,1.9106,4.0029,2.9835,2,0.263,0.0444,0.432,0.449,0.0,0.757,0.676,0.131,0.879,0.408,0.66,0.57,0.57,0.505,0.807,0.733,0.628,0.688,0.905,0.846,0.688,0.829
3,10,news,19960,8.3702,1.044,11.7084,0.0,0.5565,5.9135,1.9106,4.0029,2.9835,2,0.263,0.0486,0.447,0.469,0.0,0.601,0.656,0.139,0.81,0.388,0.74,0.68,0.682,0.48,0.859,0.802,0.729,0.699,0.934,0.887,0.774,0.874
3,10,val,5988,8.0212,1.0,11.7084,0.0,0.5565,5.9135,1.9106,4.0029,2.9835,2,0.263,0.0409,0.034,0.466,0.0,0.721,0.662,0.257,0.761,0.359,0.67,0.591,0.587,0.447,0.801,0.733,0.668,0.623,0.897,0.84,0.718,0.791
3,11,code,19960,7.3915,1.07,8.7868,0.0,0.3639,5.9183,3.0587,2.8596,2.3963,2,0.349,0.0107,0.656,0.46,0.0,0.963,0.622,0.34,1.182,0.239,0.547,0.285,0.275,0.307,0.725,0.518,0.425,0.499,0.863,0.734,0.518,0.707
3,11,dialogue,19960,7.8249,1.133,8.7868,0.0,0.3639,5.9183,3.0587,2.8596,2.3963,2,0.349,0.0316,0.491,0.465,0.0,0.85,0.719,0.232,0.866,0.316,0.654,0.479,0.479,0.432,0.821,0.696,0.558,0.616,0.928,0.84,0.632,0.808
3,11,fiction,19960,7.7944,1.128,8.7868,0.0,0.3639,5.9183,3.0587,2.8596,2.3963,2,0.349,0.0424,0.495,0.485,0.0,0.844,0.654,0.231,1.068,0.286,0.675,0.512,0.512,0.37,0.827,0.703,0.592,0.584,0.922,0.833,0.648,0.812
3,11,math,19960,7.1782,1.039,8.7868,0.0,0.3639,5.9183,3.0587,2.8596,2.3963,2,0.349,0.0414,0.426,0.476,0.0,0.881,0.628,0.307,1.133,0.283,0.625,0.467,0.464,0.356,0.788,0.654,0.572,0.568,0.9,0.802,0.636,0.773
3,11,news,19960,7.2728,1.053,8.7868,0.0,0.3639,5.9183,3.0587,2.8596,2.3963,2,0.349,0.0498,0.483,0.503,0.0,0.774,0.568,0.438,1.29,0.221,0.717,0.589,0.594,0.275,0.846,0.736,0.707,0.511,0.93,0.853,0.747,0.798
3,11,val,5988,6.9088,1.0,8.7868,0.0,0.3639,5.9183,3.0587,2.8596,2.3963,2,0.349,0.0374,0.007,0.486,0.0,0.897,0.544,0.351,1.37,0.221,0.638,0.484,0.479,0.255,0.779,0.64,0.582,0.448,0.888,0.789,0.648,0.705
3,12,code,19960,6.1409,1.09,12.9082,0.0,0.7637,5.9748,1.2024,4.7725,3.4055,36,0.106,0.0024,0.17,0.187,0.0,0.756,0.919,0.044,0.184,0.567,0.829,0.807,0.568,0.813,0.928,0.879,0.587,0.906,0.968,0.937,0.624,0.94
3,12,dialogue,19960,5.7149,1.014,12.9082,0.0,0.7637,5.9748,1.2024,4.7725,3.4055,36,0.106,0.0104,0.081,0.192,0.0,0.806,0.934,0.046,0.273,0.545,0.802,0.779,0.559,0.781,0.915,0.875,0.586,0.894,0.967,0.939,0.622,0.942
3,12,fiction,19960,5.6444,1.002,12.9082,0.0,0.7637,5.9748,1.2024,4.7725,3.4055,36,0.106,0.0136,0.044,0.214,0.0,0.9,0.918,0.058,0.347,0.468,0.759,0.724,0.495,0.729,0.904,0.851,0.531,0.881,0.964,0.931,0.572,0.936
3,12,math,19960,5.8266,1.034,12.9082,0.0,0.7637,5.9748,1.2024,4.7725,3.4055,36,0.106,0.0168,0.033,0.2,0.0,0.826,0.895,0.072,0.358,0.524,0.764,0.725,0.536,0.734,0.905,0.85,0.573,0.876,0.966,0.93,0.611,0.935
3,12,news,19960,5.7327,1.017,12.9082,0.0,0.7637,5.9748,1.2024,4.7725,3.4055,36,0.106,0.0152,0.059,0.188,0.0,0.89,0.881,0.117,0.335,0.453,0.69,0.636,0.504,0.647,0.852,0.795,0.557,0.798,0.94,0.901,0.599,0.887
3,12,val,5988,5.6355,1.0,12.9082,0.0,0.7637,5.9748,1.2024,4.7725,3.4055,36,0.106,0.022,0.0,0.201,0.0,0.898,0.891,0.15,0.374,0.442,0.683,0.613,0.506,0.628,0.855,0.8,0.57,0.8,0.945,0.908,0.609,0.887
3,13,code,19960,8.2332,0.98,11.5468,0.0,0.6098,5.9478,1.9532,3.9946,2.4021,38,0.516,0.0258,0.839,0.462,0.0,0.783,0.727,0.273,0.739,0.431,0.669,0.542,0.542,0.512,0.827,0.735,0.63,0.669,0.926,0.838,0.685,0.803
3,13,dialogue,19960,8.0105,0.954,11.5468,0.0,0.6098,5.9478,1.9532,3.9946,2.4021,38,0.516,0.0764,0.745,0.498,0.0,0.613,0.722,0.37,0.91,0.244,0.749,0.709,0.709,0.398,0.859,0.813,0.771,0.662,0.927,0.872,0.811,0.862
3,13,fiction,19960,8.2877,0.987,11.5468,0.0,0.6098,5.9478,1.9532,3.9946,2.4021,38,0.516,0.0558,0.476,0.468,0.0,0.538,0.72,0.381,0.763,0.241,0.774,0.738,0.738,0.368,0.862,0.826,0.791,0.62,0.926,0.882,0.82,0.851
3,13,math,19960,7.9697,0.949,11.5468,0.0,0.6098,5.9478,1.9532,3.9946,2.4021,38,0.516,0.0668,0.477,0.485,0.0,0.428,0.701,0.282,0.802,0.344,0.797,0.749,0.749,0.485,0.897,0.851,0.8,0.716,0.95,0.905,0.831,0.876
3,13,news,19960,8.568,1.02,11.5468,0.0,0.6098,5.9478,1.9532,3.9946,2.4021,38,0.516,0.064,0.531,0.491,0.0,0.246,0.651,0.279,0.739,0.348,0.847,0.808,0.808,0.471,0.919,0.879,0.843,0.718,0.96,0.924,0.868,0.909
3,13,val,5988,8.4007,1.0,11.5468,0.0,0.6098,5.9478,1.9532,3.9946,2.4021,38,0.516,0.0506,0.025,0.483,0.0,0.441,0.626,0.329,0.777,0.361,0.802,0.739,0.739,0.436,0.886,0.827,0.8,0.629,0.939,0.891,0.83,0.818
3,14,code,19960,7.6406,1.379,7.3812,0.0,0.1242,5.7731,4.6074,1.1657,1.0243,7,0.125,0.0044,0.103,0.44,0.0,0.963,0.236,0.171,1.564,0.175,0.567,0.191,0.183,0.288,0.735,0.328,0.301,0.446,0.875,0.412,0.382,0.654
3,14,dialogue,19960,6.3761,1.15,7.3812,0.0,0.1242,5.7731,4.6074,1.1657,1.0243,7,0.125,0.02,0.045,0.466,0.0,0.988,0.489,0.344,1.707,0.092,0.489,0.164,0.152,0.202,0.665,0.367,0.344,0.325,0.824,0.526,0.442,0.502
3,14,fiction,19960,6.2674,1.131,7.3812,0.0,0.1242,5.7731,4.6074,1.1657,1.0243,7,0.125,0.0266,0.036,0.474,0.0,0.991,0.406,0.132,1.839,0.092,0.462,0.221,0.228,0.161,0.651,0.387,0.314,0.288,0.824,0.558,0.535,0.494
3,14,math,19960,6.3967,1.154,7.3812,0.0,0.1242,5.7731,4.6074,1.1657,1.0243,7,0.125,0.031,0.01,0.453,0.0,0.987,0.45,0.237,1.755,0.121,0.463,0.178,0.171,0.201,0.639,0.36,0.3,0.342,0.81,0.488,0.43,0.539
3,14,news,19960,6.3118,1.139,7.3812,0.0,0.1242,5.7731,4.6074,1.1657,1.0243,7,0.125,0.0277,0.016,0.485,0.0,0.99,0.394,0.149,1.768,0.137,0.414,0.202,0.203,0.18,0.592,0.357,0.3,0.306,0.774,0.501,0.468,0.489
3,14,val,5988,5.5424,1.0,7.3812,0.0,0.1242,5.7731,4.6074,1.1657,1.0243,7,0.125,0.0418,0.0,0.481,0.0,0.992,0.405,0.257,2.112,0.1,0.372,0.175,0.168,0.126,0.541,0.327,0.289,0.225,0.729,0.501,0.457,0.388
3,15,code,19960,7.0816,1.143,9.0725,0.0,0.2201,5.8408,3.617,2.2237,2.0181,46,0.22,0.0064,0.5,0.245,0.0,0.961,0.47,0.234,1.368,0.16,0.512,0.245,0.242,0.267,0.687,0.416,0.354,0.435,0.841,0.62,0.445,0.653
3,15,dialogue,19960,6.9485,1.122,9.0725,0.0,0.2201,5.8408,3.617,2.2237,2.0181,46,0.22,0.0154,0.137,0.347,0.0,0.956,0.664,0.143,0.895,0.252,0.562,0.32,0.304,0.389,0.727,0.533,0.394,0.545,0.867,0.712,0.504,0.72
3,15,fiction,19960,6.6392,1.072,9.0725,0.0,0.2201,5.8408,3.617,2.2237,2.0181,46,0.22,0.0202,0.151,0.349,0.0,0.961,0.683,0.2,1.048,0.217,0.553,0.333,0.324,0.328,0.727,0.556,0.416,0.505,0.869,0.757,0.529,0.72
3,15,math,19960,6.8155,1.1,9.0725,0.0,0.2201,5.8408,3.617,2.2237,2.0181,46,0.22,0.02,0.13,0.276,0.0,0.967,0.58,0.21,1.266,0.213,0.535,0.304,0.294,0.308,0.71,0.505,0.396,0.485,0.86,0.704,0.5,0.701
3,15,news,19960,6.6944,1.081,9.0725,0.0,0.2201,5.8408,3.617,2.2237,2.0181,46,0.22,0.0262,0.235,0.36,0.0,0.928,0.64,0.268,1.221,0.209,0.594,0.404,0.405,0.281,0.759,0.608,0.511,0.456,0.889,0.785,0.612,0.701
3,15,val,5988,6.1942,1.0,9.0725,0.0,0.2201,5.8408,3.617,2.2237,2.0181,46,0.22,0.0266,0.002,0.331,0.0,0.913,0.606,0.27,1.581,0.174,0.543,0.343,0.332,0.214,0.698,0.529,0.442,0.361,0.837,0.706,0.571,0.575
4,0,code,19960,8.5192,1.025,11.8431,0.0,0.6166,5.9139,1.7568,4.1571,2.6932,2,0.484,0.0223,0.803,0.509,0.0,0.54,0.731,0.279,0.592,0.512,0.774,0.705,0.705,0.574,0.9,0.837,0.773,0.696,0.957,0.919,0.796,0.799
4,0,dialogue,19960,7.9746,0.959,11.8431,0.0,0.6166,5.9139,1.7568,4.1571,2.6932,2,0.484,0.0634,0.654,0.528,0.0,0.489,0.75,0.473,0.761,0.359,0.79,0.747,0.747,0.469,0.905,0.861,0.838,0.699,0.959,0.924,0.855,0.863
4,0,fiction,19960,8.1382,0.979,11.8431,0.0,0.6166,5.9139,1.7568,4.1571,2.6932,2,0.484,0.102,0.638,0.541,0.0,0.489,0.705,0.448,0.952,0.314,0.786,0.744,0.744,0.496,0.896,0.848,0.83,0.752,0.954,0.913,0.848,0.891
4,0,math,19960,8.2444,0.992,11.8431,0.0,0.6166,5.9139,1.7568,4.1571,2.6932,2,0.484,0.0662,0.441,0.502,0.0,0.397,0.73,0.344,0.721,0.421,0.809,0.767,0.767,0.541,0.914,0.873,0.834,0.75,0.963,0.934,0.852,0.884
4,0,news,19960,8.4627,1.018,11.8431,0.0,0.6166,5.9139,1.7568,4.1571,2.6932,2,0.484,0.0711,0.511,0.522,0.0,0.219,0.76,0.429,0.746,0.362,0.849,0.813,0.813,0.495,0.933,0.901,0.879,0.744,0.97,0.947,0.894,0.913
4,0,val,5988,8.3145,1.0,11.8431,0.0,0.6166,5.9139,1.7568,4.1571,2.6932,2,0.484,0.0606,0.041,0.487,0.0,0.345,0.752,0.428,0.627,0.407,0.823,0.779,0.779,0.509,0.918,0.884,0.854,0.715,0.963,0.937,0.873,0.867
4,1,code,19960,7.8494,1.281,7.222,0.0,0.1842,5.8406,4.1388,1.7018,1.3477,10,0.28,0.0071,0.387,0.288,0.0,0.887,0.106,0.05,0.631,0.305,0.6,0.404,0.404,0.445,0.759,0.457,0.439,0.582,0.891,0.529,0.455,0.729
4,1,dialogue,19960,6.7101,1.095,7.222,0.0,0.1842,5.8406,4.1388,1.7018,1.3477,10,0.28,0.0234,0.167,0.39,0.0,0.954,0.727,0.636,1.106,0.092,0.545,0.328,0.328,0.18,0.727,0.547,0.538,0.316,0.87,0.705,0.667,0.525
4,1,fiction,19960,6.1843,1.009,7.222,0.0,0.1842,5.8406,4.1388,1.7018,1.3477,10,0.28,0.0298,0.136,0.406,0.0,0.944,0.79,0.764,1.278,0.084,0.549,0.384,0.384,0.171,0.717,0.586,0.597,0.305,0.867,0.723,0.7,0.53
4,1,math,19960,6.9365,1.132,7.222,0.0,0.1842,5.8406,4.1388,1.7018,1.3477,10,0.28,0.0292,0.115,0.401,0.0,0.918,0.413,0.306,1.065,0.234,0.509,0.326,0.326,0.306,0.677,0.463,0.447,0.443,0.834,0.576,0.525,0.63
4,1,news,19960,6.6862,1.091,7.222,0.0,0.1842,5.8406,4.1388,1.7018,1.3477,10,0.28,0.0308,0.126,0.424,0.0,0.931,0.438,0.296,1.135,0.194,0.532,0.416,0.416,0.248,0.697,0.538,0.529,0.4,0.844,0.667,0.621,0.612
4,1,val,5988,6.1288,1.0,7.222,0.0,0.1842,5.8406,4.1388,1.7018,1.3477,10,0.28,0.0411,0.054,0.443,0.0,0.958,0.547,0.479,1.464,0.142,0.482,0.356,0.356,0.172,0.631,0.498,0.482,0.285,0.781,0.623,0.605,0.471
4,2,code,19960,8.3951,1.19,9.0345,0.0,0.2343,5.7906,3.884,1.9066,1.4989,11,0.285,0.0099,0.54,0.144,0.0,0.89,0.589,0.131,1.123,0.18,0.637,0.392,0.392,0.315,0.792,0.614,0.449,0.495,0.906,0.782,0.544,0.685
4,2,dialogue,19960,7.9835,1.132,9.0345,0.0,0.2343,5.7906,3.884,1.9066,1.4989,11,0.285,0.0206,0.18,0.186,0.0,0.904,0.725,0.203,0.862,0.146,0.637,0.412,0.412,0.304,0.799,0.659,0.488,0.511,0.912,0.814,0.581,0.723
4,2,fiction,19960,7.1626,1.015,9.0345,0.0,0.2343,5.7906,3.884,1.9066,1.4989,11,0.285,0.0249,0.185,0.21,0.0,0.923,0.713,0.212,1.125,0.151,0.6,0.407,0.407,0.285,0.779,0.642,0.494,0.494,0.901,0.795,0.583,0.715
4,2,math,19960,7.6739,1.088,9.0345,0.0,0.2343,5.7906,3.884,1.9066,1.4989,11,0.285,0.0248,0.198,0.193,0.0,0.932,0.608,0.188,1.39,0.195,0.614,0.39,0.39,0.304,0.79,0.602,0.472,0.506,0.91,0.757,0.556,0.714
4,2,news,19960,7.4622,1.058,9.0345,0.0,0.2343,5.7906,3.884,1.9066,1.4989,11,0.285,0.025,0.166,0.189,0.0,0.93,0.576,0.292,1.671,0.144,0.617,0.454,0.454,0.207,0.787,0.63,0.555,0.367,0.903,0.776,0.632,0.588
4,2,val,5988,7.055,1.0,9.0345,0.0,0.2343,5.7906,3.884,1.9066,1.4989,11,0.285,0.0278,0.108,0.186,0.0,0.95,0.509,0.261,1.862,0.153,0.575,0.385,0.385,0.199,0.747,0.558,0.486,0.362,0.875,0.7,0.572,0.569
4,3,code,19960,7.1547,1.1,8.6477,0.0,0.4261,5.9311,2.7354,3.1957,2.4745,49,0.21,0.0052,0.317,0.14,0.0,0.911,0.833,0.561,0.688,0.377,0.611,0.387,0.309,0.43,0.754,0.603,0.519,0.558,0.867,0.781,0.57,0.675
4,3,dialogue,19960,6.8927,1.059,8.6477,0.0,0.4261,5.9311,2.7354,3.1957,2.4745,49,0.21,0.0138,0.148,0.177,0.0,0.884,0.849,0.468,0.494,0.425,0.65,0.496,0.446,0.506,0.788,0.698,0.6,0.631,0.891,0.815,0.648,0.751
4,3,fiction,19960,6.8914,1.059,8.6477,0.0,0.4261,5.9311,2.7354,3.1957,2.4745,49,0.21,0.0208,0.151,0.202,0.0,0.926,0.845,0.579,0.735,0.328,0.598,0.43,0.38,0.396,0.754,0.654,0.57,0.553,0.867,0.797,0.626,0.71
4,3,math,19960,6.776,1.041,8.6477,0.0,0.4261,5.9311,2.7354,3.1957,2.4745,49,0.21,0.0224,0.151,0.192,0.0,0.918,0.824,0.542,0.754,0.354,0.598,0.436,0.379,0.415,0.757,0.648,0.558,0.575,0.872,0.797,0.617,0.719
4,3,news,19960,6.6574,1.023,8.6477,0.0,0.4261,5.9311,2.7354,3.1957,2.4745,49,0.21,0.0225,0.216,0.189,0.0,0.955,0.879,0.758,0.926,0.26,0.607,0.441,0.345,0.306,0.77,0.677,0.624,0.472,0.88,0.815,0.67,0.661
4,3,val,5988,6.5062,1.0,8.6477,0.0,0.4261,5.9311,2.7354,3.1957,2.4745,49,0.21,0.0264,0.023,0.195,0.0,0.944,0.828,0.622,1.041,0.283,0.582,0.433,0.381,0.317,0.747,0.641,0.572,0.493,0.863,0.783,0.629,0.674
4,4,code,19960,6.9137,1.269,7.1368,0.0,0.1245,5.9052,4.5611,1.3441,1.2001,14,0.116,0.0053,1.0,0.451,0.0,0.979,0.229,0.112,1.489,0.13,0.479,0.175,0.155,0.253,0.658,0.258,0.247,0.397,0.823,0.431,0.449,0.58
4,4,dialogue,19960,6.9001,1.266,7.1368,0.0,0.1245,5.9052,4.5611,1.3441,1.2001,14,0.116,0.0001,1.0,0.385,0.0,0.988,0.185,0.075,1.427,0.099,0.457,0.125,0.105,0.189,0.65,0.209,0.17,0.323,0.833,0.419,0.453,0.512
4,4,fiction,19960,6.3542,1.166,7.1368,0.0,0.1245,5.9052,4.5611,1.3441,1.2001,14,0.116,0.0032,0.892,0.407,0.0,0.986,0.175,0.036,1.373,0.098,0.493,0.112,0.096,0.17,0.66,0.199,0.135,0.307,0.825,0.41,0.447,0.529
4,4,math,19960,6.2866,1.154,7.1368,0.0,0.1245,5.9052,4.5611,1.3441,1.2001,14,0.116,0.0048,1.0,0.574,0.0,0.988,0.308,0.118,1.409,0.111,0.44,0.138,0.119,0.173,0.61,0.241,0.177,0.298,0.78,0.445,0.48,0.489
4,4,news,19960,6.2412,1.145,7.1368,0.0,0.1245,5.9052,4.5611,1.3441,1.2001,14,0.116,0.013,1.0,0.476,0.0,0.982,0.506,0.412,1.381,0.108,0.448,0.138,0.119,0.135,0.629,0.314,0.327,0.247,0.805,0.592,0.55,0.447
4,4,val,5988,5.4499,1.0,7.1368,0.0,0.1245,5.9052,4.5611,1.3441,1.2001,14,0.116,0.0096,1.0,0.489,0.0,0.975,0.6,0.607,1.59,0.09,0.393,0.172,0.148,0.102,0.555,0.338,0.319,0.181,0.731,0.544,0.515,0.322
4,5,code,19960,7.7272,1.06,9.0444,0.0,0.1939,5.916,4.2251,1.6908,1.3364,1,0.355,0.0125,0.564,0.266,0.0,0.886,0.423,0.162,1.738,0.171,0.626,0.519,0.517,0.206,0.776,0.623,0.564,0.316,0.893,0.724,0.658,0.469
4,5,dialogue,19960,7.9241,1.087,9.0444,0.0,0.1939,5.916,4.2251,1.6908,1.3364,1,0.355,0.023,0.228,0.362,0.0,0.672,0.503,0.139,1.309,0.436,0.719,0.549,0.548,0.466,0.825,0.683,0.596,0.58,0.908,0.778,0.667,0.706
4,5,fiction,19960,7.8197,1.072,9.0444,0.0,0.1939,5.916,4.2251,1.6908,1.3364,1,0.355,0.0288,0.184,0.387,0.0,0.762,0.491,0.163,1.75,0.37,0.706,0.492,0.491,0.388,0.824,0.638,0.543,0.529,0.91,0.757,0.623,0.692
4,5,math,19960,7.555,1.036,9.0444,0.0,0.1939,5.916,4.2251,1.6908,1.3364,1,0.355,0.0322,0.225,0.368,0.0,0.815,0.459,0.188,1.823,0.287,0.687,0.54,0.538,0.3,0.815,0.663,0.593,0.441,0.91,0.771,0.672,0.621
4,5,news,19960,7.9136,1.085,9.0444,0.0,0.1939,5.916,4.2251,1.6908,1.3364,1,0.355,0.036,0.166,0.422,0.0,0.714,0.469,0.17,1.883,0.306,0.74,0.579,0.578,0.297,0.847,0.694,0.624,0.432,0.923,0.797,0.686,0.621
4,5,val,5988,7.2922,1.0,9.0444,0.0,0.1939,5.916,4.2251,1.6908,1.3364,1,0.355,0.0436,0.072,0.43,0.0,0.837,0.427,0.195,2.194,0.264,0.669,0.495,0.494,0.252,0.788,0.614,0.557,0.375,0.883,0.736,0.637,0.556
4,6,code,19960,7.9347,1.159,8.0659,0.0,0.177,5.9024,4.3426,1.5598,1.1282,11,0.228,0.014,0.668,0.13,0.0,0.926,0.193,0.035,1.789,0.31,0.57,0.329,0.333,0.294,0.735,0.402,0.351,0.427,0.872,0.502,0.431,0.59
4,6,dialogue,19960,7.7334,1.13,8.0659,0.0,0.177,5.9024,4.3426,1.5598,1.1282,11,0.228,0.0314,0.536,0.164,0.0,0.814,0.254,0.16,1.885,0.378,0.659,0.424,0.43,0.323,0.794,0.512,0.485,0.431,0.896,0.586,0.541,0.586
4,6,fiction,19960,7.3921,1.08,8.0659,0.0,0.177,5.9024,4.3426,1.5598,1.1282,11,0.228,0.0314,0.38,0.192,0.0,0.775,0.306,0.227,1.732,0.458,0.702,0.467,0.464,0.358,0.823,0.561,0.541,0.489,0.913,0.644,0.61,0.651
4,6,math,19960,7.535,1.101,8.0659,0.0,0.177,5.9024,4.3426,1.5598,1.1282,11,0.228,0.0382,0.401,0.192,0.0,0.862,0.298,0.165,2.05,0.384,0.648,0.39,0.39,0.319,0.791,0.496,0.458,0.477,0.897,0.588,0.52,0.646
4,6,news,19960,7.3736,1.077,8.0659,0.0,0.177,5.9024,4.3426,1.5598,1.1282,11,0.228,0.038,0.463,0.218,0.0,0.814,0.336,0.223,1.962,0.417,0.697,0.486,0.489,0.319,0.83,0.597,0.567,0.471,0.912,0.668,0.62,0.643
4,6,val,5988,6.8442,1.0,8.0659,0.0,0.177,5.9024,4.3426,1.5598,1.1282,11,0.228,0.0333,0.096,0.202,0.0,0.892,0.314,0.178,2.252,0.39,0.642,0.376,0.362,0.242,0.779,0.497,0.44,0.365,0.88,0.602,0.533,0.531
4,7,code,19960,9.0939,1.406,8.2941,0.0,0.2199,5.8232,3.9312,1.892,1.5048,24,0.184,0.0055,0.364,0.315,0.0,0.878,0.219,0.062,1.193,0.403,0.714,0.343,0.336,0.476,0.842,0.426,0.369,0.653,0.932,0.547,0.406,0.805
4,7,dialogue,19960,8.1063,1.253,8.2941,0.0,0.2199,5.8232,3.9312,1.892,1.5048,24,0.184,0.0185,0.108,0.433,0.0,0.911,0.512,0.184,0.932,0.275,0.571,0.352,0.327,0.397,0.733,0.515,0.432,0.527,0.876,0.661,0.529,0.669
4,7,fiction,19960,7.3699,1.139,8.2941,0.0,0.2199,5.8232,3.9312,1.892,1.5048,24,0.184,0.0246,0.081,0.453,0.0,0.953,0.564,0.264,1.148,0.214,0.554,0.332,0.322,0.321,0.727,0.521,0.432,0.487,0.874,0.677,0.592,0.687
4,7,math,19960,7.7449,1.197,8.2941,0.0,0.2199,5.8232,3.9312,1.892,1.5048,24,0.184,0.024,0.083,0.415,0.0,0.924,0.503,0.198,1.097,0.298,0.606,0.359,0.349,0.401,0.772,0.54,0.451,0.57,0.9,0.692,0.573,0.743
4,7,news,19960,7.1641,1.108,8.2941,0.0,0.2199,5.8232,3.9312,1.892,1.5048,24,0.184,0.028,0.072,0.471,0.0,0.944,0.527,0.247,1.146,0.251,0.585,0.391,0.39,0.332,0.755,0.575,0.483,0.503,0.887,0.719,0.615,0.708
4,7,val,5988,6.4684,1.0,8.2941,0.0,0.2199,5.8232,3.9312,1.892,1.5048,24,0.184,0.0394,0.053,0.462,0.0,0.975,0.482,0.407,1.623,0.175,0.48,0.294,0.284,0.206,0.648,0.46,0.422,0.332,0.807,0.624,0.558,0.516
4,8,code,19960,7.7741,1.389,8.2821,0.0,0.0882,5.6782,4.3902,1.2881,1.2419,49,0.263,0.0074,0.439,0.081,0.0,0.948,0.088,0.083,1.539,0.172,0.562,0.231,0.231,0.278,0.741,0.278,0.282,0.424,0.889,0.361,0.308,0.623
4,8,dialogue,19960,6.9545,1.243,8.2821,0.0,0.0882,5.6782,4.3902,1.2881,1.2419,49,0.263,0.0136,0.261,0.089,0.0,0.938,0.465,0.526,1.706,0.117,0.55,0.234,0.235,0.187,0.743,0.391,0.439,0.299,0.893,0.565,0.535,0.479
4,8,fiction,19960,6.4731,1.157,8.2821,0.0,0.0882,5.6782,4.3902,1.2881,1.2419,49,0.263,0.0156,0.161,0.106,0.0,0.96,0.528,0.532,1.865,0.121,0.543,0.257,0.254,0.15,0.723,0.422,0.453,0.265,0.889,0.617,0.582,0.463
4,8,math,19960,6.6281,1.185,8.2821,0.0,0.0882,5.6782,4.3902,1.2881,1.2419,49,0.263,0.0192,0.216,0.107,0.0,0.954,0.411,0.449,1.926,0.151,0.535,0.26,0.262,0.191,0.715,0.4,0.423,0.324,0.871,0.55,0.524,0.51
4,8,news,19960,6.3052,1.127,8.2821,0.0,0.0882,5.6782,4.3902,1.2881,1.2419,49,0.263,0.0199,0.148,0.107,0.0,0.94,0.565,0.592,1.999,0.136,0.528,0.316,0.317,0.139,0.703,0.469,0.498,0.249,0.858,0.628,0.635,0.423
4,8,val,5988,5.595,1.0,8.2821,0.0,0.0882,5.6782,4.3902,1.2881,1.2419,49,0.263,0.021,0.05,0.1,0.0,0.957,0.677,0.593,2.054,0.107,0.546,0.319,0.301,0.12,0.715,0.502,0.47,0.206,0.859,0.68,0.625,0.351
4,9,code,19960,9.3774,1.011,15.6559,0.0,0.6362,5.983,1.5353,4.4477,4.1785,49,0.023,0.0203,0.448,0.121,0.0,0.254,0.839,0.071,0.733,0.951,0.958,0.886,0.823,0.902,0.982,0.943,0.833,0.923,0.994,0.977,0.846,0.929
4,9,dialogue,19960,9.1913,0.991,15.6559,0.0,0.6362,5.983,1.5353,4.4477,4.1785,49,0.023,0.0204,0.255,0.122,0.0,0.323,0.839,0.073,0.735,0.923,0.937,0.858,0.787,0.866,0.971,0.924,0.799,0.895,0.99,0.965,0.818,0.904
4,9,fiction,19960,9.3524,1.009,15.6559,0.0,0.6362,5.983,1.5353,4.4477,4.1785,49,0.023,0.0207,0.177,0.127,0.0,0.346,0.846,0.073,0.741,0.925,0.934,0.85,0.776,0.869,0.97,0.919,0.788,0.898,0.99,0.964,0.807,0.907
4,9,math,19960,9.3219,1.005,15.6559,0.0,0.6362,5.983,1.5353,4.4477,4.1785,49,0.023,0.0206,0.258,0.124,0.0,0.284,0.84,0.067,0.74,0.932,0.943,0.872,0.81,0.88,0.974,0.93,0.821,0.904,0.991,0.968,0.837,0.913
4,9,news,19960,9.3076,1.004,15.6559,0.0,0.6362,5.983,1.5353,4.4477,4.1785,49,0.023,0.0204,0.166,0.122,0.0,0.363,0.823,0.075,0.736,0.904,0.919,0.84,0.771,0.843,0.96,0.906,0.784,0.874,0.986,0.951,0.804,0.888
4,9,val,5988,9.2725,1.0,15.6559,0.0,0.6362,5.983,1.5353,4.4477,4.1785,49,0.023,0.0208,0.185,0.13,0.0,0.335,0.821,0.067,0.738,0.904,0.921,0.846,0.783,0.847,0.962,0.908,0.794,0.876,0.987,0.952,0.815,0.89
4,10,code,19960,7.2843,1.313,6.9237,0.0,0.1021,5.8518,4.3762,1.4756,1.3993,17,0.173,0.0024,0.128,0.252,0.0,0.99,0.22,0.108,1.357,0.161,0.503,0.181,0.158,0.264,0.691,0.279,0.247,0.443,0.857,0.364,0.3,0.668
4,10,dialogue,19960,6.2298,1.123,6.9237,0.0,0.1021,5.8518,4.3762,1.4756,1.3993,17,0.173,0.021,0.076,0.223,0.0,0.986,0.555,0.573,1.521,0.102,0.413,0.198,0.18,0.16,0.592,0.383,0.342,0.282,0.774,0.533,0.529,0.465
4,10,fiction,19960,6.0197,1.085,6.9237,0.0,0.1021,5.8518,4.3762,1.4756,1.3993,17,0.173,0.0535,0.564,0.257,0.0,0.648,0.723,0.36,1.571,0.074,0.806,0.574,0.555,0.189,0.897,0.754,0.639,0.361,0.949,0.829,0.825,0.617
4,10,math,19960,6.4642,1.165,6.9237,0.0,0.1021,5.8518,4.3762,1.4756,1.3993,17,0.173,0.026,0.192,0.229,0.0,0.983,0.512,0.438,1.417,0.175,0.494,0.268,0.248,0.237,0.683,0.441,0.363,0.394,0.849,0.607,0.56,0.608
4,10,news,19960,6.2187,1.121,6.9237,0.0,0.1021,5.8518,4.3762,1.4756,1.3993,17,0.173,0.0228,0.245,0.228,0.0,0.983,0.56,0.417,1.466,0.178,0.476,0.275,0.257,0.19,0.655,0.466,0.412,0.324,0.818,0.639,0.578,0.51
4,10,val,5988,5.5478,1.0,6.9237,0.0,0.1021,5.8518,4.3762,1.4756,1.3993,17,0.173,0.0218,0.0,0.192,0.0,0.988,0.624,0.454,1.71,0.146,0.413,0.243,0.234,0.139,0.584,0.431,0.38,0.238,0.761,0.624,0.588,0.397
4,11,code,19960,7.8411,1.194,8.2769,0.0,0.3317,5.8548,3.8784,1.9763,1.1072,57,0.255,0.007,0.25,0.35,0.0,0.936,0.524,0.242,1.144,0.319,0.571,0.299,0.299,0.395,0.724,0.488,0.367,0.55,0.856,0.634,0.472,0.715
4,11,dialogue,19960,7.211,1.098,8.2769,0.0,0.3317,5.8548,3.8784,1.9763,1.1072,57,0.255,0.0214,0.11,0.424,0.0,0.873,0.717,0.191,0.761,0.328,0.554,0.422,0.421,0.423,0.709,0.609,0.508,0.567,0.842,0.726,0.581,0.714
4,11,fiction,19960,7.3493,1.119,8.2769,0.0,0.3317,5.8548,3.8784,1.9763,1.1072,57,0.255,0.03,0.065,0.454,0.0,0.896,0.65,0.342,1.052,0.321,0.561,0.416,0.415,0.388,0.721,0.597,0.521,0.543,0.852,0.722,0.613,0.716
4,11,math,19960,7.221,1.099,8.2769,0.0,0.3317,5.8548,3.8784,1.9763,1.1072,57,0.255,0.0303,0.076,0.42,0.0,0.899,0.566,0.266,1.216,0.349,0.572,0.4,0.399,0.411,0.737,0.574,0.491,0.572,0.868,0.698,0.57,0.736
4,11,news,19960,6.9791,1.062,8.2769,0.0,0.3317,5.8548,3.8784,1.9763,1.1072,57,0.255,0.0331,0.097,0.45,0.0,0.903,0.624,0.474,1.232,0.29,0.561,0.456,0.455,0.344,0.729,0.611,0.565,0.498,0.862,0.748,0.661,0.691
4,11,val,5988,6.5688,1.0,8.2769,0.0,0.3317,5.8548,3.8784,1.9763,1.1072,57,0.255,0.0411,0.007,0.46,0.0,0.922,0.464,0.387,1.684,0.276,0.543,0.417,0.416,0.289,0.7,0.545,0.5,0.428,0.832,0.675,0.61,0.615
4,12,code,19960,7.2706,1.263,7.4901,0.0,0.1498,5.9004,4.1624,1.738,1.6349,2,0.088,0.0048,0.656,0.081,0.0,0.983,0.355,0.178,1.464,0.146,0.437,0.208,0.206,0.223,0.621,0.348,0.308,0.377,0.802,0.496,0.382,0.581
4,12,dialogue,19960,6.4074,1.113,7.4901,0.0,0.1498,5.9004,4.1624,1.738,1.6349,2,0.088,0.0087,0.437,0.083,0.0,0.987,0.767,0.629,1.322,0.087,0.523,0.27,0.141,0.174,0.729,0.54,0.476,0.303,0.881,0.731,0.721,0.487
4,12,fiction,19960,6.1399,1.066,7.4901,0.0,0.1498,5.9004,4.1624,1.738,1.6349,2,0.088,0.0092,0.378,0.083,0.0,0.985,0.726,0.407,1.312,0.094,0.419,0.258,0.21,0.187,0.621,0.475,0.403,0.327,0.81,0.661,0.598,0.514
4,12,math,19960,6.4279,1.116,7.4901,0.0,0.1498,5.9004,4.1624,1.738,1.6349,2,0.088,0.0112,0.345,0.107,0.0,0.983,0.63,0.418,1.375,0.12,0.482,0.26,0.196,0.208,0.672,0.477,0.413,0.356,0.837,0.65,0.583,0.564
4,12,news,19960,6.3365,1.101,7.4901,0.0,0.1498,5.9004,4.1624,1.738,1.6349,2,0.088,0.0099,0.328,0.071,0.0,0.986,0.554,0.262,1.414,0.171,0.437,0.257,0.242,0.227,0.615,0.436,0.352,0.376,0.789,0.609,0.499,0.565
4,12,val,5988,5.7577,1.0,7.4901,0.0,0.1498,5.9004,4.1624,1.738,1.6349,2,0.088,0.0124,0.177,0.098,0.0,0.975,0.481,0.373,1.713,0.107,0.436,0.203,0.158,0.16,0.609,0.366,0.328,0.268,0.78,0.553,0.501,0.442
4,13,code,19960,6.8517,1.225,8.0196,0.0,0.2226,5.8545,3.932,1.9226,1.343,30,0.273,0.0087,0.534,0.237,0.0,0.967,0.271,0.069,1.702,0.228,0.429,0.301,0.299,0.284,0.607,0.396,0.366,0.429,0.788,0.487,0.409,0.604
4,13,dialogue,19960,6.5837,1.177,8.0196,0.0,0.2226,5.8545,3.932,1.9226,1.343,30,0.273,0.0246,0.219,0.362,0.0,0.976,0.215,0.111,2.102,0.135,0.453,0.285,0.283,0.176,0.613,0.375,0.366,0.293,0.776,0.485,0.42,0.506
4,13,fiction,19960,6.1337,1.096,8.0196,0.0,0.2226,5.8545,3.932,1.9226,1.343,30,0.273,0.0298,0.184,0.378,0.0,0.976,0.397,0.319,1.987,0.123,0.461,0.343,0.343,0.165,0.623,0.462,0.437,0.299,0.788,0.614,0.567,0.527
4,13,math,19960,6.3045,1.127,8.0196,0.0,0.2226,5.8545,3.932,1.9226,1.343,30,0.273,0.0326,0.152,0.374,0.0,0.964,0.353,0.177,1.858,0.221,0.474,0.355,0.354,0.262,0.637,0.462,0.431,0.4,0.796,0.594,0.529,0.599
4,13,news,19960,6.2457,1.116,8.0196,0.0,0.2226,5.8545,3.932,1.9226,1.343,30,0.273,0.032,0.145,0.407,0.0,0.935,0.488,0.285,1.629,0.223,0.549,0.46,0.459,0.257,0.691,0.568,0.536,0.384,0.825,0.689,0.623,0.574
4,13,val,5988,5.5948,1.0,8.0196,0.0,0.2226,5.8545,3.932,1.9226,1.343,30,0.273,0.0413,0.061,0.422,0.0,0.968,0.41,0.219,1.792,0.188,0.452,0.368,0.367,0.203,0.593,0.469,0.439,0.324,0.747,0.601,0.55,0.508
4,14,code,19960,4.7334,1.076,14.389,0.0,0.8118,5.9835,0.9668,5.0167,4.5881,21,0.024,0.0173,0.51,0.009,0.0,0.739,0.986,0.049,0.193,0.658,0.886,0.871,0.587,0.874,0.967,0.953,0.602,0.954,0.986,0.981,0.635,0.971
4,14,dialogue,19960,4.6608,1.059,14.389,0.0,0.8118,5.9835,0.9668,5.0167,4.5881,21,0.024,0.018,0.28,0.009,0.0,0.697,0.988,0.047,0.178,0.677,0.897,0.885,0.612,0.889,0.972,0.96,0.626,0.958,0.987,0.982,0.657,0.971
4,14,fiction,19960,4.6653,1.06,14.389,0.0,0.8118,5.9835,0.9668,5.0167,4.5881,21,0.024,0.0169,0.219,0.009,0.0,0.767,0.987,0.052,0.237,0.644,0.889,0.869,0.564,0.879,0.976,0.962,0.58,0.965,0.989,0.985,0.616,0.975
4,14,math,19960,4.4608,1.014,14.389,0.0,0.8118,5.9835,0.9668,5.0167,4.5881,21,0.024,0.0163,0.325,0.008,0.0,0.705,0.987,0.051,0.205,0.669,0.892,0.876,0.594,0.881,0.971,0.958,0.609,0.959,0.987,0.982,0.642,0.971
4,14,news,19960,4.5129,1.026,14.389,0.0,0.8118,5.9835,0.9668,5.0167,4.5881,21,0.024,0.0158,0.156,0.008,0.0,0.716,0.985,0.05,0.174,0.659,0.887,0.873,0.598,0.878,0.968,0.954,0.613,0.953,0.984,0.978,0.644,0.965
4,14,val,5988,4.3992,1.0,14.389,0.0,0.8118,5.9835,0.9668,5.0167,4.5881,21,0.024,0.017,0.189,0.009,0.0,0.697,0.984,0.049,0.177,0.669,0.894,0.88,0.606,0.885,0.973,0.96,0.621,0.958,0.986,0.982,0.653,0.969
4,15,code,19960,8.4795,1.109,9.0869,0.0,0.3987,5.9253,3.1182,2.8072,1.7223,5,0.273,0.0118,0.696,0.125,0.0,0.832,0.465,0.059,1.007,0.44,0.678,0.432,0.421,0.485,0.819,0.579,0.464,0.617,0.916,0.688,0.501,0.743
4,15,dialogue,19960,8.0796,1.057,9.0869,0.0,0.3987,5.9253,3.1182,2.8072,1.7223,5,0.273,0.0273,0.476,0.172,0.0,0.757,0.5,0.204,1.113,0.404,0.697,0.501,0.495,0.412,0.833,0.626,0.562,0.529,0.918,0.715,0.616,0.696
4,15,fiction,19960,7.8914,1.032,9.0869,0.0,0.3987,5.9253,3.1182,2.8072,1.7223,5,0.273,0.0294,0.36,0.189,0.0,0.699,0.494,0.206,1.185,0.48,0.755,0.541,0.535,0.457,0.874,0.667,0.595,0.599,0.94,0.753,0.649,0.76
4,15,math,19960,8.0886,1.058,9.0869,0.0,0.3987,5.9253,3.1182,2.8072,1.7223,5,0.273,0.0324,0.362,0.19,0.0,0.75,0.485,0.188,1.226,0.493,0.722,0.513,0.504,0.491,0.857,0.653,0.572,0.643,0.933,0.75,0.617,0.753
4,15,news,19960,7.9093,1.034,9.0869,0.0,0.3987,5.9253,3.1182,2.8072,1.7223,5,0.273,0.033,0.396,0.209,0.0,0.598,0.587,0.324,1.068,0.469,0.786,0.632,0.63,0.449,0.904,0.773,0.707,0.598,0.955,0.846,0.747,0.743
4,15,val,5988,7.6458,1.0,9.0869,0.0,0.3987,5.9253,3.1182,2.8072,1.7223,5,0.273,0.0336,0.104,0.204,0.0,0.806,0.487,0.266,1.425,0.448,0.694,0.49,0.489,0.379,0.829,0.632,0.564,0.514,0.912,0.753,0.648,0.656
5,0,code,19960,7.1867,1.009,12.1343,0.0,0.6895,5.9772,1.8178,4.1594,2.9207,22,0.29,0.0043,0.814,0.102,0.0,0.607,0.863,0.049,0.434,0.387,0.775,0.617,0.623,0.505,0.918,0.848,0.643,0.637,0.969,0.931,0.67,0.698
5,0,dialogue,19960,7.261,1.02,12.1343,0.0,0.6895,5.9772,1.8178,4.1594,2.9207,22,0.29,0.0093,0.952,0.175,0.0,0.487,0.91,0.044,0.267,0.486,0.788,0.706,0.711,0.596,0.922,0.886,0.727,0.695,0.968,0.943,0.749,0.766
5,0,fiction,19960,7.5013,1.053,12.1343,0.0,0.6895,5.9772,1.8178,4.1594,2.9207,22,0.29,0.0188,0.923,0.352,0.0,0.559,0.848,0.047,0.48,0.46,0.784,0.656,0.662,0.565,0.913,0.85,0.68,0.719,0.963,0.927,0.705,0.836
5,0,math,19960,7.2261,1.015,12.1343,0.0,0.6895,5.9772,1.8178,4.1594,2.9207,22,0.29,0.0152,0.964,0.337,0.0,0.562,0.86,0.056,0.445,0.469,0.784,0.657,0.657,0.586,0.924,0.864,0.678,0.728,0.971,0.935,0.703,0.82
5,0,news,19960,7.3301,1.029,12.1343,0.0,0.6895,5.9772,1.8178,4.1594,2.9207,22,0.29,0.0226,0.974,0.413,0.0,0.488,0.822,0.064,0.54,0.408,0.79,0.705,0.706,0.512,0.926,0.865,0.727,0.688,0.972,0.935,0.75,0.868
5,0,val,5988,7.1219,1.0,12.1343,0.0,0.6895,5.9772,1.8178,4.1594,2.9207,22,0.29,0.0299,0.975,0.413,0.0,0.523,0.81,0.08,0.594,0.414,0.788,0.687,0.682,0.551,0.919,0.859,0.709,0.744,0.968,0.927,0.734,0.887
5,1,code,19960,7.557,1.028,11.5844,0.0,0.6822,5.9812,1.8607,4.1205,2.7675,60,0.299,0.0056,0.708,0.015,0.0,0.481,0.745,0.039,0.763,0.453,0.809,0.704,0.707,0.511,0.944,0.857,0.716,0.614,0.98,0.943,0.744,0.663
5,1,dialogue,19960,7.3164,0.995,11.5844,0.0,0.6822,5.9812,1.8607,4.1205,2.7675,60,0.299,0.0098,0.701,0.037,0.0,0.294,0.828,0.049,0.331,0.552,0.842,0.785,0.789,0.6,0.938,0.9,0.799,0.662,0.971,0.948,0.818,0.703
5,1,fiction,19960,7.5491,1.027,11.5844,0.0,0.6822,5.9812,1.8607,4.1205,2.7675,60,0.299,0.0121,0.686,0.09,0.0,0.439,0.712,0.103,0.652,0.524,0.821,0.716,0.718,0.578,0.928,0.848,0.744,0.68,0.97,0.925,0.771,0.742
5,1,math,19960,7.4384,1.012,11.5844,0.0,0.6822,5.9812,1.8607,4.1205,2.7675,60,0.299,0.0099,0.742,0.102,0.0,0.391,0.767,0.093,0.523,0.54,0.829,0.74,0.742,0.6,0.94,0.877,0.767,0.68,0.976,0.946,0.791,0.733
5,1,news,19960,7.5687,1.03,11.5844,0.0,0.6822,5.9812,1.8607,4.1205,2.7675,60,0.299,0.0118,0.597,0.089,0.0,0.359,0.711,0.108,0.673,0.431,0.824,0.759,0.763,0.474,0.933,0.871,0.797,0.565,0.973,0.943,0.823,0.646
5,1,val,5988,7.35,1.0,11.5844,0.0,0.6822,5.9812,1.8607,4.1205,2.7675,60,0.299,0.0097,0.402,0.077,0.0,0.459,0.686,0.095,0.714,0.446,0.801,0.715,0.717,0.496,0.912,0.842,0.753,0.587,0.963,0.921,0.782,0.648
5,2,code,19960,10.1104,1.065,20.1917,0.0,0.6575,5.9607,1.3363,4.6244,4.6454,63,0.028,0.0272,0.516,0.745,0.0,0.03,0.935,0.067,0.369,0.991,0.994,0.975,0.946,0.983,0.998,0.994,0.948,0.99,1.0,0.998,0.953,0.99
5,2,dialogue,19960,9.7903,1.031,20.1917,0.0,0.6575,5.9607,1.3363,4.6244,4.6454,63,0.028,0.0277,0.255,0.745,0.0,0.034,0.957,0.053,0.367,0.985,0.989,0.969,0.935,0.971,0.996,0.99,0.938,0.982,0.999,0.996,0.943,0.983
5,2,fiction,19960,9.8876,1.042,20.1917,0.0,0.6575,5.9607,1.3363,4.6244,4.6454,63,0.028,0.027,0.193,0.745,0.0,0.075,0.953,0.061,0.369,0.98,0.985,0.953,0.903,0.961,0.995,0.986,0.906,0.975,0.999,0.995,0.915,0.977
5,2,math,19960,9.7701,1.029,20.1917,0.0,0.6575,5.9607,1.3363,4.6244,4.6454,63,0.028,0.0279,0.226,0.745,0.0,0.035,0.96,0.048,0.366,0.986,0.99,0.969,0.936,0.974,0.997,0.991,0.939,0.984,0.999,0.997,0.944,0.985
5,2,news,19960,9.3649,0.986,20.1917,0.0,0.6575,5.9607,1.3363,4.6244,4.6454,63,0.028,0.0278,0.174,0.745,0.0,0.065,0.959,0.053,0.368,0.975,0.982,0.954,0.912,0.957,0.993,0.984,0.916,0.972,0.998,0.993,0.924,0.975
5,2,val,5988,9.4934,1.0,20.1917,0.0,0.6575,5.9607,1.3363,4.6244,4.6454,63,0.028,0.028,0.19,0.745,0.0,0.029,0.937,0.063,0.365,0.982,0.987,0.966,0.934,0.969,0.995,0.988,0.936,0.98,0.999,0.996,0.942,0.982
5,3,code,19960,7.5528,1.078,13.9487,0.0,0.6054,5.9577,1.6838,4.2739,3.7314,38,0.13,0.0022,1.0,0.017,0.0,0.652,0.785,0.069,0.427,0.403,0.732,0.532,0.594,0.506,0.885,0.791,0.62,0.646,0.959,0.919,0.659,0.733
5,3,dialogue,19960,6.8613,0.979,13.9487,0.0,0.6054,5.9577,1.6838,4.2739,3.7314,38,0.13,0.002,1.0,0.03,0.0,0.702,0.804,0.079,0.427,0.489,0.683,0.579,0.558,0.569,0.824,0.756,0.597,0.702,0.919,0.878,0.641,0.786
5,3,fiction,19960,7.0898,1.011,13.9487,0.0,0.6054,5.9577,1.6838,4.2739,3.7314,38,0.13,0.0022,1.0,0.017,0.0,0.669,0.819,0.067,0.512,0.485,0.73,0.566,0.565,0.56,0.866,0.776,0.597,0.708,0.944,0.907,0.64,0.787
5,3,math,19960,7.1307,1.017,13.9487,0.0,0.6054,5.9577,1.6838,4.2739,3.7314,38,0.13,0.0022,1.0,0.124,0.0,0.719,0.808,0.075,0.449,0.468,0.715,0.58,0.547,0.573,0.868,0.778,0.582,0.723,0.95,0.907,0.625,0.808
5,3,news,19960,7.3273,1.045,13.9487,0.0,0.6054,5.9577,1.6838,4.2739,3.7314,38,0.13,0.0021,1.0,0.069,0.0,0.584,0.813,0.1,0.385,0.524,0.753,0.618,0.639,0.61,0.892,0.825,0.677,0.719,0.957,0.924,0.71,0.78
5,3,val,5988,7.0094,1.0,13.9487,0.0,0.6054,5.9577,1.6838,4.2739,3.7314,38,0.13,0.0022,1.0,0.196,0.0,0.701,0.806,0.087,0.442,0.469,0.711,0.578,0.55,0.567,0.853,0.774,0.59,0.712,0.937,0.897,0.636,0.795
5,4,code,19960,8.3331,1.002,13.6962,0.0,0.7251,5.9757,1.5779,4.3978,3.0365,5,0.241,0.0055,0.655,0.024,0.0,0.418,0.854,0.063,0.464,0.48,0.852,0.706,0.718,0.581,0.968,0.907,0.731,0.672,0.99,0.958,0.75,0.713
5,4,dialogue,19960,8.2678,0.994,13.6962,0.0,0.7251,5.9757,1.5779,4.3978,3.0365,5,0.241,0.0081,0.574,0.032,0.0,0.259,0.894,0.055,0.316,0.542,0.867,0.786,0.803,0.603,0.956,0.925,0.813,0.65,0.98,0.957,0.829,0.685
5,4,fiction,19960,8.5646,1.03,13.6962,0.0,0.7251,5.9757,1.5779,4.3978,3.0365,5,0.241,0.0084,0.521,0.036,0.0,0.422,0.824,0.06,0.544,0.539,0.852,0.701,0.71,0.626,0.95,0.885,0.723,0.711,0.979,0.943,0.742,0.748
5,4,math,19960,8.3234,1.001,13.6962,0.0,0.7251,5.9757,1.5779,4.3978,3.0365,5,0.241,0.0092,0.587,0.091,0.0,0.399,0.842,0.06,0.478,0.583,0.861,0.718,0.721,0.672,0.957,0.901,0.735,0.742,0.983,0.951,0.755,0.777
5,4,news,19960,8.5971,1.034,13.6962,0.0,0.7251,5.9757,1.5779,4.3978,3.0365,5,0.241,0.0104,0.469,0.06,0.0,0.375,0.827,0.059,0.544,0.533,0.861,0.731,0.739,0.612,0.954,0.893,0.751,0.687,0.982,0.948,0.77,0.72
5,4,val,5988,8.3168,1.0,13.6962,0.0,0.7251,5.9757,1.5779,4.3978,3.0365,5,0.241,0.0114,0.288,0.113,0.0,0.442,0.799,0.064,0.599,0.543,0.848,0.69,0.688,0.632,0.946,0.868,0.704,0.726,0.978,0.935,0.726,0.766
5,5,code,19960,8.4292,1.038,20.1596,0.0,0.8627,5.9766,0.8208,5.1558,4.5602,59,0.026,0.002,1.0,0.035,0.0,0.38,0.923,0.072,0.171,0.771,0.921,0.85,0.728,0.852,0.969,0.92,0.739,0.899,0.988,0.968,0.758,0.915
5,5,dialogue,19960,7.9513,0.979,20.1596,0.0,0.8627,5.9766,0.8208,5.1558,4.5602,59,0.026,0.002,1.0,0.03,0.0,0.313,0.98,0.068,0.151,0.826,0.923,0.871,0.788,0.872,0.966,0.942,0.797,0.894,0.986,0.973,0.812,0.903
5,5,fiction,19960,8.333,1.026,20.1596,0.0,0.8627,5.9766,0.8208,5.1558,4.5602,59,0.026,0.002,0.976,0.025,0.0,0.364,0.947,0.075,0.163,0.787,0.909,0.855,0.751,0.858,0.957,0.921,0.761,0.89,0.983,0.962,0.779,0.902
5,5,math,19960,8.4528,1.041,20.1596,0.0,0.8627,5.9766,0.8208,5.1558,4.5602,59,0.026,0.002,1.0,0.124,0.0,0.31,0.955,0.071,0.162,0.828,0.938,0.878,0.777,0.881,0.974,0.945,0.787,0.906,0.99,0.975,0.802,0.915
5,5,news,19960,8.3781,1.032,20.1596,0.0,0.8627,5.9766,0.8208,5.1558,4.5602,59,0.026,0.002,1.0,0.069,0.0,0.297,0.927,0.066,0.163,0.834,0.928,0.864,0.785,0.867,0.966,0.94,0.795,0.888,0.986,0.968,0.809,0.898
5,5,val,5988,8.1191,1.0,20.1596,0.0,0.8627,5.9766,0.8208,5.1558,4.5602,59,0.026,0.0022,1.0,0.196,0.0,0.296,0.955,0.069,0.158,0.827,0.928,0.865,0.786,0.866,0.967,0.943,0.795,0.888,0.987,0.972,0.81,0.897
5,6,code,19960,5.4638,1.336,12.2995,0.0,0.5734,5.9045,1.6012,4.3033,4.3146,9,0.024,0.0224,0.525,0.227,0.0,0.753,0.909,0.08,0.413,0.434,0.888,0.716,0.368,0.711,0.982,0.918,0.4,0.96,0.999,0.995,0.459,0.987
5,6,dialogue,19960,4.4953,1.099,12.2995,0.0,0.5734,5.9045,1.6012,4.3033,4.3146,9,0.024,0.0228,0.284,0.226,0.0,0.839,0.922,0.065,0.417,0.425,0.815,0.704,0.388,0.722,0.965,0.91,0.415,0.948,0.997,0.988,0.465,0.984
5,6,fiction,19960,5.8095,1.421,12.2995,0.0,0.5734,5.9045,1.6012,4.3033,4.3146,9,0.024,0.0234,0.207,0.223,0.0,0.716,0.912,0.074,0.449,0.331,0.946,0.722,0.341,0.719,0.994,0.942,0.375,0.98,1.0,0.996,0.437,0.993
5,6,math,19960,4.613,1.128,12.2995,0.0,0.5734,5.9045,1.6012,4.3033,4.3146,9,0.024,0.0222,0.274,0.227,0.0,0.882,0.926,0.061,0.383,0.446,0.81,0.682,0.396,0.709,0.963,0.898,0.422,0.941,0.997,0.988,0.469,0.981
5,6,news,19960,4.4335,1.084,12.2995,0.0,0.5734,5.9045,1.6012,4.3033,4.3146,9,0.024,0.0218,0.165,0.228,0.0,0.918,0.912,0.062,0.428,0.421,0.762,0.645,0.383,0.669,0.94,0.868,0.408,0.909,0.994,0.971,0.453,0.978
5,6,val,5988,4.0889,1.0,12.2995,0.0,0.5734,5.9045,1.6012,4.3033,4.3146,9,0.024,0.0229,0.175,0.228,0.0,0.894,0.965,0.058,0.393,0.521,0.818,0.736,0.434,0.761,0.967,0.932,0.458,0.948,0.996,0.99,0.505,0.977
5,7,code,19960,3.4039,1.34,12.6817,0.0,0.6116,5.935,1.4843,4.4507,4.2942,29,0.05,0.002,1.0,0.017,0.0,0.974,0.97,0.071,0.325,0.285,0.569,0.484,0.34,0.499,0.786,0.74,0.372,0.755,0.933,0.912,0.429,0.891
5,7,dialogue,19960,2.7468,1.081,12.6817,0.0,0.6116,5.935,1.4843,4.4507,4.2942,29,0.05,0.002,1.0,0.03,0.0,0.973,0.974,0.07,0.281,0.29,0.582,0.519,0.342,0.523,0.799,0.77,0.376,0.783,0.943,0.926,0.43,0.914
5,7,fiction,19960,3.4462,1.356,12.6817,0.0,0.6116,5.935,1.4843,4.4507,4.2942,29,0.05,0.002,1.0,0.017,0.0,0.958,0.974,0.072,0.258,0.299,0.707,0.548,0.383,0.619,0.895,0.85,0.413,0.88,0.976,0.958,0.459,0.954
5,7,math,19960,2.8954,1.14,12.6817,0.0,0.6116,5.935,1.4843,4.4507,4.2942,29,0.05,0.002,1.0,0.124,0.0,0.974,0.968,0.068,0.327,0.28,0.57,0.508,0.315,0.501,0.789,0.752,0.351,0.766,0.937,0.917,0.413,0.908
5,7,news,19960,2.7064,1.065,12.6817,0.0,0.6116,5.935,1.4843,4.4507,4.2942,29,0.05,0.002,1.0,0.069,0.0,0.973,0.971,0.069,0.287,0.268,0.557,0.485,0.327,0.494,0.775,0.734,0.364,0.75,0.93,0.911,0.424,0.894
5,7,val,5988,2.5407,1.0,12.6817,0.0,0.6116,5.935,1.4843,4.4507,4.2942,29,0.05,0.0022,1.0,0.196,0.0,0.973,0.966,0.066,0.309,0.281,0.565,0.506,0.32,0.501,0.784,0.746,0.359,0.762,0.938,0.919,0.417,0.907
5,8,code,19960,8.2357,0.972,13.8396,0.0,0.689,5.9899,1.4317,4.5582,3.3415,60,0.309,0.0122,0.747,0.056,0.0,0.277,0.786,0.063,0.398,0.546,0.868,0.808,0.805,0.563,0.956,0.899,0.819,0.626,0.983,0.959,0.837,0.667
5,8,dialogue,19960,8.1297,0.959,13.8396,0.0,0.689,5.9899,1.4317,4.5582,3.3415,60,0.309,0.0242,0.767,0.071,0.0,0.297,0.796,0.092,0.567,0.571,0.864,0.812,0.81,0.581,0.953,0.895,0.837,0.646,0.985,0.962,0.874,0.685
5,8,fiction,19960,8.4679,0.999,13.8396,0.0,0.689,5.9899,1.4317,4.5582,3.3415,60,0.309,0.026,0.736,0.075,0.0,0.372,0.751,0.076,0.657,0.607,0.857,0.753,0.75,0.63,0.949,0.865,0.775,0.707,0.983,0.95,0.81,0.744
5,8,math,19960,8.259,0.974,13.8396,0.0,0.689,5.9899,1.4317,4.5582,3.3415,60,0.309,0.022,0.645,0.094,0.0,0.305,0.763,0.075,0.513,0.581,0.865,0.791,0.788,0.599,0.954,0.89,0.811,0.666,0.984,0.96,0.842,0.707
5,8,news,19960,8.7438,1.032,13.8396,0.0,0.689,5.9899,1.4317,4.5582,3.3415,60,0.309,0.0216,0.65,0.09,0.0,0.263,0.783,0.078,0.501,0.559,0.877,0.813,0.81,0.573,0.958,0.896,0.834,0.643,0.987,0.965,0.867,0.691
5,8,val,5988,8.4756,1.0,13.8396,0.0,0.689,5.9899,1.4317,4.5582,3.3415,60,0.309,0.0247,0.536,0.084,0.0,0.278,0.782,0.085,0.479,0.599,0.877,0.805,0.802,0.6,0.955,0.893,0.827,0.655,0.983,0.959,0.852,0.697
5,9,code,19960,8.2547,1.046,15.9006,0.0,0.84,5.9874,0.8957,5.0917,4.1324,63,0.186,0.0059,0.661,0.035,0.0,0.213,0.975,0.059,0.15,0.745,0.914,0.84,0.844,0.805,0.985,0.972,0.852,0.832,0.995,0.991,0.863,0.849
5,9,dialogue,19960,7.7974,0.988,15.9006,0.0,0.84,5.9874,0.8957,5.0917,4.1324,63,0.186,0.0186,0.753,0.112,0.0,0.224,0.96,0.068,0.205,0.689,0.881,0.825,0.832,0.764,0.969,0.952,0.841,0.815,0.987,0.977,0.853,0.85
5,9,fiction,19960,7.9062,1.002,15.9006,0.0,0.84,5.9874,0.8957,5.0917,4.1324,63,0.186,0.0299,0.836,0.201,0.0,0.396,0.901,0.06,0.289,0.572,0.832,0.748,0.752,0.702,0.943,0.918,0.767,0.804,0.976,0.956,0.785,0.866
5,9,math,19960,8.1293,1.031,15.9006,0.0,0.84,5.9874,0.8957,5.0917,4.1324,63,0.186,0.0182,0.745,0.208,0.0,0.258,0.931,0.068,0.221,0.71,0.892,0.82,0.822,0.787,0.972,0.953,0.832,0.843,0.99,0.979,0.845,0.884
5,9,news,19960,8.0738,1.024,15.9006,0.0,0.84,5.9874,0.8957,5.0917,4.1324,63,0.186,0.027,0.724,0.307,0.0,0.234,0.915,0.076,0.283,0.634,0.877,0.826,0.83,0.718,0.968,0.947,0.841,0.811,0.988,0.973,0.854,0.909
5,9,val,5988,7.8882,1.0,15.9006,0.0,0.84,5.9874,0.8957,5.0917,4.1324,63,0.186,0.0214,0.56,0.136,0.0,0.282,0.936,0.072,0.211,0.682,0.871,0.808,0.808,0.759,0.963,0.943,0.821,0.81,0.986,0.974,0.835,0.848
5,10,code,19960,7.3334,1.158,8.9125,0.0,0.2539,5.8647,3.4899,2.3747,2.0991,46,0.056,0.002,1.0,0.017,0.0,0.982,0.264,0.181,1.724,0.133,0.42,0.178,0.23,0.212,0.606,0.282,0.349,0.354,0.791,0.478,0.413,0.56
5,10,dialogue,19960,6.9113,1.092,8.9125,0.0,0.2539,5.8647,3.4899,2.3747,2.0991,46,0.056,0.002,1.0,0.03,0.0,0.976,0.551,0.126,1.241,0.221,0.458,0.285,0.255,0.287,0.63,0.429,0.34,0.427,0.798,0.608,0.461,0.612
5,10,fiction,19960,6.9102,1.091,8.9125,0.0,0.2539,5.8647,3.4899,2.3747,2.0991,46,0.056,0.002,1.0,0.017,0.0,0.98,0.547,0.117,1.28,0.242,0.51,0.31,0.246,0.324,0.683,0.459,0.325,0.497,0.836,0.634,0.427,0.696
5,10,math,19960,6.9971,1.105,8.9125,0.0,0.2539,5.8647,3.4899,2.3747,2.0991,46,0.056,0.002,1.0,0.124,0.0,0.981,0.426,0.155,1.515,0.203,0.457,0.248,0.233,0.275,0.635,0.376,0.337,0.434,0.806,0.561,0.413,0.629
5,10,news,19960,6.8867,1.088,8.9125,0.0,0.2539,5.8647,3.4899,2.3747,2.0991,46,0.056,0.002,1.0,0.069,0.0,0.967,0.561,0.147,1.244,0.32,0.536,0.352,0.302,0.369,0.706,0.511,0.382,0.537,0.849,0.688,0.493,0.702
5,10,val,5988,6.3313,1.0,8.9125,0.0,0.2539,5.8647,3.4899,2.3747,2.0991,46,0.056,0.0022,1.0,0.196,0.0,0.978,0.53,0.149,1.494,0.242,0.477,0.276,0.23,0.272,0.646,0.441,0.309,0.43,0.806,0.625,0.45,0.622
5,11,code,19960,9.0748,1.186,14.6817,0.0,0.5528,5.9771,1.8293,4.1479,4.0459,15,0.029,0.0188,0.758,0.549,0.0,0.549,0.901,0.085,0.566,0.704,0.952,0.768,0.532,0.792,0.99,0.937,0.56,0.952,0.998,0.981,0.605,0.986
5,11,dialogue,19960,8.0198,1.049,14.6817,0.0,0.5528,5.9771,1.8293,4.1479,4.0459,15,0.029,0.0259,0.328,0.55,0.0,0.382,0.931,0.079,0.289,0.773,0.949,0.877,0.697,0.876,0.983,0.961,0.712,0.964,0.993,0.981,0.742,0.973
5,11,fiction,19960,8.1458,1.065,14.6817,0.0,0.5528,5.9771,1.8293,4.1479,4.0459,15,0.029,0.0216,0.183,0.55,0.0,0.565,0.93,0.076,0.411,0.652,0.909,0.774,0.545,0.779,0.967,0.929,0.568,0.94,0.987,0.972,0.61,0.968
5,11,math,19960,8.4656,1.107,14.6817,0.0,0.5528,5.9771,1.8293,4.1479,4.0459,15,0.029,0.0195,0.385,0.549,0.0,0.514,0.932,0.085,0.456,0.718,0.941,0.794,0.568,0.82,0.987,0.95,0.593,0.962,0.996,0.985,0.638,0.982
5,11,news,19960,7.7956,1.019,14.6817,0.0,0.5528,5.9771,1.8293,4.1479,4.0459,15,0.029,0.0167,0.228,0.549,0.0,0.662,0.924,0.076,0.462,0.651,0.883,0.713,0.498,0.779,0.964,0.915,0.522,0.939,0.989,0.971,0.568,0.965
5,11,val,5988,7.6484,1.0,14.6817,0.0,0.5528,5.9771,1.8293,4.1479,4.0459,15,0.029,0.018,0.253,0.549,0.0,0.642,0.924,0.08,0.456,0.637,0.892,0.727,0.501,0.765,0.965,0.916,0.525,0.935,0.989,0.971,0.572,0.969
5,12,code,19960,8.6369,1.068,13.6724,0.0,0.6855,5.9808,1.6681,4.3127,2.9317,3,0.345,0.011,0.409,0.112,0.0,0.295,0.819,0.037,0.374,0.63,0.893,0.79,0.786,0.693,0.979,0.929,0.794,0.76,0.993,0.973,0.811,0.795
5,12,dialogue,19960,8.0882,1.0,13.6724,0.0,0.6855,5.9808,1.6681,4.3127,2.9317,3,0.345,0.0214,0.379,0.154,0.0,0.245,0.779,0.1,0.436,0.585,0.868,0.816,0.813,0.615,0.957,0.914,0.835,0.69,0.982,0.96,0.849,0.765
5,12,fiction,19960,8.3198,1.029,13.6724,0.0,0.6855,5.9808,1.6681,4.3127,2.9317,3,0.345,0.0314,0.443,0.172,0.0,0.348,0.719,0.112,0.663,0.569,0.858,0.762,0.759,0.622,0.954,0.879,0.79,0.724,0.984,0.947,0.807,0.796
5,12,math,19960,8.1895,1.013,13.6724,0.0,0.6855,5.9808,1.6681,4.3127,2.9317,3,0.345,0.0236,0.329,0.134,0.0,0.307,0.762,0.122,0.527,0.615,0.868,0.788,0.784,0.659,0.963,0.907,0.811,0.736,0.987,0.962,0.827,0.787
5,12,news,19960,8.423,1.042,13.6724,0.0,0.6855,5.9808,1.6681,4.3127,2.9317,3,0.345,0.0312,0.257,0.203,0.0,0.281,0.753,0.141,0.579,0.514,0.867,0.804,0.801,0.571,0.96,0.906,0.835,0.683,0.987,0.961,0.851,0.78
5,12,val,5988,8.0842,1.0,13.6724,0.0,0.6855,5.9808,1.6681,4.3127,2.9317,3,0.345,0.0344,0.214,0.204,0.0,0.312,0.775,0.14,0.62,0.508,0.851,0.79,0.787,0.568,0.954,0.903,0.82,0.676,0.985,0.957,0.841,0.78
5,13,code,19960,7.5106,1.095,10.4868,0.0,0.5323,5.9163,2.2184,3.6979,3.2782,36,0.342,0.0053,0.642,0.02,0.0,0.647,0.84,0.047,0.556,0.295,0.784,0.584,0.593,0.405,0.927,0.838,0.617,0.588,0.977,0.932,0.647,0.68
5,13,dialogue,19960,7.3871,1.077,10.4868,0.0,0.5323,5.9163,2.2184,3.6979,3.2782,36,0.342,0.0078,0.42,0.04,0.0,0.505,0.852,0.059,0.466,0.499,0.824,0.666,0.671,0.635,0.944,0.888,0.694,0.751,0.981,0.948,0.721,0.806
5,13,fiction,19960,7.2875,1.063,10.4868,0.0,0.5323,5.9163,2.2184,3.6979,3.2782,36,0.342,0.007,0.433,0.027,0.0,0.679,0.811,0.058,0.583,0.367,0.761,0.575,0.579,0.486,0.898,0.818,0.606,0.646,0.961,0.915,0.645,0.736
5,13,math,19960,7.1777,1.047,10.4868,0.0,0.5323,5.9163,2.2184,3.6979,3.2782,36,0.342,0.0082,0.402,0.076,0.0,0.665,0.834,0.063,0.581,0.377,0.766,0.587,0.589,0.506,0.911,0.832,0.619,0.662,0.968,0.924,0.657,0.742
5,13,news,19960,7.0567,1.029,10.4868,0.0,0.5323,5.9163,2.2184,3.6979,3.2782,36,0.342,0.0107,0.346,0.065,0.0,0.675,0.733,0.088,0.726,0.229,0.732,0.637,0.642,0.308,0.875,0.795,0.671,0.45,0.95,0.902,0.708,0.558
5,13,val,5988,6.8576,1.0,10.4868,0.0,0.5323,5.9163,2.2184,3.6979,3.2782,36,0.342,0.0105,0.238,0.095,0.0,0.736,0.75,0.103,0.735,0.26,0.721,0.578,0.575,0.358,0.864,0.767,0.615,0.522,0.944,0.894,0.662,0.641
5,14,code,19960,8.1579,1.092,13.1061,0.0,0.6237,5.9215,1.8716,4.05,3.4076,50,0.137,0.002,1.0,0.017,0.0,0.664,0.802,0.094,0.592,0.45,0.846,0.617,0.491,0.621,0.947,0.82,0.517,0.808,0.986,0.934,0.584,0.872
5,14,dialogue,19960,7.8549,1.051,13.1061,0.0,0.6237,5.9215,1.8716,4.05,3.4076,50,0.137,0.002,1.0,0.03,0.0,0.399,0.854,0.098,0.412,0.69,0.882,0.773,0.694,0.797,0.958,0.905,0.708,0.874,0.986,0.962,0.748,0.898
5,14,fiction,19960,7.7677,1.04,13.1061,0.0,0.6237,5.9215,1.8716,4.05,3.4076,50,0.137,0.002,1.0,0.017,0.0,0.647,0.815,0.09,0.656,0.512,0.813,0.626,0.55,0.636,0.924,0.819,0.572,0.784,0.975,0.932,0.624,0.844
5,14,math,19960,7.8206,1.047,13.1061,0.0,0.6237,5.9215,1.8716,4.05,3.4076,50,0.137,0.002,1.0,0.124,0.0,0.664,0.833,0.107,0.631,0.52,0.834,0.64,0.508,0.669,0.942,0.825,0.534,0.838,0.985,0.941,0.597,0.893
5,14,news,19960,7.7718,1.04,13.1061,0.0,0.6237,5.9215,1.8716,4.05,3.4076,50,0.137,0.002,1.0,0.069,0.0,0.767,0.787,0.076,0.636,0.448,0.738,0.538,0.526,0.568,0.894,0.777,0.547,0.716,0.967,0.914,0.589,0.783
5,14,val,5988,7.4712,1.0,13.1061,0.0,0.6237,5.9215,1.8716,4.05,3.4076,50,0.137,0.0022,1.0,0.196,0.0,0.719,0.828,0.09,0.65,0.423,0.77,0.529,0.512,0.546,0.904,0.789,0.539,0.715,0.968,0.922,0.586,0.789
5,15,code,19960,7.9754,0.993,12.2813,0.0,0.7612,5.9736,1.3067,4.667,3.1283,3,0.302,0.0062,0.528,0.056,0.0,0.359,0.798,0.028,0.269,0.499,0.849,0.753,0.753,0.602,0.958,0.897,0.76,0.671,0.985,0.955,0.779,0.712
5,15,dialogue,19960,7.8604,0.978,12.2813,0.0,0.7612,5.9736,1.3067,4.667,3.1283,3,0.302,0.0102,0.402,0.044,0.0,0.273,0.854,0.047,0.287,0.576,0.852,0.804,0.804,0.635,0.953,0.922,0.813,0.682,0.98,0.959,0.831,0.719
5,15,fiction,19960,8.2844,1.031,12.2813,0.0,0.7612,5.9736,1.3067,4.667,3.1283,3,0.302,0.0176,0.557,0.068,0.0,0.488,0.785,0.125,0.549,0.546,0.813,0.7,0.7,0.629,0.935,0.868,0.721,0.737,0.976,0.928,0.755,0.779
5,15,math,19960,7.8552,0.978,12.2813,0.0,0.7612,5.9736,1.3067,4.667,3.1283,3,0.302,0.0134,0.394,0.074,0.0,0.346,0.801,0.081,0.335,0.561,0.841,0.772,0.772,0.632,0.947,0.901,0.786,0.694,0.979,0.95,0.808,0.736
5,15,news,19960,8.1776,1.018,12.2813,0.0,0.7612,5.9736,1.3067,4.667,3.1283,3,0.302,0.0141,0.372,0.065,0.0,0.352,0.777,0.126,0.38,0.496,0.826,0.772,0.772,0.558,0.937,0.893,0.794,0.636,0.976,0.945,0.82,0.687
5,15,val,5988,8.0349,1.0,12.2813,0.0,0.7612,5.9736,1.3067,4.667,3.1283,3,0.302,0.0151,0.175,0.087,0.0,0.395,0.77,0.133,0.428,0.515,0.815,0.753,0.753,0.57,0.928,0.879,0.776,0.647,0.971,0.934,0.808,0.697
6,0,code,19960,9.804,1.044,15.4056,0.0,0.3747,5.8921,2.5735,3.3187,3.2351,32,0.34,0.004,0.658,0.017,0.0,0.831,0.365,0.071,1.426,0.164,0.8,0.388,0.411,0.153,0.92,0.523,0.442,0.293,0.976,0.746,0.496,0.514
6,0,dialogue,19960,9.6953,1.032,15.4056,0.0,0.3747,5.8921,2.5735,3.3187,3.2351,32,0.34,0.004,0.538,0.03,0.0,0.859,0.335,0.06,1.325,0.148,0.748,0.428,0.451,0.129,0.879,0.542,0.479,0.235,0.957,0.742,0.531,0.436
6,0,fiction,19960,9.2044,0.98,15.4056,0.0,0.3747,5.8921,2.5735,3.3187,3.2351,32,0.34,0.0038,0.584,0.017,0.0,0.829,0.327,0.054,1.387,0.157,0.712,0.481,0.519,0.126,0.844,0.576,0.546,0.212,0.936,0.749,0.602,0.377
6,0,math,19960,9.6511,1.027,15.4056,0.0,0.3747,5.8921,2.5735,3.3187,3.2351,32,0.34,0.0039,0.654,0.124,0.0,0.862,0.34,0.078,1.454,0.193,0.768,0.398,0.404,0.159,0.893,0.524,0.441,0.287,0.961,0.721,0.508,0.483
6,0,news,19960,9.4945,1.011,15.4056,0.0,0.3747,5.8921,2.5735,3.3187,3.2351,32,0.34,0.004,0.519,0.067,0.0,0.803,0.321,0.076,1.451,0.199,0.754,0.519,0.527,0.146,0.87,0.613,0.56,0.24,0.945,0.769,0.615,0.399
6,0,val,5988,9.394,1.0,15.4056,0.0,0.3747,5.8921,2.5735,3.3187,3.2351,32,0.34,0.0042,0.612,0.188,0.0,0.833,0.33,0.094,1.522,0.187,0.763,0.429,0.428,0.131,0.887,0.552,0.478,0.226,0.957,0.729,0.549,0.409
6,1,code,19960,8.0124,1.246,8.2937,0.0,0.3668,5.8615,3.2258,2.6357,2.1724,17,0.116,0.004,0.658,0.017,0.0,0.92,0.348,0.055,1.547,0.278,0.609,0.331,0.338,0.357,0.787,0.469,0.342,0.519,0.915,0.621,0.428,0.703
6,1,dialogue,19960,7.3034,1.136,8.2937,0.0,0.3668,5.8615,3.2258,2.6357,2.1724,17,0.116,0.004,0.538,0.03,0.0,0.976,0.4,0.072,1.278,0.164,0.507,0.241,0.23,0.266,0.686,0.378,0.251,0.398,0.846,0.562,0.421,0.615
6,1,fiction,19960,7.3638,1.145,8.2937,0.0,0.3668,5.8615,3.2258,2.6357,2.1724,17,0.116,0.0038,0.584,0.017,0.0,0.955,0.532,0.231,1.323,0.163,0.532,0.307,0.341,0.242,0.726,0.483,0.442,0.396,0.882,0.682,0.567,0.6
6,1,math,19960,7.2469,1.127,8.2937,0.0,0.3668,5.8615,3.2258,2.6357,2.1724,17,0.116,0.0039,0.654,0.124,0.0,0.927,0.461,0.06,1.272,0.307,0.609,0.363,0.355,0.416,0.792,0.517,0.373,0.589,0.92,0.692,0.492,0.751
6,1,news,19960,6.9277,1.077,8.2937,0.0,0.3668,5.8615,3.2258,2.6357,2.1724,17,0.116,0.004,0.519,0.067,0.0,0.938,0.509,0.117,1.312,0.262,0.556,0.366,0.384,0.328,0.74,0.526,0.436,0.488,0.88,0.72,0.521,0.648
6,1,val,5988,6.4317,1.0,8.2937,0.0,0.3668,5.8615,3.2258,2.6357,2.1724,17,0.116,0.0042,0.612,0.188,0.0,0.946,0.542,0.246,1.397,0.216,0.507,0.325,0.315,0.265,0.688,0.494,0.42,0.42,0.849,0.697,0.525,0.61
6,2,code,19960,7.516,1.311,6.3203,0.0,0.1551,5.7959,4.4498,1.3461,1.181,24,0.255,0.004,0.658,0.017,0.0,0.961,0.207,0.078,1.994,0.124,0.541,0.368,0.372,0.197,0.73,0.447,0.421,0.304,0.885,0.528,0.539,0.466
6,2,dialogue,19960,6.9454,1.211,6.3203,0.0,0.1551,5.7959,4.4498,1.3461,1.181,24,0.255,0.004,0.538,0.03,0.0,0.983,0.335,0.139,2.144,0.075,0.483,0.31,0.31,0.113,0.662,0.41,0.371,0.183,0.826,0.549,0.586,0.32
6,2,fiction,19960,6.8131,1.188,6.3203,0.0,0.1551,5.7959,4.4498,1.3461,1.181,24,0.255,0.0038,0.584,0.017,0.0,0.928,0.225,0.191,1.97,0.067,0.575,0.397,0.397,0.115,0.73,0.478,0.479,0.196,0.862,0.576,0.596,0.339
6,2,math,19960,6.8632,1.197,6.3203,0.0,0.1551,5.7959,4.4498,1.3461,1.181,24,0.255,0.0039,0.654,0.124,0.0,0.982,0.304,0.139,2.105,0.121,0.478,0.302,0.304,0.145,0.647,0.413,0.379,0.235,0.809,0.53,0.544,0.377
6,2,news,19960,6.4492,1.125,6.3203,0.0,0.1551,5.7959,4.4498,1.3461,1.181,24,0.255,0.004,0.519,0.067,0.0,0.978,0.457,0.259,2.057,0.106,0.499,0.31,0.309,0.107,0.664,0.463,0.429,0.181,0.808,0.6,0.604,0.298
6,2,val,5988,5.734,1.0,6.3203,0.0,0.1551,5.7959,4.4498,1.3461,1.181,24,0.255,0.0042,0.612,0.188,0.0,0.966,0.439,0.265,2.102,0.093,0.473,0.348,0.348,0.097,0.609,0.457,0.433,0.162,0.754,0.593,0.559,0.272
6,3,code,19960,9.9485,1.225,9.3253,0.0,0.0806,5.9013,4.0385,1.8628,1.911,42,0.448,0.004,0.658,0.017,0.0,0.665,0.151,0.129,2.654,0.075,0.863,0.471,0.486,0.109,0.947,0.538,0.538,0.196,0.983,0.612,0.579,0.347
6,3,dialogue,19960,9.2781,1.143,9.3253,0.0,0.0806,5.9013,4.0385,1.8628,1.911,42,0.448,0.004,0.538,0.03,0.0,0.653,0.172,0.112,2.744,0.061,0.84,0.511,0.514,0.076,0.931,0.58,0.56,0.13,0.972,0.658,0.651,0.255
6,3,fiction,19960,9.0721,1.117,9.3253,0.0,0.0806,5.9013,4.0385,1.8628,1.911,42,0.448,0.0038,0.584,0.017,0.0,0.533,0.175,0.1,2.552,0.076,0.836,0.618,0.62,0.065,0.911,0.666,0.651,0.127,0.958,0.729,0.696,0.233
6,3,math,19960,9.2654,1.141,9.3253,0.0,0.0806,5.9013,4.0385,1.8628,1.911,42,0.448,0.0039,0.654,0.124,0.0,0.668,0.203,0.145,2.713,0.112,0.849,0.471,0.475,0.12,0.93,0.55,0.526,0.213,0.971,0.638,0.611,0.348
6,3,news,19960,8.7646,1.08,9.3253,0.0,0.0806,5.9013,4.0385,1.8628,1.911,42,0.448,0.004,0.519,0.067,0.0,0.434,0.202,0.134,2.676,0.084,0.868,0.674,0.679,0.066,0.93,0.722,0.711,0.116,0.966,0.774,0.749,0.194
6,3,val,5988,8.1184,1.0,9.3253,0.0,0.0806,5.9013,4.0385,1.8628,1.911,42,0.448,0.0042,0.612,0.188,0.0,0.675,0.279,0.181,2.782,0.094,0.848,0.504,0.49,0.072,0.925,0.595,0.555,0.136,0.965,0.693,0.635,0.238
6,4,code,19960,8.2277,1.061,9.2318,0.0,0.6714,5.9575,1.6027,4.3548,3.4031,13,0.524,0.004,0.658,0.017,0.0,0.408,0.76,0.076,0.474,0.351,0.833,0.7,0.719,0.402,0.937,0.865,0.734,0.486,0.976,0.929,0.76,0.551
6,4,dialogue,19960,7.6449,0.986,9.2318,0.0,0.6714,5.9575,1.6027,4.3548,3.4031,13,0.524,0.004,0.538,0.03,0.0,0.286,0.794,0.099,0.363,0.265,0.834,0.779,0.795,0.297,0.923,0.889,0.811,0.361,0.964,0.936,0.833,0.428
6,4,fiction,19960,7.8561,1.013,9.2318,0.0,0.6714,5.9575,1.6027,4.3548,3.4031,13,0.524,0.0038,0.584,0.017,0.0,0.265,0.777,0.077,0.473,0.264,0.858,0.759,0.786,0.3,0.936,0.889,0.801,0.37,0.969,0.935,0.819,0.433
6,4,math,19960,7.84,1.011,9.2318,0.0,0.6714,5.9575,1.6027,4.3548,3.4031,13,0.524,0.0039,0.654,0.124,0.0,0.307,0.778,0.09,0.422,0.35,0.857,0.763,0.772,0.387,0.941,0.887,0.788,0.456,0.975,0.938,0.809,0.519
6,4,news,19960,7.8928,1.018,9.2318,0.0,0.6714,5.9575,1.6027,4.3548,3.4031,13,0.524,0.004,0.519,0.067,0.0,0.212,0.75,0.145,0.561,0.315,0.879,0.818,0.824,0.332,0.953,0.912,0.843,0.384,0.98,0.954,0.86,0.44
6,4,val,5988,7.7559,1.0,9.2318,0.0,0.6714,5.9575,1.6027,4.3548,3.4031,13,0.524,0.0042,0.612,0.188,0.0,0.206,0.789,0.173,0.483,0.338,0.895,0.83,0.827,0.361,0.959,0.92,0.846,0.417,0.982,0.96,0.868,0.477
6,5,code,19960,7.6107,1.095,11.7118,0.0,0.7954,5.9686,1.1004,4.8682,4.3423,33,0.436,0.004,0.658,0.017,0.0,0.457,0.885,0.047,0.249,0.389,0.821,0.676,0.694,0.518,0.952,0.896,0.703,0.611,0.986,0.967,0.725,0.659
6,5,dialogue,19960,7.1691,1.032,11.7118,0.0,0.7954,5.9686,1.1004,4.8682,4.3423,33,0.436,0.004,0.538,0.03,0.0,0.278,0.849,0.067,0.227,0.251,0.853,0.757,0.781,0.332,0.95,0.908,0.793,0.41,0.981,0.966,0.809,0.463
6,5,fiction,19960,7.2132,1.038,11.7118,0.0,0.7954,5.9686,1.1004,4.8682,4.3423,33,0.436,0.0038,0.584,0.017,0.0,0.217,0.868,0.072,0.27,0.187,0.87,0.774,0.816,0.248,0.941,0.907,0.825,0.305,0.972,0.954,0.841,0.365
6,5,math,19960,7.3348,1.055,11.7118,0.0,0.7954,5.9686,1.1004,4.8682,4.3423,33,0.436,0.0039,0.654,0.124,0.0,0.389,0.897,0.061,0.235,0.442,0.84,0.73,0.732,0.54,0.943,0.901,0.745,0.61,0.978,0.958,0.767,0.657
6,5,news,19960,7.0787,1.019,11.7118,0.0,0.7954,5.9686,1.1004,4.8682,4.3423,33,0.436,0.004,0.519,0.067,0.0,0.237,0.888,0.089,0.246,0.309,0.863,0.806,0.813,0.374,0.952,0.923,0.825,0.426,0.982,0.967,0.841,0.485
6,5,val,5988,6.9494,1.0,11.7118,0.0,0.7954,5.9686,1.1004,4.8682,4.3423,33,0.436,0.0042,0.612,0.188,0.0,0.264,0.925,0.088,0.236,0.353,0.866,0.807,0.803,0.423,0.952,0.924,0.815,0.479,0.98,0.967,0.836,0.535
6,6,code,19960,8.814,1.528,7.5189,0.0,0.1088,5.7648,4.1583,1.6065,1.5752,47,0.497,0.004,0.658,0.017,0.0,0.652,0.108,0.063,1.759,0.156,0.759,0.577,0.578,0.219,0.879,0.618,0.605,0.315,0.955,0.651,0.634,0.446
6,6,dialogue,19960,7.1395,1.238,7.5189,0.0,0.1088,5.7648,4.1583,1.6065,1.5752,47,0.497,0.004,0.538,0.03,0.0,0.817,0.372,0.303,2.18,0.071,0.61,0.476,0.477,0.085,0.738,0.582,0.561,0.145,0.865,0.671,0.637,0.257
6,6,fiction,19960,6.8636,1.19,7.5189,0.0,0.1088,5.7648,4.1583,1.6065,1.5752,47,0.497,0.0038,0.584,0.017,0.0,0.531,0.245,0.137,2.041,0.063,0.733,0.648,0.649,0.065,0.816,0.7,0.69,0.111,0.898,0.757,0.755,0.2
6,6,math,19960,7.1298,1.236,7.5189,0.0,0.1088,5.7648,4.1583,1.6065,1.5752,47,0.497,0.0039,0.654,0.124,0.0,0.774,0.241,0.212,2.059,0.126,0.659,0.522,0.522,0.135,0.783,0.594,0.588,0.217,0.888,0.669,0.647,0.329
6,6,news,19960,6.6529,1.154,7.5189,0.0,0.1088,5.7648,4.1583,1.6065,1.5752,47,0.497,0.004,0.519,0.067,0.0,0.664,0.268,0.19,2.158,0.097,0.692,0.597,0.597,0.082,0.785,0.653,0.648,0.135,0.874,0.72,0.694,0.217
6,6,val,5988,5.7666,1.0,7.5189,0.0,0.1088,5.7648,4.1583,1.6065,1.5752,47,0.497,0.0042,0.612,0.188,0.0,0.663,0.515,0.396,2.076,0.083,0.684,0.579,0.579,0.07,0.776,0.679,0.656,0.118,0.868,0.774,0.752,0.198
6,7,code,19960,6.4496,1.165,8.5578,0.0,0.262,5.7143,3.8345,1.8798,1.5351,35,0.071,0.002,1.0,0.017,0.0,0.968,0.485,0.198,1.701,0.193,0.531,0.272,0.242,0.282,0.714,0.426,0.269,0.47,0.871,0.632,0.4,0.704
6,7,dialogue,19960,6.3056,1.139,8.5578,0.0,0.262,5.7143,3.8345,1.8798,1.5351,35,0.071,0.002,1.0,0.03,0.0,0.919,0.553,0.087,1.271,0.239,0.688,0.376,0.277,0.388,0.819,0.533,0.317,0.599,0.912,0.695,0.372,0.813
6,7,fiction,19960,6.3347,1.144,8.5578,0.0,0.262,5.7143,3.8345,1.8798,1.5351,35,0.071,0.002,1.0,0.017,0.0,0.97,0.425,0.107,1.705,0.187,0.541,0.253,0.211,0.259,0.714,0.392,0.261,0.438,0.859,0.57,0.349,0.681
6,7,math,19960,6.0244,1.088,8.5578,0.0,0.262,5.7143,3.8345,1.8798,1.5351,35,0.071,0.002,1.0,0.124,0.0,0.978,0.501,0.143,1.747,0.207,0.539,0.272,0.205,0.286,0.72,0.427,0.257,0.486,0.872,0.628,0.379,0.73
6,7,news,19960,5.7807,1.044,8.5578,0.0,0.262,5.7143,3.8345,1.8798,1.5351,35,0.071,0.002,1.0,0.069,0.0,0.985,0.474,0.233,1.955,0.197,0.539,0.248,0.207,0.25,0.715,0.406,0.28,0.435,0.866,0.597,0.402,0.703
6,7,val,5988,5.5363,1.0,8.5578,0.0,0.262,5.7143,3.8345,1.8798,1.5351,35,0.071,0.0022,1.0,0.196,0.0,0.985,0.472,0.147,1.862,0.212,0.46,0.245,0.217,0.26,0.638,0.397,0.29,0.443,0.815,0.58,0.409,0.669
6,8,code,19960,7.6522,1.075,8.4158,0.0,0.6461,5.9401,1.8286,4.1115,2.3885,47,0.575,0.004,0.658,0.017,0.0,0.167,0.535,0.049,0.536,0.183,0.853,0.796,0.832,0.207,0.911,0.871,0.844,0.264,0.953,0.913,0.865,0.352
6,8,dialogue,19960,7.1227,1.001,8.4158,0.0,0.6461,5.9401,1.8286,4.1115,2.3885,47,0.575,0.004,0.538,0.03,0.0,0.272,0.524,0.047,0.551,0.138,0.817,0.774,0.801,0.171,0.88,0.845,0.817,0.231,0.931,0.887,0.838,0.325
6,8,fiction,19960,7.2781,1.023,8.4158,0.0,0.6461,5.9401,1.8286,4.1115,2.3885,47,0.575,0.0038,0.584,0.017,0.0,0.204,0.609,0.057,0.386,0.173,0.821,0.765,0.799,0.205,0.884,0.844,0.814,0.265,0.934,0.893,0.84,0.356
6,8,math,19960,7.3648,1.035,8.4158,0.0,0.6461,5.9401,1.8286,4.1115,2.3885,47,0.575,0.0039,0.654,0.124,0.0,0.273,0.553,0.12,0.55,0.192,0.81,0.753,0.767,0.222,0.878,0.825,0.791,0.287,0.932,0.879,0.826,0.378
6,8,news,19960,7.4729,1.05,8.4158,0.0,0.6461,5.9401,1.8286,4.1115,2.3885,47,0.575,0.004,0.519,0.067,0.0,0.203,0.547,0.147,0.454,0.224,0.842,0.803,0.81,0.25,0.903,0.86,0.832,0.305,0.946,0.903,0.854,0.385
6,8,val,5988,7.1162,1.0,8.4158,0.0,0.6461,5.9401,1.8286,4.1115,2.3885,47,0.575,0.0042,0.612,0.188,0.0,0.278,0.541,0.156,0.765,0.243,0.824,0.776,0.775,0.257,0.89,0.836,0.805,0.32,0.94,0.898,0.843,0.405
6,9,code,19960,8.4467,1.091,12.2162,0.0,0.7638,5.9024,1.3502,4.5522,3.5958,27,0.437,0.004,0.658,0.017,0.0,0.299,0.812,0.07,0.374,0.244,0.861,0.749,0.779,0.348,0.953,0.914,0.791,0.429,0.985,0.959,0.808,0.493
6,9,dialogue,19960,7.7972,1.007,12.2162,0.0,0.7638,5.9024,1.3502,4.5522,3.5958,27,0.437,0.004,0.538,0.03,0.0,0.265,0.897,0.081,0.27,0.344,0.854,0.788,0.806,0.44,0.957,0.936,0.819,0.499,0.987,0.971,0.836,0.553
6,9,fiction,19960,8.0348,1.037,12.2162,0.0,0.7638,5.9024,1.3502,4.5522,3.5958,27,0.437,0.0038,0.584,0.017,0.0,0.365,0.877,0.058,0.363,0.325,0.84,0.729,0.75,0.442,0.95,0.914,0.762,0.526,0.985,0.962,0.784,0.585
6,9,math,19960,8.2,1.059,12.2162,0.0,0.7638,5.9024,1.3502,4.5522,3.5958,27,0.437,0.0039,0.654,0.124,0.0,0.352,0.835,0.082,0.384,0.343,0.857,0.745,0.753,0.454,0.952,0.907,0.771,0.532,0.984,0.957,0.793,0.592
6,9,news,19960,7.93,1.024,12.2162,0.0,0.7638,5.9024,1.3502,4.5522,3.5958,27,0.437,0.004,0.519,0.067,0.0,0.283,0.855,0.094,0.365,0.3,0.861,0.788,0.795,0.399,0.957,0.926,0.81,0.468,0.987,0.967,0.828,0.526
6,9,val,5988,7.7449,1.0,12.2162,0.0,0.7638,5.9024,1.3502,4.5522,3.5958,27,0.437,0.0042,0.612,0.188,0.0,0.326,0.857,0.109,0.363,0.316,0.865,0.78,0.774,0.422,0.959,0.921,0.794,0.501,0.988,0.967,0.817,0.563
6,10,code,19960,8.01,1.302,6.9252,0.0,0.1458,5.8822,4.3856,1.4966,1.3289,49,0.199,0.004,0.658,0.017,0.0,0.951,0.127,0.003,2.247,0.206,0.534,0.336,0.36,0.209,0.701,0.394,0.364,0.316,0.844,0.465,0.432,0.467
6,10,dialogue,19960,7.3552,1.196,6.9252,0.0,0.1458,5.8822,4.3856,1.4966,1.3289,49,0.199,0.004,0.538,0.03,0.0,0.919,0.218,0.026,1.858,0.232,0.571,0.353,0.381,0.252,0.715,0.44,0.413,0.35,0.846,0.554,0.467,0.479
6,10,fiction,19960,7.317,1.189,6.9252,0.0,0.1458,5.8822,4.3856,1.4966,1.3289,49,0.199,0.0038,0.584,0.017,0.0,0.938,0.198,0.113,2.165,0.253,0.546,0.343,0.367,0.192,0.693,0.433,0.416,0.283,0.824,0.535,0.498,0.414
6,10,math,19960,7.3044,1.187,6.9252,0.0,0.1458,5.8822,4.3856,1.4966,1.3289,49,0.199,0.0039,0.654,0.124,0.0,0.958,0.232,0.054,2.157,0.266,0.521,0.321,0.333,0.215,0.677,0.422,0.379,0.323,0.819,0.528,0.468,0.466
6,10,news,19960,6.9823,1.135,6.9252,0.0,0.1458,5.8822,4.3856,1.4966,1.3289,49,0.199,0.004,0.519,0.067,0.0,0.916,0.238,0.084,2.154,0.29,0.582,0.392,0.405,0.18,0.709,0.492,0.457,0.267,0.822,0.591,0.528,0.386
6,10,val,5988,6.1516,1.0,6.9252,0.0,0.1458,5.8822,4.3856,1.4966,1.3289,49,0.199,0.0042,0.612,0.188,0.0,0.952,0.319,0.169,2.253,0.253,0.524,0.328,0.328,0.152,0.658,0.45,0.408,0.233,0.788,0.579,0.535,0.357
6,11,code,19960,6.5587,1.139,6.9473,0.0,0.2726,5.9464,3.3077,2.6388,2.2772,52,0.191,0.004,0.658,0.017,0.0,0.982,0.551,0.08,1.758,0.113,0.444,0.317,0.344,0.145,0.601,0.452,0.384,0.243,0.754,0.62,0.485,0.396
6,11,dialogue,19960,6.162,1.071,6.9473,0.0,0.2726,5.9464,3.3077,2.6388,2.2772,52,0.191,0.004,0.538,0.03,0.0,0.981,0.541,0.1,1.639,0.1,0.408,0.286,0.301,0.127,0.564,0.416,0.366,0.209,0.727,0.594,0.471,0.359
6,11,fiction,19960,6.603,1.147,6.9473,0.0,0.2726,5.9464,3.3077,2.6388,2.2772,52,0.191,0.0038,0.584,0.017,0.0,0.982,0.474,0.095,1.758,0.109,0.406,0.256,0.272,0.127,0.559,0.373,0.325,0.21,0.719,0.54,0.423,0.356
6,11,math,19960,6.1527,1.069,6.9473,0.0,0.2726,5.9464,3.3077,2.6388,2.2772,52,0.191,0.0039,0.654,0.124,0.0,0.982,0.599,0.083,1.699,0.125,0.408,0.27,0.273,0.164,0.576,0.423,0.322,0.272,0.739,0.598,0.432,0.431
6,11,news,19960,6.2001,1.077,6.9473,0.0,0.2726,5.9464,3.3077,2.6388,2.2772,52,0.191,0.004,0.519,0.067,0.0,0.98,0.753,0.142,1.442,0.167,0.481,0.329,0.31,0.225,0.664,0.545,0.404,0.359,0.815,0.717,0.49,0.527
6,11,val,5988,5.7558,1.0,6.9473,0.0,0.2726,5.9464,3.3077,2.6388,2.2772,52,0.191,0.0042,0.612,0.188,0.0,0.969,0.703,0.163,1.613,0.129,0.443,0.327,0.31,0.164,0.598,0.489,0.414,0.272,0.748,0.651,0.52,0.411
6,12,code,19960,7.8742,1.178,9.0221,0.0,0.4301,5.901,2.9371,2.9639,2.0688,50,0.152,0.004,0.658,0.017,0.0,0.912,0.291,0.094,2.245,0.375,0.597,0.356,0.376,0.371,0.78,0.475,0.403,0.515,0.908,0.602,0.485,0.678
6,12,dialogue,19960,7.3453,1.098,9.0221,0.0,0.4301,5.901,2.9371,2.9639,2.0688,50,0.152,0.004,0.538,0.03,0.0,0.816,0.5,0.107,1.372,0.424,0.633,0.464,0.477,0.431,0.801,0.608,0.499,0.546,0.912,0.722,0.572,0.705
6,12,fiction,19960,7.4449,1.113,9.0221,0.0,0.4301,5.901,2.9371,2.9639,2.0688,50,0.152,0.0038,0.584,0.017,0.0,0.791,0.589,0.11,1.218,0.432,0.659,0.5,0.519,0.451,0.825,0.662,0.553,0.577,0.924,0.78,0.62,0.692
6,12,math,19960,7.3527,1.1,9.0221,0.0,0.4301,5.901,2.9371,2.9639,2.0688,50,0.152,0.0039,0.654,0.124,0.0,0.881,0.487,0.099,1.646,0.449,0.631,0.418,0.421,0.445,0.8,0.568,0.459,0.594,0.913,0.71,0.525,0.724
6,12,news,19960,7.0818,1.059,9.0221,0.0,0.4301,5.901,2.9371,2.9639,2.0688,50,0.152,0.004,0.519,0.067,0.0,0.755,0.627,0.1,1.145,0.467,0.679,0.54,0.544,0.476,0.84,0.701,0.586,0.597,0.931,0.819,0.641,0.694
6,12,val,5988,6.6867,1.0,9.0221,0.0,0.4301,5.901,2.9371,2.9639,2.0688,50,0.152,0.0042,0.612,0.188,0.0,0.846,0.541,0.117,1.469,0.433,0.626,0.472,0.47,0.4,0.784,0.613,0.527,0.533,0.898,0.746,0.588,0.656
6,13,code,19960,7.2665,1.117,15.2269,0.0,0.8395,5.9812,0.9089,5.0723,4.5014,41,0.16,0.004,0.658,0.017,0.0,0.29,0.968,0.057,0.176,0.722,0.888,0.806,0.808,0.82,0.985,0.965,0.813,0.854,0.997,0.992,0.828,0.869
6,13,dialogue,19960,6.342,0.975,15.2269,0.0,0.8395,5.9812,0.9089,5.0723,4.5014,41,0.16,0.004,0.538,0.03,0.0,0.246,0.996,0.059,0.173,0.698,0.88,0.82,0.825,0.79,0.991,0.977,0.832,0.812,0.998,0.996,0.844,0.827
6,13,fiction,19960,6.7039,1.031,15.2269,0.0,0.8395,5.9812,0.9089,5.0723,4.5014,41,0.16,0.0038,0.584,0.017,0.0,0.337,0.985,0.052,0.188,0.658,0.864,0.778,0.782,0.771,0.981,0.961,0.789,0.807,0.995,0.99,0.804,0.829
6,13,math,19960,6.7457,1.037,15.2269,0.0,0.8395,5.9812,0.9089,5.0723,4.5014,41,0.16,0.0039,0.654,0.124,0.0,0.284,0.982,0.057,0.177,0.722,0.893,0.814,0.808,0.821,0.985,0.967,0.814,0.851,0.997,0.993,0.828,0.868
6,13,news,19960,6.6692,1.025,15.2269,0.0,0.8395,5.9812,0.9089,5.0723,4.5014,41,0.16,0.004,0.519,0.067,0.0,0.276,0.972,0.057,0.181,0.67,0.877,0.81,0.812,0.768,0.983,0.964,0.819,0.801,0.996,0.992,0.834,0.822
6,13,val,5988,6.5044,1.0,15.2269,0.0,0.8395,5.9812,0.9089,5.0723,4.5014,41,0.16,0.0042,0.612,0.188,0.0,0.251,0.993,0.061,0.177,0.686,0.891,0.826,0.823,0.779,0.987,0.968,0.83,0.81,0.997,0.994,0.844,0.831
6,14,code,19960,7.6043,1.26,9.5639,0.0,0.5414,5.9221,2.0793,3.8428,3.5395,63,0.395,0.004,0.658,0.017,0.0,0.557,0.74,0.056,0.527,0.167,0.792,0.606,0.647,0.31,0.92,0.805,0.662,0.46,0.975,0.928,0.694,0.56
6,14,dialogue,19960,7.2674,1.204,9.5639,0.0,0.5414,5.9221,2.0793,3.8428,3.5395,63,0.395,0.004,0.538,0.03,0.0,0.725,0.848,0.098,0.48,0.265,0.738,0.527,0.539,0.416,0.884,0.77,0.567,0.584,0.958,0.916,0.624,0.687
6,14,fiction,19960,6.8968,1.143,9.5639,0.0,0.5414,5.9221,2.0793,3.8428,3.5395,63,0.395,0.0038,0.584,0.017,0.0,0.683,0.815,0.09,0.665,0.232,0.735,0.555,0.579,0.323,0.878,0.772,0.603,0.477,0.954,0.901,0.65,0.588
6,14,math,19960,6.7122,1.112,9.5639,0.0,0.5414,5.9221,2.0793,3.8428,3.5395,63,0.395,0.0039,0.654,0.124,0.0,0.676,0.798,0.089,0.521,0.228,0.728,0.565,0.575,0.344,0.874,0.774,0.603,0.504,0.951,0.907,0.649,0.615
6,14,news,19960,6.361,1.054,9.5639,0.0,0.5414,5.9221,2.0793,3.8428,3.5395,63,0.395,0.004,0.519,0.067,0.0,0.556,0.822,0.101,0.562,0.188,0.766,0.661,0.674,0.271,0.893,0.83,0.701,0.404,0.959,0.931,0.736,0.506
6,14,val,5988,6.0345,1.0,9.5639,0.0,0.5414,5.9221,2.0793,3.8428,3.5395,63,0.395,0.0042,0.612,0.188,0.0,0.647,0.853,0.097,0.592,0.231,0.733,0.616,0.611,0.312,0.875,0.799,0.645,0.467,0.951,0.922,0.695,0.577
6,15,code,19960,8.0246,1.069,8.8556,0.0,0.2025,5.875,4.2473,1.6276,1.273,33,0.135,0.004,0.658,0.017,0.0,0.912,0.302,0.134,1.809,0.156,0.554,0.322,0.348,0.233,0.728,0.43,0.419,0.385,0.875,0.558,0.5,0.574
6,15,dialogue,19960,7.8368,1.044,8.8556,0.0,0.2025,5.875,4.2473,1.6276,1.273,33,0.135,0.004,0.538,0.03,0.0,0.962,0.396,0.123,1.845,0.146,0.483,0.297,0.309,0.19,0.658,0.437,0.37,0.327,0.823,0.55,0.443,0.514
6,15,fiction,19960,7.726,1.029,8.8556,0.0,0.2025,5.875,4.2473,1.6276,1.273,33,0.135,0.0038,0.584,0.017,0.0,0.9,0.35,0.135,2.217,0.142,0.548,0.355,0.38,0.182,0.714,0.469,0.444,0.319,0.861,0.575,0.489,0.512
6,15,math,19960,8.0605,1.074,8.8556,0.0,0.2025,5.875,4.2473,1.6276,1.273,33,0.135,0.0039,0.654,0.124,0.0,0.956,0.357,0.22,1.989,0.179,0.531,0.269,0.27,0.252,0.713,0.395,0.381,0.411,0.867,0.532,0.457,0.605
6,15,news,19960,8.0516,1.073,8.8556,0.0,0.2025,5.875,4.2473,1.6276,1.273,33,0.135,0.004,0.519,0.067,0.0,0.94,0.271,0.091,2.367,0.206,0.556,0.343,0.357,0.218,0.72,0.439,0.406,0.344,0.861,0.559,0.488,0.527
6,15,val,5988,7.5053,1.0,8.8556,0.0,0.2025,5.875,4.2473,1.6276,1.273,33,0.135,0.0042,0.612,0.188,0.0,0.948,0.3,0.234,2.315,0.197,0.55,0.3,0.298,0.216,0.717,0.414,0.384,0.359,0.858,0.551,0.497,0.55
7,0,code,19960,9.903,1.265,9.184,0.0,0.0663,5.9367,4.5252,1.4115,1.3852,22,0.032,0.0093,0.349,0.548,0.0,0.922,0.127,0.043,3.332,0.665,0.947,0.128,0.097,0.151,0.977,0.197,0.114,0.23,0.991,0.307,0.2,0.39
7,0,dialogue,19960,9.4391,1.205,9.184,0.0,0.0663,5.9367,4.5252,1.4115,1.3852,22,0.032,0.0532,0.0,0.501,0.0,0.879,0.239,0.103,3.155,0.716,0.94,0.156,0.135,0.124,0.968,0.301,0.2,0.191,0.985,0.483,0.248,0.309
7,0,fiction,19960,9.1848,1.173,9.184,0.0,0.0663,5.9367,4.5252,1.4115,1.3852,22,0.032,0.0494,0.004,0.512,0.0,0.888,0.247,0.096,3.213,0.844,0.935,0.166,0.125,0.123,0.966,0.3,0.176,0.198,0.985,0.467,0.26,0.344
7,0,math,19960,9.2826,1.185,9.184,0.0,0.0663,5.9367,4.5252,1.4115,1.3852,22,0.032,0.0357,0.028,0.497,0.0,0.913,0.233,0.106,3.294,0.768,0.951,0.145,0.101,0.134,0.975,0.274,0.149,0.218,0.988,0.437,0.242,0.363
7,0,news,19960,8.7142,1.113,9.184,0.0,0.0663,5.9367,4.5252,1.4115,1.3852,22,0.032,0.019,0.0,0.499,0.0,0.918,0.229,0.085,3.257,0.871,0.945,0.147,0.095,0.116,0.969,0.273,0.126,0.179,0.983,0.446,0.22,0.285
7,0,val,5988,7.8305,1.0,9.184,0.0,0.0663,5.9367,4.5252,1.4115,1.3852,22,0.032,0.03,0.0,0.495,0.0,0.912,0.374,0.097,3.129,0.784,0.939,0.229,0.1,0.104,0.966,0.393,0.15,0.162,0.982,0.579,0.25,0.264
7,1,code,19960,9.8813,1.236,9.1449,0.0,0.0958,5.8777,4.9778,0.8999,0.8727,1,0.386,0.004,0.658,0.017,0.0,0.743,0.092,0.09,2.582,0.046,0.842,0.451,0.453,0.072,0.931,0.487,0.491,0.136,0.972,0.544,0.561,0.258
7,1,dialogue,19960,9.1685,1.147,9.1449,0.0,0.0958,5.8777,4.9778,0.8999,0.8727,1,0.386,0.004,0.538,0.03,0.0,0.811,0.121,0.242,2.647,0.043,0.801,0.465,0.465,0.088,0.908,0.501,0.505,0.141,0.962,0.593,0.653,0.259
7,1,fiction,19960,8.6112,1.078,9.1449,0.0,0.0958,5.8777,4.9778,0.8999,0.8727,1,0.386,0.0038,0.584,0.017,0.0,0.759,0.103,0.123,2.461,0.046,0.756,0.531,0.531,0.075,0.862,0.561,0.565,0.137,0.935,0.625,0.679,0.239
7,1,math,19960,9.157,1.146,9.1449,0.0,0.0958,5.8777,4.9778,0.8999,0.8727,1,0.386,0.0039,0.654,0.124,0.0,0.825,0.115,0.122,2.692,0.063,0.798,0.384,0.385,0.084,0.891,0.428,0.43,0.161,0.95,0.49,0.51,0.293
7,1,news,19960,8.7359,1.093,9.1449,0.0,0.0958,5.8777,4.9778,0.8999,0.8727,1,0.386,0.004,0.519,0.067,0.0,0.684,0.106,0.112,2.525,0.061,0.809,0.564,0.565,0.053,0.887,0.595,0.6,0.095,0.942,0.647,0.654,0.174
7,1,val,5988,7.9915,1.0,9.1449,0.0,0.0958,5.8777,4.9778,0.8999,0.8727,1,0.386,0.0042,0.612,0.188,0.0,0.813,0.214,0.158,2.718,0.061,0.808,0.418,0.402,0.054,0.894,0.509,0.471,0.109,0.949,0.588,0.548,0.21
7,2,code,19960,8.5825,1.068,19.6193,0.0,0.8672,5.9784,0.789,5.1894,4.6612,37,0.115,0.004,0.658,0.017,0.0,0.166,0.999,0.061,0.145,0.803,0.949,0.864,0.87,0.866,0.998,0.993,0.874,0.876,1.0,0.999,0.883,0.885
7,2,dialogue,19960,7.9841,0.994,19.6193,0.0,0.8672,5.9784,0.789,5.1894,4.6612,37,0.115,0.004,0.538,0.03,0.0,0.087,0.995,0.076,0.147,0.779,0.948,0.887,0.918,0.794,0.998,0.995,0.92,0.804,0.999,0.998,0.927,0.818
7,2,fiction,19960,8.2383,1.025,19.6193,0.0,0.8672,5.9784,0.789,5.1894,4.6612,37,0.115,0.0038,0.584,0.017,0.0,0.119,0.998,0.068,0.148,0.797,0.951,0.877,0.895,0.839,0.997,0.993,0.898,0.848,0.999,0.998,0.906,0.86
7,2,math,19960,8.2513,1.027,19.6193,0.0,0.8672,5.9784,0.789,5.1894,4.6612,37,0.115,0.0039,0.654,0.124,0.0,0.138,0.988,0.056,0.149,0.826,0.957,0.882,0.888,0.869,0.998,0.993,0.891,0.877,1.0,0.998,0.899,0.887
7,2,news,19960,8.2676,1.029,19.6193,0.0,0.8672,5.9784,0.789,5.1894,4.6612,37,0.115,0.004,0.519,0.067,0.0,0.146,0.99,0.073,0.15,0.786,0.949,0.872,0.878,0.846,0.998,0.994,0.883,0.856,1.0,0.998,0.891,0.868
7,2,val,5988,8.034,1.0,19.6193,0.0,0.8672,5.9784,0.789,5.1894,4.6612,37,0.115,0.0042,0.612,0.188,0.0,0.172,0.987,0.052,0.154,0.795,0.955,0.868,0.865,0.867,0.998,0.991,0.869,0.879,1.0,0.998,0.876,0.889
7,3,code,19960,9.9923,1.102,12.1684,0.0,0.7111,5.9291,1.8295,4.0997,2.8834,40,0.384,0.004,0.658,0.017,0.0,0.651,0.569,0.057,0.529,0.112,0.8,0.513,0.555,0.185,0.917,0.711,0.582,0.349,0.975,0.852,0.602,0.489
7,3,dialogue,19960,9.6764,1.068,12.1684,0.0,0.7111,5.9291,1.8295,4.0997,2.8834,40,0.384,0.004,0.538,0.03,0.0,0.756,0.731,0.063,0.463,0.116,0.757,0.47,0.492,0.24,0.888,0.72,0.521,0.433,0.964,0.873,0.558,0.579
7,3,fiction,19960,9.4953,1.048,12.1684,0.0,0.7111,5.9291,1.8295,4.0997,2.8834,40,0.384,0.0038,0.584,0.017,0.0,0.652,0.721,0.084,0.566,0.123,0.763,0.537,0.574,0.233,0.89,0.764,0.593,0.388,0.965,0.898,0.649,0.516
7,3,math,19960,9.7285,1.073,12.1684,0.0,0.7111,5.9291,1.8295,4.0997,2.8834,40,0.384,0.0039,0.654,0.124,0.0,0.699,0.634,0.069,0.56,0.167,0.778,0.512,0.526,0.274,0.906,0.728,0.555,0.439,0.97,0.864,0.597,0.574
7,3,news,19960,9.2754,1.023,12.1684,0.0,0.7111,5.9291,1.8295,4.0997,2.8834,40,0.384,0.004,0.519,0.067,0.0,0.465,0.604,0.104,0.57,0.119,0.825,0.671,0.698,0.179,0.924,0.818,0.724,0.289,0.975,0.907,0.755,0.398
7,3,val,5988,9.064,1.0,12.1684,0.0,0.7111,5.9291,1.8295,4.0997,2.8834,40,0.384,0.0042,0.612,0.188,0.0,0.679,0.61,0.09,0.66,0.142,0.761,0.555,0.551,0.219,0.888,0.728,0.584,0.373,0.962,0.865,0.646,0.53
7,4,code,19960,6.4206,1.055,7.455,0.0,0.3615,5.9065,3.5776,2.3289,1.7411,52,0.196,0.004,0.658,0.017,0.0,0.97,0.413,0.162,1.325,0.109,0.48,0.331,0.345,0.23,0.679,0.463,0.407,0.394,0.85,0.617,0.497,0.589
7,4,dialogue,19960,6.6465,1.092,7.455,0.0,0.3615,5.9065,3.5776,2.3289,1.7411,52,0.196,0.004,0.538,0.03,0.0,0.986,0.542,0.105,0.961,0.094,0.437,0.311,0.313,0.201,0.621,0.459,0.372,0.352,0.793,0.628,0.482,0.552
7,4,fiction,19960,6.4587,1.061,7.455,0.0,0.3615,5.9065,3.5776,2.3289,1.7411,52,0.196,0.0038,0.584,0.017,0.0,0.973,0.521,0.106,1.223,0.095,0.477,0.35,0.367,0.189,0.648,0.486,0.429,0.326,0.807,0.66,0.503,0.515
7,4,math,19960,6.4376,1.058,7.455,0.0,0.3615,5.9065,3.5776,2.3289,1.7411,52,0.196,0.0039,0.654,0.124,0.0,0.977,0.472,0.14,1.226,0.129,0.464,0.317,0.313,0.246,0.653,0.466,0.387,0.407,0.819,0.627,0.475,0.595
7,4,news,19960,6.5808,1.082,7.455,0.0,0.3615,5.9065,3.5776,2.3289,1.7411,52,0.196,0.004,0.519,0.067,0.0,0.982,0.546,0.21,1.33,0.11,0.476,0.354,0.358,0.198,0.654,0.514,0.462,0.342,0.815,0.679,0.537,0.524
7,4,val,5988,6.0847,1.0,7.455,0.0,0.3615,5.9065,3.5776,2.3289,1.7411,52,0.196,0.0042,0.612,0.188,0.0,0.98,0.444,0.192,1.651,0.106,0.43,0.307,0.303,0.18,0.603,0.441,0.4,0.318,0.779,0.609,0.487,0.515
7,5,code,19960,7.9241,1.147,8.839,0.0,0.4754,5.9119,2.8883,3.0236,2.2872,35,0.395,0.004,0.658,0.017,0.0,0.734,0.491,0.085,1.248,0.311,0.704,0.579,0.591,0.308,0.853,0.692,0.629,0.42,0.935,0.815,0.689,0.528
7,5,dialogue,19960,7.4586,1.08,8.839,0.0,0.4754,5.9119,2.8883,3.0236,2.2872,35,0.395,0.004,0.538,0.03,0.0,0.619,0.609,0.052,0.768,0.384,0.723,0.629,0.633,0.432,0.863,0.752,0.66,0.527,0.938,0.834,0.705,0.618
7,5,fiction,19960,7.65,1.107,8.839,0.0,0.4754,5.9119,2.8883,3.0236,2.2872,35,0.395,0.0038,0.584,0.017,0.0,0.6,0.573,0.086,1.106,0.346,0.768,0.615,0.624,0.376,0.899,0.748,0.661,0.491,0.957,0.844,0.717,0.591
7,5,math,19960,7.451,1.078,8.839,0.0,0.4754,5.9119,2.8883,3.0236,2.2872,35,0.395,0.0039,0.654,0.124,0.0,0.698,0.551,0.07,1.161,0.392,0.736,0.587,0.591,0.406,0.88,0.72,0.624,0.525,0.948,0.84,0.674,0.615
7,5,news,19960,7.3088,1.058,8.839,0.0,0.4754,5.9119,2.8883,3.0236,2.2872,35,0.395,0.004,0.519,0.067,0.0,0.597,0.613,0.097,1.156,0.34,0.766,0.647,0.644,0.344,0.9,0.773,0.681,0.457,0.961,0.882,0.72,0.547
7,5,val,5988,6.9091,1.0,8.839,0.0,0.4754,5.9119,2.8883,3.0236,2.2872,35,0.395,0.0042,0.612,0.188,0.0,0.645,0.564,0.12,1.303,0.337,0.751,0.63,0.626,0.331,0.879,0.748,0.671,0.445,0.944,0.855,0.716,0.538
7,6,code,19960,8.0206,1.379,7.1338,0.0,0.164,5.7941,4.055,1.7391,1.6561,7,0.28,0.004,0.658,0.017,0.0,0.879,0.186,0.199,2.214,0.102,0.613,0.457,0.478,0.157,0.77,0.548,0.561,0.241,0.894,0.607,0.618,0.376
7,6,dialogue,19960,6.9373,1.193,7.1338,0.0,0.164,5.7941,4.055,1.7391,1.6561,7,0.28,0.004,0.538,0.03,0.0,0.943,0.337,0.279,1.939,0.076,0.527,0.309,0.317,0.138,0.71,0.462,0.463,0.217,0.853,0.576,0.55,0.368
7,6,fiction,19960,6.7398,1.159,7.1338,0.0,0.164,5.7941,4.055,1.7391,1.6561,7,0.28,0.0038,0.584,0.017,0.0,0.922,0.341,0.296,1.818,0.079,0.562,0.392,0.395,0.139,0.727,0.518,0.484,0.218,0.864,0.638,0.59,0.357
7,6,math,19960,7.0271,1.208,7.1338,0.0,0.164,5.7941,4.055,1.7391,1.6561,7,0.28,0.0039,0.654,0.124,0.0,0.933,0.37,0.32,2.044,0.112,0.56,0.367,0.373,0.141,0.72,0.505,0.49,0.226,0.854,0.612,0.592,0.353
7,6,news,19960,6.8179,1.172,7.1338,0.0,0.164,5.7941,4.055,1.7391,1.6561,7,0.28,0.004,0.519,0.067,0.0,0.881,0.394,0.262,2.001,0.105,0.612,0.481,0.486,0.115,0.742,0.595,0.584,0.181,0.858,0.693,0.677,0.281
7,6,val,5988,5.8155,1.0,7.1338,0.0,0.164,5.7941,4.055,1.7391,1.6561,7,0.28,0.0042,0.612,0.188,0.0,0.947,0.469,0.311,2.127,0.089,0.522,0.344,0.343,0.093,0.666,0.486,0.46,0.151,0.802,0.622,0.57,0.252
7,7,code,19960,9.2622,1.088,11.7553,0.0,0.5846,5.9048,1.9668,3.9381,3.357,53,0.541,0.004,0.658,0.017,0.0,0.477,0.699,0.069,0.513,0.129,0.887,0.626,0.66,0.25,0.973,0.843,0.674,0.405,0.995,0.947,0.704,0.51
7,7,dialogue,19960,8.9935,1.056,11.7553,0.0,0.5846,5.9048,1.9668,3.9381,3.357,53,0.541,0.004,0.538,0.03,0.0,0.382,0.734,0.089,0.543,0.108,0.902,0.694,0.722,0.21,0.976,0.87,0.738,0.344,0.995,0.962,0.764,0.438
7,7,fiction,19960,8.6729,1.018,11.7553,0.0,0.5846,5.9048,1.9668,3.9381,3.357,53,0.541,0.0038,0.584,0.017,0.0,0.395,0.753,0.079,0.527,0.118,0.865,0.687,0.724,0.218,0.955,0.868,0.738,0.339,0.989,0.951,0.763,0.43
7,7,math,19960,8.9189,1.047,11.7553,0.0,0.5846,5.9048,1.9668,3.9381,3.357,53,0.541,0.0039,0.654,0.124,0.0,0.477,0.714,0.095,0.557,0.178,0.872,0.65,0.663,0.286,0.962,0.845,0.685,0.431,0.991,0.942,0.716,0.532
7,7,news,19960,8.6591,1.017,11.7553,0.0,0.5846,5.9048,1.9668,3.9381,3.357,53,0.541,0.004,0.519,0.067,0.0,0.3,0.739,0.135,0.574,0.131,0.897,0.762,0.775,0.205,0.973,0.902,0.796,0.315,0.995,0.968,0.82,0.404
7,7,val,5988,8.5158,1.0,11.7553,0.0,0.5846,5.9048,1.9668,3.9381,3.357,53,0.541,0.0042,0.612,0.188,0.0,0.432,0.684,0.117,0.67,0.153,0.877,0.703,0.697,0.229,0.961,0.851,0.723,0.36,0.991,0.947,0.759,0.473
7,8,code,19960,11.779,1.13,10.1238,0.0,0.0862,5.8625,4.3186,1.5439,1.527,45,0.52,0.004,0.658,0.017,0.0,0.684,0.191,0.182,2.806,0.192,0.938,0.527,0.53,0.088,0.99,0.598,0.578,0.14,0.998,0.682,0.665,0.237
7,8,dialogue,19960,11.3318,1.087,10.1238,0.0,0.0862,5.8625,4.3186,1.5439,1.527,45,0.52,0.004,0.538,0.03,0.0,0.572,0.232,0.099,2.967,0.175,0.944,0.594,0.598,0.061,0.989,0.678,0.62,0.097,0.998,0.754,0.74,0.168
7,8,fiction,19960,10.7226,1.029,10.1238,0.0,0.0862,5.8625,4.3186,1.5439,1.527,45,0.52,0.004,0.57,0.016,0.0,0.41,0.243,0.181,2.865,0.204,0.94,0.697,0.702,0.055,0.981,0.759,0.734,0.091,0.994,0.818,0.816,0.154
7,8,math,19960,11.4555,1.099,10.1238,0.0,0.0862,5.8625,4.3186,1.5439,1.527,45,0.52,0.004,0.658,0.123,0.0,0.635,0.224,0.134,2.896,0.256,0.942,0.53,0.533,0.082,0.986,0.609,0.57,0.134,0.996,0.7,0.662,0.222
7,8,news,19960,11.0709,1.062,10.1238,0.0,0.0862,5.8625,4.3186,1.5439,1.527,45,0.52,0.0041,0.524,0.066,0.0,0.383,0.259,0.185,2.877,0.216,0.962,0.716,0.721,0.051,0.988,0.773,0.753,0.08,0.995,0.824,0.804,0.134
7,8,val,5988,10.4208,1.0,10.1238,0.0,0.0862,5.8625,4.3186,1.5439,1.527,45,0.52,0.0042,0.612,0.188,0.0,0.643,0.452,0.159,2.919,0.263,0.953,0.56,0.541,0.057,0.987,0.714,0.597,0.088,0.995,0.816,0.666,0.153
7,9,code,19960,7.111,1.093,11.967,0.0,0.5307,5.9625,2.1326,3.83,3.4597,36,0.246,0.004,0.658,0.017,0.0,0.81,0.772,0.083,0.638,0.268,0.67,0.52,0.554,0.396,0.87,0.752,0.579,0.56,0.968,0.914,0.627,0.681
7,9,dialogue,19960,7.4272,1.142,11.967,0.0,0.5307,5.9625,2.1326,3.83,3.4597,36,0.246,0.004,0.538,0.03,0.0,0.705,0.835,0.1,0.515,0.424,0.741,0.604,0.594,0.588,0.911,0.827,0.625,0.728,0.979,0.945,0.672,0.797
7,9,fiction,19960,7.2351,1.112,11.967,0.0,0.5307,5.9625,2.1326,3.83,3.4597,36,0.246,0.0038,0.584,0.017,0.0,0.788,0.802,0.091,0.731,0.333,0.689,0.517,0.526,0.464,0.87,0.756,0.554,0.643,0.965,0.919,0.607,0.756
7,9,math,19960,6.9288,1.065,11.967,0.0,0.5307,5.9625,2.1326,3.83,3.4597,36,0.246,0.0039,0.654,0.124,0.0,0.84,0.8,0.086,0.65,0.354,0.677,0.518,0.51,0.497,0.875,0.762,0.541,0.682,0.969,0.922,0.595,0.781
7,9,news,19960,6.8418,1.052,11.967,0.0,0.5307,5.9625,2.1326,3.83,3.4597,36,0.246,0.004,0.519,0.067,0.0,0.743,0.858,0.088,0.582,0.345,0.715,0.575,0.582,0.476,0.905,0.824,0.608,0.642,0.982,0.953,0.652,0.724
7,9,val,5988,6.5044,1.0,11.967,0.0,0.5307,5.9625,2.1326,3.83,3.4597,36,0.246,0.0042,0.612,0.188,0.0,0.851,0.825,0.085,0.665,0.312,0.659,0.518,0.51,0.437,0.856,0.763,0.544,0.623,0.96,0.922,0.596,0.736
7,10,code,19960,7.6293,1.024,14.3768,0.0,0.8399,5.9796,0.9518,5.0278,4.4203,7,0.291,0.004,0.658,0.017,0.0,0.301,0.953,0.065,0.218,0.37,0.889,0.748,0.793,0.485,0.988,0.971,0.8,0.544,0.997,0.992,0.814,0.579
7,10,dialogue,19960,7.4532,1.0,14.3768,0.0,0.8399,5.9796,0.9518,5.0278,4.4203,7,0.291,0.004,0.538,0.03,0.0,0.179,0.986,0.091,0.192,0.507,0.916,0.832,0.859,0.583,0.993,0.982,0.865,0.61,0.998,0.996,0.876,0.633
7,10,fiction,19960,7.9392,1.066,14.3768,0.0,0.8399,5.9796,0.9518,5.0278,4.4203,7,0.291,0.0038,0.584,0.017,0.0,0.293,0.966,0.074,0.186,0.525,0.904,0.77,0.788,0.651,0.987,0.974,0.796,0.696,0.997,0.992,0.812,0.721
7,10,math,19960,7.6513,1.027,14.3768,0.0,0.8399,5.9796,0.9518,5.0278,4.4203,7,0.291,0.0039,0.654,0.124,0.0,0.331,0.959,0.076,0.198,0.562,0.904,0.765,0.764,0.692,0.99,0.971,0.773,0.738,0.998,0.993,0.791,0.76
7,10,news,19960,7.6509,1.027,14.3768,0.0,0.8399,5.9796,0.9518,5.0278,4.4203,7,0.291,0.004,0.519,0.067,0.0,0.292,0.969,0.082,0.196,0.515,0.904,0.791,0.793,0.642,0.989,0.976,0.803,0.679,0.997,0.993,0.819,0.703
7,10,val,5988,7.45,1.0,14.3768,0.0,0.8399,5.9796,0.9518,5.0278,4.4203,7,0.291,0.0042,0.612,0.188,0.0,0.316,0.969,0.087,0.188,0.521,0.902,0.786,0.775,0.664,0.989,0.975,0.786,0.708,0.998,0.993,0.803,0.735
7,11,code,19960,6.217,1.112,6.8046,0.0,0.2081,5.8977,4.2027,1.695,1.3665,35,0.089,0.004,0.658,0.017,0.0,0.986,0.31,0.23,1.981,0.086,0.346,0.221,0.224,0.164,0.537,0.347,0.342,0.296,0.756,0.476,0.427,0.507
7,11,dialogue,19960,5.8193,1.041,6.8046,0.0,0.2081,5.8977,4.2027,1.695,1.3665,35,0.089,0.004,0.538,0.03,0.0,0.989,0.647,0.307,1.455,0.099,0.315,0.206,0.189,0.164,0.491,0.369,0.333,0.284,0.696,0.532,0.428,0.457
7,11,fiction,19960,6.1177,1.094,6.8046,0.0,0.2081,5.8977,4.2027,1.695,1.3665,35,0.089,0.0038,0.584,0.017,0.0,0.99,0.45,0.203,1.622,0.101,0.32,0.211,0.215,0.161,0.496,0.352,0.316,0.279,0.7,0.492,0.408,0.462
7,11,math,19960,5.9674,1.067,6.8046,0.0,0.2081,5.8977,4.2027,1.695,1.3665,35,0.089,0.0039,0.654,0.124,0.0,0.988,0.467,0.246,1.774,0.104,0.34,0.217,0.201,0.174,0.523,0.366,0.325,0.305,0.73,0.508,0.407,0.502
7,11,news,19960,6.2531,1.118,6.8046,0.0,0.2081,5.8977,4.2027,1.695,1.3665,35,0.089,0.004,0.519,0.067,0.0,0.988,0.568,0.24,1.68,0.139,0.381,0.247,0.231,0.198,0.568,0.417,0.344,0.333,0.757,0.574,0.437,0.52
7,11,val,5988,5.5925,1.0,6.8046,0.0,0.2081,5.8977,4.2027,1.695,1.3665,35,0.089,0.0042,0.612,0.188,0.0,0.989,0.431,0.212,1.868,0.105,0.322,0.196,0.171,0.151,0.486,0.33,0.279,0.259,0.675,0.477,0.393,0.426
7,12,code,19960,8.4961,1.241,8.9628,0.0,0.3047,5.9032,4.0862,1.817,1.1885,53,0.207,0.004,0.658,0.017,0.0,0.947,0.169,0.055,2.636,0.354,0.588,0.334,0.344,0.294,0.773,0.406,0.377,0.429,0.905,0.51,0.459,0.591
7,12,dialogue,19960,7.9067,1.155,8.9628,0.0,0.3047,5.9032,4.0862,1.817,1.1885,53,0.207,0.004,0.538,0.03,0.0,0.855,0.309,0.079,1.989,0.321,0.632,0.445,0.454,0.317,0.803,0.552,0.5,0.434,0.914,0.656,0.555,0.572
7,12,fiction,19960,7.6827,1.123,8.9628,0.0,0.3047,5.9032,4.0862,1.817,1.1885,53,0.207,0.0038,0.584,0.017,0.0,0.767,0.384,0.116,1.706,0.377,0.695,0.524,0.536,0.377,0.849,0.634,0.599,0.493,0.936,0.721,0.632,0.603
7,12,math,19960,7.8249,1.143,8.9628,0.0,0.3047,5.9032,4.0862,1.817,1.1885,53,0.207,0.0039,0.654,0.124,0.0,0.875,0.311,0.097,2.224,0.429,0.653,0.414,0.418,0.389,0.82,0.513,0.476,0.526,0.925,0.623,0.535,0.652
7,12,news,19960,7.348,1.074,8.9628,0.0,0.3047,5.9032,4.0862,1.817,1.1885,53,0.207,0.004,0.519,0.067,0.0,0.821,0.295,0.116,2.094,0.39,0.679,0.5,0.505,0.336,0.834,0.59,0.57,0.452,0.924,0.676,0.611,0.559
7,12,val,5988,6.8441,1.0,8.9628,0.0,0.3047,5.9032,4.0862,1.817,1.1885,53,0.207,0.0042,0.612,0.188,0.0,0.882,0.308,0.095,2.115,0.377,0.626,0.441,0.44,0.317,0.787,0.537,0.503,0.442,0.897,0.639,0.569,0.567
7,13,code,19960,10.3171,1.434,8.2542,0.0,0.2582,5.9048,3.8174,2.0873,1.7717,20,0.599,0.004,0.658,0.017,0.0,0.589,0.38,0.103,0.961,0.478,0.84,0.533,0.54,0.605,0.931,0.638,0.55,0.724,0.978,0.748,0.604,0.819
7,13,dialogue,19960,7.5692,1.052,8.2542,0.0,0.2582,5.9048,3.8174,2.0873,1.7717,20,0.599,0.004,0.538,0.03,0.0,0.639,0.413,0.179,1.14,0.131,0.706,0.628,0.642,0.163,0.817,0.726,0.702,0.24,0.911,0.822,0.759,0.347
7,13,fiction,19960,7.5727,1.052,8.2542,0.0,0.2582,5.9048,3.8174,2.0873,1.7717,20,0.599,0.0046,0.648,0.172,0.0,0.767,0.471,0.254,1.632,0.097,0.692,0.57,0.581,0.142,0.821,0.69,0.678,0.233,0.924,0.791,0.736,0.358
7,13,math,19960,8.3978,1.167,8.2542,0.0,0.2582,5.9048,3.8174,2.0873,1.7717,20,0.599,0.0039,0.654,0.124,0.0,0.496,0.499,0.155,1.045,0.29,0.796,0.644,0.653,0.368,0.898,0.753,0.696,0.462,0.959,0.84,0.738,0.552
7,13,news,19960,7.6528,1.063,8.2542,0.0,0.2582,5.9048,3.8174,2.0873,1.7717,20,0.599,0.004,0.519,0.067,0.0,0.461,0.31,0.168,1.514,0.152,0.797,0.696,0.707,0.151,0.891,0.776,0.755,0.219,0.954,0.851,0.789,0.309
7,13,val,5988,7.1966,1.0,8.2542,0.0,0.2582,5.9048,3.8174,2.0873,1.7717,20,0.599,0.0042,0.612,0.188,0.0,0.453,0.416,0.26,1.742,0.146,0.781,0.694,0.692,0.142,0.866,0.774,0.762,0.217,0.933,0.853,0.817,0.303
7,14,code,19960,8.3459,1.144,10.2981,0.0,0.5991,5.9081,2.2156,3.6926,2.7352,20,0.634,0.004,0.658,0.017,0.0,0.272,0.787,0.096,0.634,0.149,0.889,0.751,0.79,0.206,0.965,0.912,0.808,0.301,0.991,0.959,0.825,0.383
7,14,dialogue,19960,7.7283,1.059,10.2981,0.0,0.5991,5.9081,2.2156,3.6926,2.7352,20,0.634,0.004,0.538,0.03,0.0,0.243,0.808,0.096,0.455,0.149,0.883,0.797,0.822,0.207,0.96,0.921,0.84,0.285,0.987,0.961,0.855,0.365
7,14,fiction,19960,7.9859,1.094,10.2981,0.0,0.5991,5.9081,2.2156,3.6926,2.7352,20,0.634,0.0038,0.584,0.017,0.0,0.248,0.753,0.082,0.623,0.155,0.897,0.776,0.81,0.218,0.964,0.915,0.825,0.302,0.988,0.954,0.84,0.369
7,14,math,19960,7.8344,1.074,10.2981,0.0,0.5991,5.9081,2.2156,3.6926,2.7352,20,0.634,0.0039,0.654,0.124,0.0,0.308,0.756,0.12,0.659,0.193,0.88,0.757,0.772,0.26,0.957,0.895,0.798,0.349,0.985,0.945,0.82,0.425
7,14,news,19960,7.5714,1.037,10.2981,0.0,0.5991,5.9081,2.2156,3.6926,2.7352,20,0.634,0.004,0.519,0.067,0.0,0.267,0.724,0.151,0.728,0.141,0.87,0.782,0.797,0.203,0.953,0.9,0.822,0.288,0.985,0.946,0.841,0.364
7,14,val,5988,7.2979,1.0,10.2981,0.0,0.5991,5.9081,2.2156,3.6926,2.7352,20,0.634,0.0042,0.612,0.188,0.0,0.286,0.745,0.156,0.82,0.175,0.878,0.783,0.782,0.234,0.955,0.894,0.811,0.326,0.985,0.944,0.837,0.397
7,15,code,19960,7.2865,1.258,6.33,0.0,0.1327,5.8551,4.4441,1.411,1.2644,52,0.3,0.004,0.658,0.017,0.0,0.963,0.185,0.244,2.441,0.09,0.561,0.468,0.476,0.124,0.692,0.519,0.493,0.198,0.824,0.6,0.602,0.317
7,15,dialogue,19960,7.2248,1.247,6.33,0.0,0.1327,5.8551,4.4441,1.411,1.2644,52,0.3,0.004,0.538,0.03,0.0,0.977,0.266,0.388,2.156,0.105,0.503,0.345,0.368,0.151,0.67,0.439,0.435,0.234,0.822,0.546,0.579,0.365
7,15,fiction,19960,6.932,1.197,6.33,0.0,0.1327,5.8551,4.4441,1.411,1.2644,52,0.3,0.0038,0.584,0.017,0.0,0.971,0.229,0.22,2.382,0.107,0.532,0.404,0.406,0.11,0.662,0.464,0.445,0.184,0.794,0.546,0.537,0.306
7,15,math,19960,6.6875,1.154,6.33,0.0,0.1327,5.8551,4.4441,1.411,1.2644,52,0.3,0.0039,0.654,0.124,0.0,0.978,0.277,0.305,2.305,0.116,0.505,0.375,0.381,0.142,0.648,0.46,0.433,0.227,0.789,0.573,0.555,0.353
7,15,news,19960,6.4659,1.116,6.33,0.0,0.1327,5.8551,4.4441,1.411,1.2644,52,0.3,0.004,0.519,0.067,0.0,0.967,0.28,0.21,2.275,0.117,0.54,0.448,0.45,0.116,0.665,0.524,0.517,0.185,0.793,0.614,0.591,0.295
7,15,val,5988,5.7934,1.0,6.33,0.0,0.1327,5.8551,4.4441,1.411,1.2644,52,0.3,0.0042,0.612,0.188,0.0,0.98,0.365,0.287,2.311,0.11,0.468,0.354,0.353,0.108,0.597,0.455,0.444,0.178,0.737,0.57,0.539,0.291
8,0,code,19960,7.0311,1.106,10.9373,0.0,0.5094,5.9671,2.0094,3.9577,3.4915,52,0.097,0.004,0.658,0.017,0.0,0.861,0.79,0.077,0.66,0.454,0.641,0.496,0.444,0.556,0.8,0.688,0.494,0.723,0.911,0.838,0.536,0.822
8,0,dialogue,19960,6.7518,1.062,10.9373,0.0,0.5094,5.9671,2.0094,3.9577,3.4915,52,0.097,0.004,0.538,0.03,0.0,0.904,0.843,0.078,0.616,0.405,0.592,0.473,0.427,0.497,0.756,0.674,0.483,0.672,0.877,0.817,0.535,0.78
8,0,fiction,19960,6.7669,1.064,10.9373,0.0,0.5094,5.9671,2.0094,3.9577,3.4915,52,0.097,0.0038,0.584,0.017,0.0,0.91,0.754,0.114,0.717,0.357,0.575,0.42,0.413,0.446,0.744,0.63,0.474,0.625,0.873,0.807,0.541,0.743
8,0,math,19960,6.7909,1.068,10.9373,0.0,0.5094,5.9671,2.0094,3.9577,3.4915,52,0.097,0.0039,0.654,0.124,0.0,0.818,0.784,0.071,0.686,0.478,0.665,0.528,0.455,0.568,0.808,0.707,0.504,0.732,0.909,0.842,0.555,0.827
8,0,news,19960,6.6848,1.051,10.9373,0.0,0.5094,5.9671,2.0094,3.9577,3.4915,52,0.097,0.004,0.519,0.067,0.0,0.845,0.784,0.064,0.649,0.441,0.64,0.508,0.466,0.534,0.798,0.704,0.511,0.701,0.909,0.842,0.56,0.802
8,0,val,5988,6.3591,1.0,10.9373,0.0,0.5094,5.9671,2.0094,3.9577,3.4915,52,0.097,0.0042,0.612,0.188,0.0,0.849,0.82,0.074,0.673,0.444,0.631,0.498,0.472,0.528,0.783,0.702,0.521,0.678,0.891,0.837,0.576,0.779
8,1,code,19960,8.6615,1.104,13.7218,0.0,0.7376,5.9292,1.4967,4.4325,3.583,27,0.348,0.004,0.658,0.017,0.0,0.404,0.76,0.059,0.428,0.34,0.848,0.683,0.713,0.458,0.962,0.874,0.725,0.554,0.991,0.955,0.747,0.613
8,1,dialogue,19960,8.3032,1.058,13.7218,0.0,0.7376,5.9292,1.4967,4.4325,3.583,27,0.348,0.004,0.538,0.03,0.0,0.33,0.862,0.063,0.296,0.43,0.862,0.768,0.783,0.522,0.974,0.932,0.794,0.584,0.995,0.984,0.809,0.621
8,1,fiction,19960,8.4058,1.071,13.7218,0.0,0.7376,5.9292,1.4967,4.4325,3.583,27,0.348,0.0038,0.584,0.017,0.0,0.365,0.89,0.062,0.363,0.393,0.867,0.729,0.742,0.527,0.972,0.924,0.753,0.607,0.993,0.979,0.774,0.646
8,1,math,19960,8.3309,1.062,13.7218,0.0,0.7376,5.9292,1.4967,4.4325,3.583,27,0.348,0.0039,0.654,0.124,0.0,0.386,0.821,0.068,0.41,0.45,0.865,0.73,0.735,0.574,0.971,0.903,0.747,0.654,0.994,0.97,0.769,0.698
8,1,news,19960,8.152,1.039,13.7218,0.0,0.7376,5.9292,1.4967,4.4325,3.583,27,0.348,0.004,0.519,0.067,0.0,0.323,0.893,0.075,0.393,0.393,0.873,0.765,0.769,0.502,0.976,0.931,0.781,0.57,0.995,0.981,0.8,0.612
8,1,val,5988,7.8464,1.0,13.7218,0.0,0.7376,5.9292,1.4967,4.4325,3.583,27,0.348,0.0042,0.612,0.188,0.0,0.366,0.913,0.072,0.393,0.424,0.871,0.753,0.743,0.56,0.973,0.93,0.756,0.64,0.994,0.981,0.778,0.683
8,2,code,19960,7.3248,1.067,13.8666,0.0,0.8679,5.9772,0.7892,5.188,4.649,42,0.234,0.004,0.658,0.017,0.0,0.154,0.996,0.071,0.146,0.745,0.921,0.866,0.878,0.804,0.994,0.984,0.881,0.819,0.999,0.997,0.89,0.831
8,2,dialogue,19960,6.8051,0.991,13.8666,0.0,0.8679,5.9772,0.7892,5.188,4.649,42,0.234,0.004,0.538,0.03,0.0,0.248,0.981,0.075,0.146,0.655,0.891,0.825,0.829,0.754,0.993,0.979,0.835,0.779,0.999,0.996,0.847,0.796
8,2,fiction,19960,6.7809,0.988,13.8666,0.0,0.8679,5.9772,0.7892,5.188,4.649,42,0.234,0.0038,0.584,0.017,0.0,0.247,0.985,0.074,0.145,0.588,0.88,0.811,0.827,0.685,0.985,0.968,0.834,0.717,0.996,0.991,0.845,0.74
8,2,math,19960,6.9701,1.015,13.8666,0.0,0.8679,5.9772,0.7892,5.188,4.649,42,0.234,0.0039,0.654,0.124,0.0,0.214,0.981,0.077,0.149,0.711,0.908,0.847,0.848,0.789,0.99,0.976,0.854,0.812,0.998,0.994,0.864,0.828
8,2,news,19960,6.8606,1.0,13.8666,0.0,0.8679,5.9772,0.7892,5.188,4.649,42,0.234,0.004,0.519,0.067,0.0,0.243,0.97,0.08,0.151,0.613,0.879,0.829,0.832,0.707,0.987,0.971,0.839,0.736,0.997,0.992,0.85,0.76
8,2,val,5988,6.864,1.0,13.8666,0.0,0.8679,5.9772,0.7892,5.188,4.649,42,0.234,0.0042,0.612,0.188,0.0,0.195,0.985,0.082,0.153,0.652,0.9,0.855,0.851,0.728,0.989,0.976,0.857,0.753,0.997,0.993,0.867,0.778
8,3,code,19960,10.332,1.152,8.9913,0.0,0.3491,5.8401,4.117,1.7232,1.0172,53,0.291,0.004,0.658,0.017,0.0,0.674,0.183,0.159,1.759,0.109,0.748,0.494,0.537,0.17,0.876,0.59,0.59,0.248,0.954,0.659,0.632,0.371
8,3,dialogue,19960,9.6584,1.076,8.9913,0.0,0.3491,5.8401,4.117,1.7232,1.0172,53,0.291,0.004,0.538,0.03,0.0,0.691,0.252,0.175,1.572,0.096,0.734,0.533,0.547,0.138,0.855,0.599,0.592,0.189,0.939,0.709,0.644,0.316
8,3,fiction,19960,9.5383,1.063,8.9913,0.0,0.3491,5.8401,4.117,1.7232,1.0172,53,0.291,0.0038,0.584,0.017,0.0,0.697,0.285,0.211,1.322,0.139,0.716,0.534,0.557,0.211,0.844,0.631,0.61,0.297,0.936,0.717,0.675,0.423
8,3,math,19960,9.8426,1.097,8.9913,0.0,0.3491,5.8401,4.117,1.7232,1.0172,53,0.291,0.0039,0.654,0.124,0.0,0.774,0.227,0.216,1.577,0.167,0.699,0.451,0.465,0.23,0.837,0.543,0.532,0.319,0.932,0.641,0.61,0.435
8,3,news,19960,9.5881,1.069,8.9913,0.0,0.3491,5.8401,4.117,1.7232,1.0172,53,0.291,0.004,0.519,0.067,0.0,0.662,0.242,0.197,1.714,0.148,0.717,0.57,0.579,0.157,0.83,0.641,0.636,0.212,0.916,0.72,0.72,0.285
8,3,val,5988,8.9725,1.0,8.9913,0.0,0.3491,5.8401,4.117,1.7232,1.0172,53,0.291,0.0042,0.612,0.188,0.0,0.864,0.377,0.268,1.843,0.167,0.649,0.381,0.382,0.181,0.793,0.521,0.497,0.269,0.902,0.644,0.606,0.384
8,4,code,19960,8.7072,1.136,9.0531,0.0,0.4255,5.8311,3.1534,2.6777,2.0691,6,0.349,0.004,0.658,0.017,0.0,0.746,0.389,0.159,1.156,0.168,0.724,0.49,0.513,0.278,0.871,0.607,0.552,0.434,0.958,0.781,0.613,0.586
8,4,dialogue,19960,8.1349,1.062,9.0531,0.0,0.4255,5.8311,3.1534,2.6777,2.0691,6,0.349,0.004,0.538,0.03,0.0,0.77,0.359,0.334,1.245,0.137,0.747,0.502,0.521,0.229,0.88,0.599,0.56,0.369,0.958,0.777,0.696,0.545
8,4,fiction,19960,7.9594,1.039,9.0531,0.0,0.4255,5.8311,3.1534,2.6777,2.0691,6,0.349,0.0038,0.584,0.017,0.0,0.675,0.534,0.158,1.269,0.166,0.747,0.57,0.602,0.235,0.873,0.693,0.635,0.365,0.951,0.841,0.708,0.494
8,4,math,19960,8.3408,1.089,9.0531,0.0,0.4255,5.8311,3.1534,2.6777,2.0691,6,0.349,0.0039,0.654,0.124,0.0,0.724,0.452,0.217,1.164,0.229,0.745,0.525,0.53,0.314,0.882,0.647,0.575,0.461,0.96,0.813,0.669,0.598
8,4,news,19960,7.9229,1.034,9.0531,0.0,0.4255,5.8311,3.1534,2.6777,2.0691,6,0.349,0.004,0.519,0.067,0.0,0.574,0.429,0.279,1.368,0.152,0.78,0.632,0.649,0.19,0.897,0.731,0.683,0.3,0.966,0.855,0.791,0.421
8,4,val,5988,7.6624,1.0,9.0531,0.0,0.4255,5.8311,3.1534,2.6777,2.0691,6,0.349,0.0042,0.612,0.188,0.0,0.794,0.512,0.204,1.439,0.186,0.691,0.514,0.507,0.22,0.83,0.653,0.583,0.35,0.931,0.793,0.67,0.51
8,5,code,19960,7.7097,1.154,7.1147,0.0,0.2765,5.8896,4.2083,1.6813,1.1013,23,0.173,0.004,0.658,0.017,0.0,0.944,0.257,0.056,2.001,0.348,0.565,0.383,0.395,0.312,0.744,0.476,0.439,0.435,0.877,0.583,0.511,0.578
8,5,dialogue,19960,7.4586,1.116,7.1147,0.0,0.2765,5.8896,4.2083,1.6813,1.1013,23,0.173,0.004,0.538,0.03,0.0,0.896,0.346,0.107,1.595,0.324,0.577,0.438,0.448,0.32,0.743,0.533,0.497,0.409,0.866,0.621,0.546,0.529
8,5,fiction,19960,7.3218,1.096,7.1147,0.0,0.2765,5.8896,4.2083,1.6813,1.1013,23,0.173,0.0038,0.584,0.017,0.0,0.898,0.357,0.175,1.746,0.355,0.579,0.42,0.435,0.322,0.739,0.527,0.5,0.426,0.862,0.647,0.588,0.541
8,5,math,19960,7.371,1.103,7.1147,0.0,0.2765,5.8896,4.2083,1.6813,1.1013,23,0.173,0.0039,0.654,0.124,0.0,0.921,0.336,0.108,1.794,0.405,0.581,0.401,0.403,0.367,0.747,0.508,0.453,0.489,0.87,0.627,0.529,0.611
8,5,news,19960,7.0551,1.056,7.1147,0.0,0.2765,5.8896,4.2083,1.6813,1.1013,23,0.173,0.004,0.519,0.067,0.0,0.876,0.282,0.094,1.948,0.375,0.615,0.452,0.464,0.302,0.764,0.549,0.505,0.408,0.87,0.659,0.579,0.519
8,5,val,5988,6.6811,1.0,7.1147,0.0,0.2765,5.8896,4.2083,1.6813,1.1013,23,0.173,0.0042,0.612,0.188,0.0,0.923,0.322,0.141,2.035,0.39,0.579,0.393,0.391,0.297,0.733,0.51,0.449,0.407,0.853,0.644,0.562,0.529
8,6,code,19960,11.1489,1.238,10.2673,0.0,0.0901,5.8414,4.7334,1.108,1.0869,61,0.459,0.004,0.658,0.017,0.0,0.659,0.082,0.07,2.864,0.043,0.895,0.468,0.472,0.05,0.96,0.497,0.493,0.1,0.986,0.543,0.528,0.199
8,6,dialogue,19960,10.4326,1.158,10.2673,0.0,0.0901,5.8414,4.7334,1.108,1.0869,61,0.459,0.004,0.538,0.03,0.0,0.611,0.161,0.202,2.88,0.045,0.888,0.531,0.531,0.077,0.958,0.586,0.615,0.121,0.986,0.635,0.649,0.229
8,6,fiction,19960,9.6297,1.069,10.2673,0.0,0.0901,5.8414,4.7334,1.108,1.0869,61,0.459,0.0038,0.584,0.017,0.0,0.57,0.117,0.161,2.702,0.049,0.846,0.608,0.61,0.052,0.92,0.639,0.648,0.099,0.966,0.685,0.685,0.185
8,6,math,19960,10.4562,1.161,10.2673,0.0,0.0901,5.8414,4.7334,1.108,1.0869,61,0.459,0.0039,0.654,0.124,0.0,0.731,0.11,0.124,2.916,0.067,0.86,0.408,0.41,0.071,0.937,0.453,0.464,0.135,0.975,0.509,0.495,0.245
8,6,news,19960,9.8617,1.095,10.2673,0.0,0.0901,5.8414,4.7334,1.108,1.0869,61,0.459,0.004,0.519,0.067,0.0,0.494,0.132,0.123,2.709,0.066,0.879,0.64,0.644,0.043,0.939,0.669,0.673,0.073,0.972,0.713,0.706,0.128
8,6,val,5988,9.0075,1.0,10.2673,0.0,0.0901,5.8414,4.7334,1.108,1.0869,61,0.459,0.0042,0.612,0.188,0.0,0.701,0.216,0.145,2.801,0.071,0.878,0.467,0.452,0.051,0.946,0.549,0.504,0.103,0.979,0.626,0.574,0.188
8,7,code,19960,9.3727,1.304,8.9547,0.0,0.0574,5.8314,4.2966,1.5348,1.5554,51,0.422,0.004,0.658,0.017,0.0,0.711,0.095,0.056,3.005,0.054,0.846,0.458,0.475,0.079,0.939,0.507,0.495,0.142,0.979,0.56,0.553,0.264
8,7,dialogue,19960,8.2377,1.146,8.9547,0.0,0.0574,5.8314,4.2966,1.5348,1.5554,51,0.422,0.004,0.538,0.03,0.0,0.732,0.113,0.152,3.069,0.046,0.83,0.456,0.464,0.048,0.919,0.497,0.535,0.085,0.964,0.568,0.59,0.175
8,7,fiction,19960,7.9846,1.111,8.9547,0.0,0.0574,5.8314,4.2966,1.5348,1.5554,51,0.422,0.0038,0.584,0.017,0.0,0.606,0.129,0.102,2.93,0.057,0.817,0.596,0.6,0.053,0.897,0.632,0.631,0.103,0.95,0.69,0.697,0.187
8,7,math,19960,8.4023,1.169,8.9547,0.0,0.0574,5.8314,4.2966,1.5348,1.5554,51,0.422,0.0039,0.654,0.124,0.0,0.767,0.131,0.103,3.129,0.087,0.815,0.419,0.429,0.09,0.908,0.473,0.463,0.171,0.959,0.548,0.545,0.291
8,7,news,19960,8.1228,1.13,8.9547,0.0,0.0574,5.8314,4.2966,1.5348,1.5554,51,0.422,0.004,0.519,0.067,0.0,0.395,0.152,0.088,3.039,0.063,0.868,0.69,0.701,0.045,0.926,0.724,0.716,0.079,0.963,0.77,0.765,0.135
8,7,val,5988,7.1874,1.0,8.9547,0.0,0.0574,5.8314,4.2966,1.5348,1.5554,51,0.422,0.0042,0.612,0.188,0.0,0.741,0.247,0.137,3.068,0.073,0.825,0.474,0.459,0.054,0.907,0.556,0.519,0.104,0.955,0.65,0.593,0.192
8,8,code,19960,7.3254,1.047,11.6345,0.0,0.5208,5.9124,2.233,3.6793,3.4081,22,0.144,0.004,0.658,0.017,0.0,0.861,0.811,0.168,0.702,0.311,0.701,0.464,0.42,0.472,0.888,0.716,0.478,0.705,0.977,0.926,0.557,0.826
8,8,dialogue,19960,7.625,1.09,11.6345,0.0,0.5208,5.9124,2.233,3.6793,3.4081,22,0.144,0.004,0.538,0.03,0.0,0.844,0.839,0.129,0.644,0.362,0.712,0.53,0.473,0.524,0.896,0.783,0.511,0.73,0.976,0.941,0.587,0.824
8,8,fiction,19960,7.5163,1.074,11.6345,0.0,0.5208,5.9124,2.233,3.6793,3.4081,22,0.144,0.0038,0.584,0.017,0.0,0.864,0.814,0.125,0.753,0.309,0.689,0.454,0.435,0.438,0.875,0.717,0.474,0.67,0.968,0.922,0.548,0.792
8,8,math,19960,7.4213,1.061,11.6345,0.0,0.5208,5.9124,2.233,3.6793,3.4081,22,0.144,0.0039,0.654,0.124,0.0,0.871,0.807,0.137,0.73,0.353,0.721,0.482,0.39,0.5,0.894,0.722,0.439,0.752,0.978,0.926,0.528,0.865
8,8,news,19960,7.3101,1.045,11.6345,0.0,0.5208,5.9124,2.233,3.6793,3.4081,22,0.144,0.004,0.519,0.067,0.0,0.876,0.757,0.24,0.816,0.294,0.704,0.399,0.391,0.44,0.893,0.665,0.459,0.702,0.981,0.929,0.575,0.829
8,8,val,5988,6.9968,1.0,11.6345,0.0,0.5208,5.9124,2.233,3.6793,3.4081,22,0.144,0.0042,0.612,0.188,0.0,0.9,0.784,0.11,0.751,0.337,0.668,0.448,0.407,0.463,0.864,0.698,0.445,0.704,0.967,0.92,0.522,0.819
8,9,code,19960,10.8436,1.205,9.3093,0.0,0.14,5.8949,4.5273,1.3676,1.2685,21,0.313,0.004,0.658,0.017,0.0,0.774,0.114,0.108,2.385,0.062,0.828,0.386,0.387,0.094,0.922,0.438,0.437,0.17,0.972,0.52,0.529,0.321
8,9,dialogue,19960,10.0689,1.119,9.3093,0.0,0.14,5.8949,4.5273,1.3676,1.2685,21,0.313,0.004,0.538,0.03,0.0,0.857,0.201,0.176,2.39,0.059,0.776,0.388,0.389,0.085,0.89,0.477,0.481,0.146,0.956,0.576,0.595,0.279
8,9,fiction,19960,9.4712,1.052,9.3093,0.0,0.14,5.8949,4.5273,1.3676,1.2685,21,0.313,0.0038,0.584,0.017,0.0,0.819,0.165,0.113,2.234,0.062,0.706,0.471,0.471,0.095,0.83,0.528,0.522,0.169,0.923,0.617,0.636,0.299
8,9,math,19960,10.1598,1.129,9.3093,0.0,0.14,5.8949,4.5273,1.3676,1.2685,21,0.313,0.0039,0.654,0.124,0.0,0.867,0.153,0.127,2.461,0.087,0.758,0.327,0.327,0.11,0.871,0.398,0.385,0.199,0.946,0.496,0.501,0.347
8,9,news,19960,9.7215,1.08,9.3093,0.0,0.14,5.8949,4.5273,1.3676,1.2685,21,0.313,0.004,0.519,0.067,0.0,0.749,0.148,0.109,2.259,0.082,0.762,0.525,0.525,0.082,0.864,0.576,0.569,0.138,0.935,0.661,0.671,0.236
8,9,val,5988,8.999,1.0,9.3093,0.0,0.14,5.8949,4.5273,1.3676,1.2685,21,0.313,0.0042,0.612,0.188,0.0,0.871,0.234,0.162,2.344,0.084,0.752,0.345,0.334,0.08,0.865,0.453,0.422,0.153,0.939,0.572,0.529,0.27
8,10,code,19960,6.9908,1.284,6.6045,0.0,0.2527,5.8669,4.0127,1.8542,1.4845,38,0.235,0.004,0.658,0.017,0.0,0.89,0.047,0.023,0.996,0.098,0.585,0.424,0.469,0.156,0.735,0.484,0.485,0.261,0.867,0.571,0.556,0.413
8,10,dialogue,19960,6.4077,1.177,6.6045,0.0,0.2527,5.8669,4.0127,1.8542,1.4845,38,0.235,0.004,0.538,0.03,0.0,0.984,0.426,0.508,1.164,0.091,0.45,0.244,0.259,0.149,0.623,0.363,0.413,0.262,0.792,0.552,0.537,0.438
8,10,fiction,19960,6.4081,1.177,6.6045,0.0,0.2527,5.8669,4.0127,1.8542,1.4845,38,0.235,0.0038,0.584,0.017,0.0,0.859,0.639,0.501,1.455,0.064,0.618,0.447,0.476,0.109,0.769,0.605,0.596,0.201,0.897,0.738,0.753,0.36
8,10,math,19960,6.2748,1.152,6.6045,0.0,0.2527,5.8669,4.0127,1.8542,1.4845,38,0.235,0.0039,0.654,0.124,0.0,0.954,0.335,0.253,1.215,0.119,0.525,0.311,0.33,0.198,0.709,0.432,0.438,0.332,0.865,0.608,0.602,0.518
8,10,news,19960,6.327,1.162,6.6045,0.0,0.2527,5.8669,4.0127,1.8542,1.4845,38,0.235,0.004,0.519,0.067,0.0,0.892,0.209,0.162,1.176,0.125,0.6,0.42,0.455,0.174,0.756,0.514,0.523,0.293,0.884,0.672,0.653,0.441
8,10,val,5988,5.4446,1.0,6.6045,0.0,0.2527,5.8669,4.0127,1.8542,1.4845,38,0.235,0.0042,0.612,0.188,0.0,0.921,0.573,0.501,1.308,0.088,0.484,0.33,0.332,0.099,0.632,0.496,0.485,0.178,0.787,0.66,0.647,0.319
8,11,code,19960,5.848,1.094,7.2639,0.0,0.4503,5.9346,2.7841,3.1505,2.7383,33,0.308,0.004,0.658,0.017,0.0,0.895,0.662,0.068,0.979,0.176,0.606,0.491,0.516,0.292,0.787,0.661,0.54,0.455,0.918,0.839,0.569,0.603
8,11,dialogue,19960,5.8188,1.089,7.2639,0.0,0.4503,5.9346,2.7841,3.1505,2.7383,33,0.308,0.004,0.538,0.03,0.0,0.909,0.8,0.068,0.761,0.186,0.618,0.501,0.513,0.333,0.803,0.698,0.539,0.501,0.926,0.86,0.573,0.641
8,11,fiction,19960,5.8617,1.097,7.2639,0.0,0.4503,5.9346,2.7841,3.1505,2.7383,33,0.308,0.0038,0.584,0.017,0.0,0.907,0.678,0.061,1.044,0.184,0.599,0.459,0.483,0.26,0.769,0.631,0.505,0.426,0.902,0.823,0.545,0.594
8,11,math,19960,5.6424,1.056,7.2639,0.0,0.4503,5.9346,2.7841,3.1505,2.7383,33,0.308,0.0039,0.654,0.124,0.0,0.905,0.723,0.072,0.885,0.191,0.597,0.476,0.481,0.317,0.778,0.661,0.512,0.486,0.908,0.834,0.555,0.638
8,11,news,19960,5.7636,1.078,7.2639,0.0,0.4503,5.9346,2.7841,3.1505,2.7383,33,0.308,0.004,0.519,0.067,0.0,0.901,0.692,0.079,1.106,0.177,0.629,0.53,0.535,0.259,0.802,0.695,0.565,0.421,0.927,0.865,0.611,0.567
8,11,val,5988,5.3447,1.0,7.2639,0.0,0.4503,5.9346,2.7841,3.1505,2.7383,33,0.308,0.0042,0.612,0.188,0.0,0.93,0.669,0.086,1.119,0.173,0.567,0.472,0.466,0.261,0.748,0.636,0.502,0.426,0.894,0.819,0.56,0.596
8,12,code,19960,7.4547,1.051,12.2599,0.0,0.8523,5.9738,0.8628,5.111,4.518,43,0.352,0.004,0.658,0.017,0.0,0.396,0.926,0.049,0.164,0.387,0.839,0.718,0.745,0.531,0.976,0.953,0.753,0.609,0.996,0.988,0.772,0.644
8,12,dialogue,19960,7.3413,1.035,12.2599,0.0,0.8523,5.9738,0.8628,5.111,4.518,43,0.352,0.004,0.538,0.03,0.0,0.319,0.915,0.049,0.172,0.364,0.861,0.744,0.768,0.497,0.983,0.956,0.776,0.579,0.997,0.992,0.793,0.611
8,12,fiction,19960,7.1249,1.004,12.2599,0.0,0.8523,5.9738,0.8628,5.111,4.518,43,0.352,0.0038,0.584,0.017,0.0,0.282,0.953,0.055,0.179,0.345,0.875,0.762,0.796,0.465,0.979,0.964,0.803,0.524,0.995,0.99,0.82,0.559
8,12,math,19960,7.3108,1.03,12.2599,0.0,0.8523,5.9738,0.8628,5.111,4.518,43,0.352,0.0039,0.654,0.124,0.0,0.331,0.943,0.06,0.162,0.479,0.876,0.764,0.77,0.609,0.982,0.96,0.78,0.667,0.996,0.99,0.799,0.696
8,12,news,19960,7.202,1.015,12.2599,0.0,0.8523,5.9738,0.8628,5.111,4.518,43,0.352,0.004,0.519,0.067,0.0,0.273,0.947,0.069,0.171,0.378,0.873,0.798,0.809,0.49,0.981,0.967,0.819,0.541,0.996,0.991,0.834,0.577
8,12,val,5988,7.0947,1.0,12.2599,0.0,0.8523,5.9738,0.8628,5.111,4.518,43,0.352,0.0042,0.612,0.188,0.0,0.308,0.963,0.065,0.167,0.438,0.875,0.791,0.783,0.567,0.983,0.966,0.793,0.623,0.996,0.991,0.81,0.658
8,13,code,19960,8.0526,1.209,7.4625,0.0,0.2035,5.8364,4.1794,1.657,1.4797,42,0.264,0.004,0.658,0.017,0.0,0.928,0.186,0.158,2.164,0.098,0.581,0.402,0.404,0.191,0.744,0.472,0.461,0.279,0.881,0.56,0.553,0.436
8,13,dialogue,19960,7.7456,1.163,7.4625,0.0,0.2035,5.8364,4.1794,1.657,1.4797,42,0.264,0.004,0.538,0.03,0.0,0.952,0.382,0.286,1.983,0.061,0.588,0.403,0.404,0.138,0.755,0.518,0.518,0.213,0.888,0.635,0.623,0.35
8,13,fiction,19960,7.2262,1.085,7.4625,0.0,0.2035,5.8364,4.1794,1.657,1.4797,42,0.264,0.0038,0.584,0.017,0.0,0.913,0.353,0.316,1.972,0.06,0.59,0.47,0.47,0.125,0.736,0.559,0.568,0.203,0.866,0.673,0.656,0.334
8,13,math,19960,7.5927,1.14,7.4625,0.0,0.2035,5.8364,4.1794,1.657,1.4797,42,0.264,0.0039,0.654,0.124,0.0,0.958,0.28,0.25,2.131,0.1,0.539,0.349,0.35,0.187,0.704,0.447,0.435,0.285,0.852,0.574,0.559,0.432
8,13,news,19960,7.2727,1.092,7.4625,0.0,0.2035,5.8364,4.1794,1.657,1.4797,42,0.264,0.004,0.519,0.067,0.0,0.936,0.348,0.309,2.22,0.076,0.567,0.449,0.45,0.109,0.7,0.54,0.532,0.174,0.828,0.65,0.647,0.282
8,13,val,5988,6.6612,1.0,7.4625,0.0,0.2035,5.8364,4.1794,1.657,1.4797,42,0.264,0.0042,0.612,0.188,0.0,0.949,0.362,0.201,2.33,0.082,0.506,0.334,0.333,0.121,0.657,0.446,0.416,0.196,0.802,0.587,0.535,0.318
8,14,code,19960,8.0079,1.119,9.3562,0.0,0.4875,5.9403,2.6617,3.2786,2.6764,52,0.265,0.004,0.658,0.017,0.0,0.852,0.668,0.105,0.836,0.202,0.684,0.438,0.452,0.316,0.848,0.666,0.486,0.506,0.948,0.851,0.565,0.672
8,14,dialogue,19960,7.7829,1.088,9.3562,0.0,0.4875,5.9403,2.6617,3.2786,2.6764,52,0.265,0.004,0.538,0.03,0.0,0.761,0.798,0.082,0.601,0.252,0.712,0.548,0.556,0.394,0.88,0.773,0.583,0.555,0.96,0.905,0.64,0.677
8,14,fiction,19960,7.6121,1.064,9.3562,0.0,0.4875,5.9403,2.6617,3.2786,2.6764,52,0.265,0.0038,0.584,0.017,0.0,0.809,0.718,0.082,0.809,0.2,0.678,0.505,0.533,0.295,0.84,0.703,0.561,0.454,0.935,0.86,0.617,0.598
8,14,math,19960,7.732,1.081,9.3562,0.0,0.4875,5.9403,2.6617,3.2786,2.6764,52,0.265,0.0039,0.654,0.124,0.0,0.849,0.704,0.096,0.765,0.241,0.675,0.459,0.453,0.366,0.845,0.686,0.49,0.554,0.942,0.854,0.566,0.702
8,14,news,19960,7.5066,1.049,9.3562,0.0,0.4875,5.9403,2.6617,3.2786,2.6764,52,0.265,0.004,0.519,0.067,0.0,0.848,0.686,0.095,1.031,0.178,0.673,0.499,0.507,0.256,0.843,0.694,0.549,0.426,0.945,0.865,0.613,0.595
8,14,val,5988,7.155,1.0,9.3562,0.0,0.4875,5.9403,2.6617,3.2786,2.6764,52,0.265,0.0042,0.612,0.188,0.0,0.897,0.667,0.121,0.976,0.214,0.628,0.453,0.443,0.308,0.802,0.654,0.497,0.483,0.92,0.825,0.569,0.652
8,15,code,19960,6.3151,1.325,6.0529,0.0,0.3165,5.9222,3.5972,2.3249,2.0218,24,0.066,0.0016,0.032,0.274,0.0,0.991,0.165,0.014,1.746,0.124,0.408,0.165,0.128,0.214,0.594,0.222,0.146,0.343,0.785,0.33,0.229,0.53
8,15,dialogue,19960,6.0625,1.272,6.0529,0.0,0.3165,5.9222,3.5972,2.3249,2.0218,24,0.066,0.0245,0.263,0.276,0.0,0.985,0.457,0.282,1.306,0.134,0.35,0.208,0.174,0.186,0.524,0.345,0.298,0.282,0.716,0.52,0.394,0.438
8,15,fiction,19960,6.4087,1.344,6.0529,0.0,0.3165,5.9222,3.5972,2.3249,2.0218,24,0.066,0.0642,0.079,0.267,0.0,0.974,0.455,0.279,1.568,0.112,0.47,0.225,0.237,0.19,0.636,0.349,0.325,0.29,0.793,0.504,0.432,0.481
8,15,math,19960,5.6879,1.193,6.0529,0.0,0.3165,5.9222,3.5972,2.3249,2.0218,24,0.066,0.0276,0.083,0.246,0.0,0.987,0.502,0.24,1.358,0.161,0.433,0.267,0.221,0.252,0.61,0.409,0.309,0.391,0.784,0.569,0.42,0.563
8,15,news,19960,5.7044,1.196,6.0529,0.0,0.3165,5.9222,3.5972,2.3249,2.0218,24,0.066,0.0139,0.119,0.234,0.0,0.986,0.386,0.081,1.222,0.243,0.459,0.275,0.221,0.326,0.629,0.395,0.278,0.483,0.791,0.544,0.349,0.64
8,15,val,5988,4.7677,1.0,6.0529,0.0,0.3165,5.9222,3.5972,2.3249,2.0218,24,0.066,0.0242,0.017,0.251,0.0,0.988,0.58,0.387,1.498,0.131,0.348,0.223,0.176,0.179,0.511,0.377,0.299,0.293,0.698,0.56,0.46,0.458
9,0,code,19960,9.0025,1.295,8.2121,0.0,0.0542,5.7747,3.9968,1.778,1.8194,34,0.576,0.004,0.658,0.017,0.0,0.553,0.089,0.04,2.925,0.042,0.856,0.577,0.582,0.052,0.929,0.606,0.594,0.103,0.969,0.642,0.616,0.203
9,0,dialogue,19960,8.0573,1.159,8.2121,0.0,0.0542,5.7747,3.9968,1.778,1.8194,34,0.576,0.004,0.538,0.03,0.0,0.463,0.091,0.074,2.936,0.036,0.861,0.658,0.659,0.035,0.931,0.68,0.666,0.072,0.971,0.705,0.703,0.137
9,0,fiction,19960,7.6059,1.094,8.2121,0.0,0.0542,5.7747,3.9968,1.778,1.8194,34,0.576,0.0038,0.584,0.017,0.0,0.286,0.224,0.209,2.767,0.034,0.869,0.757,0.758,0.034,0.921,0.789,0.779,0.065,0.961,0.823,0.829,0.123
9,0,math,19960,7.9297,1.141,8.2121,0.0,0.0542,5.7747,3.9968,1.778,1.8194,34,0.576,0.0039,0.654,0.124,0.0,0.568,0.098,0.08,2.98,0.058,0.809,0.562,0.571,0.062,0.891,0.597,0.59,0.118,0.947,0.656,0.633,0.209
9,0,news,19960,7.8041,1.123,8.2121,0.0,0.0542,5.7747,3.9968,1.778,1.8194,34,0.576,0.004,0.519,0.067,0.0,0.193,0.13,0.09,2.903,0.047,0.917,0.805,0.81,0.031,0.951,0.826,0.818,0.055,0.975,0.851,0.841,0.099
9,0,val,5988,6.9504,1.0,8.2121,0.0,0.0542,5.7747,3.9968,1.778,1.8194,34,0.576,0.0042,0.612,0.188,0.0,0.501,0.325,0.227,2.9,0.058,0.832,0.592,0.588,0.041,0.9,0.672,0.632,0.078,0.949,0.747,0.694,0.148
9,1,code,19960,7.5213,1.15,11.3717,0.0,0.5746,5.9693,2.0363,3.9329,3.3798,34,0.291,0.004,0.662,0.035,0.0,0.818,0.761,0.053,0.653,0.234,0.675,0.486,0.5,0.398,0.872,0.737,0.521,0.593,0.969,0.901,0.571,0.711
9,1,dialogue,19960,7.1132,1.087,11.3717,0.0,0.5746,5.9693,2.0363,3.9329,3.3798,34,0.291,0.004,0.538,0.03,0.0,0.893,0.808,0.06,0.583,0.185,0.652,0.434,0.445,0.331,0.85,0.714,0.469,0.572,0.961,0.903,0.525,0.709
9,1,fiction,19960,7.1268,1.09,11.3717,0.0,0.5746,5.9693,2.0363,3.9329,3.3798,34,0.291,0.0052,0.689,0.299,0.0,0.806,0.679,0.105,0.904,0.172,0.668,0.512,0.548,0.27,0.839,0.701,0.569,0.437,0.946,0.872,0.653,0.586
9,1,math,19960,7.0889,1.084,11.3717,0.0,0.5746,5.9693,2.0363,3.9329,3.3798,34,0.291,0.0039,0.654,0.124,0.0,0.821,0.761,0.07,0.657,0.269,0.672,0.501,0.501,0.423,0.864,0.736,0.526,0.605,0.964,0.905,0.592,0.717
9,1,news,19960,6.9654,1.065,11.3717,0.0,0.5746,5.9693,2.0363,3.9329,3.3798,34,0.291,0.004,0.519,0.067,0.0,0.7,0.755,0.091,0.694,0.222,0.719,0.607,0.619,0.326,0.893,0.794,0.64,0.48,0.979,0.936,0.701,0.584
9,1,val,5988,6.5409,1.0,11.3717,0.0,0.5746,5.9693,2.0363,3.9329,3.3798,34,0.291,0.0042,0.612,0.188,0.0,0.815,0.788,0.057,0.644,0.245,0.658,0.523,0.513,0.371,0.844,0.735,0.542,0.545,0.953,0.899,0.602,0.677
9,2,code,19960,6.9175,1.052,8.5469,0.0,0.4969,5.9601,2.8352,3.1249,2.3986,46,0.249,0.004,0.658,0.017,0.0,0.94,0.621,0.096,0.978,0.172,0.56,0.392,0.407,0.286,0.757,0.601,0.466,0.459,0.899,0.77,0.524,0.637
9,2,dialogue,19960,6.8314,1.039,8.5469,0.0,0.4969,5.9601,2.8352,3.1249,2.3986,46,0.249,0.004,0.538,0.03,0.0,0.937,0.745,0.092,0.702,0.158,0.587,0.426,0.439,0.293,0.776,0.648,0.501,0.475,0.906,0.8,0.557,0.64
9,2,fiction,19960,6.7632,1.029,8.5469,0.0,0.4969,5.9601,2.8352,3.1249,2.3986,46,0.249,0.004,0.605,0.084,0.0,0.934,0.684,0.127,0.933,0.14,0.563,0.406,0.433,0.25,0.742,0.612,0.493,0.406,0.877,0.779,0.576,0.577
9,2,math,19960,6.7248,1.023,8.5469,0.0,0.4969,5.9601,2.8352,3.1249,2.3986,46,0.249,0.0039,0.654,0.124,0.0,0.952,0.62,0.107,0.952,0.184,0.543,0.378,0.376,0.312,0.736,0.578,0.446,0.484,0.881,0.744,0.52,0.653
9,2,news,19960,6.8645,1.044,8.5469,0.0,0.4969,5.9601,2.8352,3.1249,2.3986,46,0.249,0.004,0.519,0.067,0.0,0.929,0.652,0.131,1.158,0.158,0.601,0.461,0.46,0.259,0.788,0.649,0.532,0.417,0.914,0.813,0.597,0.583
9,2,val,5988,6.5736,1.0,8.5469,0.0,0.4969,5.9601,2.8352,3.1249,2.3986,46,0.249,0.0042,0.612,0.188,0.0,0.951,0.6,0.189,1.134,0.168,0.543,0.416,0.401,0.248,0.724,0.584,0.485,0.398,0.868,0.749,0.578,0.567
9,3,code,19960,8.3676,1.301,7.3079,0.0,0.1641,5.8962,4.3592,1.537,1.3456,52,0.317,0.004,0.658,0.017,0.0,0.881,0.148,0.092,2.286,0.192,0.629,0.423,0.423,0.219,0.79,0.478,0.427,0.306,0.908,0.55,0.532,0.452
9,3,dialogue,19960,7.5507,1.174,7.3079,0.0,0.1641,5.8962,4.3592,1.537,1.3456,52,0.317,0.004,0.538,0.03,0.0,0.9,0.342,0.152,2.483,0.101,0.625,0.425,0.424,0.145,0.766,0.545,0.5,0.209,0.882,0.633,0.549,0.331
9,3,fiction,19960,7.0068,1.089,7.3079,0.0,0.1641,5.8962,4.3592,1.537,1.3456,52,0.317,0.0041,0.61,0.085,0.0,0.824,0.207,0.079,2.476,0.085,0.649,0.526,0.525,0.106,0.764,0.58,0.571,0.164,0.869,0.656,0.604,0.271
9,3,math,19960,7.6381,1.187,7.3079,0.0,0.1641,5.8962,4.3592,1.537,1.3456,52,0.317,0.0039,0.654,0.124,0.0,0.907,0.238,0.139,2.352,0.173,0.594,0.39,0.391,0.184,0.741,0.467,0.428,0.267,0.862,0.574,0.528,0.388
9,3,news,19960,7.1442,1.111,7.3079,0.0,0.1641,5.8962,4.3592,1.537,1.3456,52,0.317,0.004,0.519,0.067,0.0,0.843,0.233,0.101,2.488,0.122,0.628,0.509,0.511,0.103,0.74,0.569,0.551,0.16,0.843,0.646,0.629,0.249
9,3,val,5988,6.4332,1.0,7.3079,0.0,0.1641,5.8962,4.3592,1.537,1.3456,52,0.317,0.0042,0.612,0.188,0.0,0.921,0.387,0.178,2.456,0.133,0.579,0.391,0.384,0.117,0.714,0.511,0.476,0.178,0.831,0.63,0.561,0.275
9,4,code,19960,8.4668,1.509,6.8495,0.0,0.1896,5.7774,3.7009,2.0765,1.9267,52,0.148,0.004,0.658,0.017,0.0,0.883,0.131,0.073,1.978,0.126,0.655,0.406,0.437,0.183,0.814,0.483,0.45,0.271,0.922,0.542,0.507,0.409
9,4,dialogue,19960,6.941,1.237,6.8495,0.0,0.1896,5.7774,3.7009,2.0765,1.9267,52,0.148,0.004,0.538,0.03,0.0,0.969,0.463,0.314,1.746,0.083,0.508,0.196,0.213,0.133,0.67,0.383,0.31,0.203,0.818,0.531,0.446,0.368
9,4,fiction,19960,6.4669,1.152,6.8495,0.0,0.1896,5.7774,3.7009,2.0765,1.9267,52,0.148,0.0038,0.584,0.017,0.0,0.962,0.471,0.414,1.642,0.079,0.473,0.252,0.262,0.127,0.638,0.417,0.41,0.217,0.8,0.545,0.473,0.384
9,4,math,19960,7.1158,1.268,6.8495,0.0,0.1896,5.7774,3.7009,2.0765,1.9267,52,0.148,0.0039,0.654,0.124,0.0,0.944,0.357,0.294,1.851,0.147,0.526,0.298,0.315,0.182,0.691,0.436,0.422,0.281,0.835,0.556,0.512,0.422
9,4,news,19960,6.9952,1.246,6.8495,0.0,0.1896,5.7774,3.7009,2.0765,1.9267,52,0.148,0.004,0.519,0.067,0.0,0.938,0.426,0.35,1.696,0.15,0.532,0.321,0.341,0.202,0.698,0.484,0.464,0.293,0.845,0.608,0.607,0.403
9,4,val,5988,5.6126,1.0,6.8495,0.0,0.1896,5.7774,3.7009,2.0765,1.9267,52,0.148,0.0042,0.612,0.188,0.0,0.972,0.479,0.337,1.742,0.1,0.42,0.234,0.231,0.116,0.578,0.38,0.36,0.193,0.738,0.534,0.489,0.321
9,5,code,19960,8.0495,1.025,15.3215,0.0,0.868,5.9753,0.7647,5.2106,4.7401,4,0.198,0.004,0.658,0.017,0.0,0.096,0.968,0.067,0.152,0.811,0.939,0.899,0.906,0.845,0.994,0.984,0.91,0.86,0.999,0.996,0.915,0.872
9,5,dialogue,19960,7.6898,0.979,15.3215,0.0,0.868,5.9753,0.7647,5.2106,4.7401,4,0.198,0.004,0.538,0.03,0.0,0.06,0.991,0.097,0.146,0.759,0.938,0.916,0.925,0.776,0.995,0.99,0.928,0.788,0.999,0.997,0.933,0.804
9,5,fiction,19960,7.6991,0.98,15.3215,0.0,0.868,5.9753,0.7647,5.2106,4.7401,4,0.198,0.0038,0.584,0.017,0.0,0.076,0.994,0.072,0.147,0.724,0.934,0.902,0.914,0.745,0.992,0.986,0.917,0.758,0.998,0.995,0.923,0.777
9,5,math,19960,7.857,1.0,15.3215,0.0,0.868,5.9753,0.7647,5.2106,4.7401,4,0.198,0.0039,0.654,0.124,0.0,0.071,0.981,0.093,0.151,0.816,0.949,0.916,0.919,0.835,0.995,0.989,0.923,0.846,0.999,0.996,0.928,0.858
9,5,news,19960,7.8997,1.006,15.3215,0.0,0.868,5.9753,0.7647,5.2106,4.7401,4,0.198,0.004,0.519,0.067,0.0,0.059,0.977,0.103,0.15,0.756,0.945,0.925,0.928,0.767,0.995,0.991,0.931,0.778,0.999,0.997,0.936,0.796
9,5,val,5988,7.8548,1.0,15.3215,0.0,0.868,5.9753,0.7647,5.2106,4.7401,4,0.198,0.0042,0.612,0.188,0.0,0.057,0.956,0.094,0.151,0.761,0.949,0.927,0.928,0.772,0.995,0.99,0.931,0.785,0.999,0.996,0.937,0.805
9,6,code,19960,8.9012,1.264,7.49,0.0,0.4969,5.8125,3.407,2.4055,1.3604,28,0.392,0.004,0.658,0.017,0.0,0.637,0.225,0.19,1.624,0.062,0.759,0.528,0.549,0.143,0.877,0.614,0.624,0.216,0.952,0.67,0.638,0.335
9,6,dialogue,19960,8.0414,1.142,7.49,0.0,0.4969,5.8125,3.407,2.4055,1.3604,28,0.392,0.004,0.538,0.03,0.0,0.763,0.318,0.179,1.525,0.051,0.692,0.431,0.436,0.1,0.803,0.529,0.519,0.171,0.902,0.655,0.566,0.324
9,6,fiction,19960,7.66,1.088,7.49,0.0,0.4969,5.8125,3.407,2.4055,1.3604,28,0.392,0.0038,0.584,0.017,0.0,0.596,0.261,0.221,1.456,0.053,0.731,0.622,0.623,0.097,0.827,0.683,0.691,0.16,0.913,0.766,0.726,0.276
9,6,math,19960,8.2628,1.174,7.49,0.0,0.4969,5.8125,3.407,2.4055,1.3604,28,0.392,0.0039,0.654,0.124,0.0,0.656,0.258,0.217,1.471,0.086,0.732,0.523,0.533,0.148,0.847,0.615,0.617,0.22,0.93,0.697,0.646,0.335
9,6,news,19960,7.8965,1.122,7.49,0.0,0.4969,5.8125,3.407,2.4055,1.3604,28,0.392,0.004,0.519,0.067,0.0,0.584,0.267,0.231,1.423,0.069,0.742,0.589,0.598,0.107,0.837,0.664,0.654,0.155,0.916,0.739,0.696,0.228
9,6,val,5988,7.041,1.0,7.49,0.0,0.4969,5.8125,3.407,2.4055,1.3604,28,0.392,0.0042,0.612,0.188,0.0,0.767,0.315,0.206,1.473,0.082,0.654,0.468,0.475,0.122,0.775,0.574,0.555,0.186,0.883,0.684,0.641,0.295
9,7,code,19960,7.8964,1.143,7.3348,0.0,0.3443,5.9542,4.273,1.6812,0.9824,40,0.24,0.004,0.658,0.017,0.0,0.923,0.307,0.053,1.874,0.218,0.562,0.433,0.45,0.26,0.746,0.518,0.485,0.382,0.883,0.635,0.561,0.532
9,7,dialogue,19960,7.4782,1.083,7.3348,0.0,0.3443,5.9542,4.273,1.6812,0.9824,40,0.24,0.004,0.538,0.03,0.0,0.939,0.431,0.085,1.623,0.173,0.568,0.464,0.484,0.209,0.734,0.565,0.517,0.3,0.865,0.679,0.614,0.435
9,7,fiction,19960,7.4857,1.084,7.3348,0.0,0.3443,5.9542,4.273,1.6812,0.9824,40,0.24,0.0041,0.61,0.098,0.0,0.906,0.345,0.126,1.787,0.171,0.582,0.455,0.489,0.199,0.732,0.554,0.525,0.292,0.859,0.658,0.627,0.427
9,7,math,19960,7.5852,1.098,7.3348,0.0,0.3443,5.9542,4.273,1.6812,0.9824,40,0.24,0.0039,0.654,0.124,0.0,0.953,0.337,0.111,1.848,0.246,0.531,0.389,0.399,0.281,0.714,0.494,0.443,0.403,0.859,0.618,0.556,0.547
9,7,news,19960,7.4418,1.077,7.3348,0.0,0.3443,5.9542,4.273,1.6812,0.9824,40,0.24,0.004,0.519,0.067,0.0,0.918,0.297,0.103,1.917,0.259,0.582,0.453,0.46,0.249,0.753,0.546,0.512,0.357,0.881,0.657,0.594,0.49
9,7,val,5988,6.9073,1.0,7.3348,0.0,0.3443,5.9542,4.273,1.6812,0.9824,40,0.24,0.0042,0.612,0.188,0.0,0.947,0.302,0.119,2.04,0.243,0.539,0.411,0.413,0.236,0.703,0.504,0.471,0.335,0.842,0.623,0.572,0.464
9,8,code,19960,8.9515,0.989,15.5698,0.0,0.6337,5.9472,1.763,4.1842,3.751,34,0.382,0.004,0.658,0.017,0.0,0.826,0.694,0.074,0.55,0.126,0.749,0.406,0.422,0.235,0.901,0.695,0.461,0.469,0.98,0.901,0.513,0.656
9,8,dialogue,19960,8.9964,0.994,15.5698,0.0,0.6337,5.9472,1.763,4.1842,3.751,34,0.382,0.004,0.538,0.03,0.0,0.823,0.741,0.073,0.411,0.104,0.742,0.448,0.458,0.212,0.893,0.708,0.498,0.447,0.979,0.908,0.539,0.635
9,8,fiction,19960,8.9145,0.985,15.5698,0.0,0.6337,5.9472,1.763,4.1842,3.751,34,0.382,0.0038,0.584,0.017,0.0,0.771,0.681,0.07,0.537,0.099,0.734,0.502,0.529,0.186,0.879,0.726,0.563,0.376,0.97,0.898,0.603,0.546
9,8,math,19960,9.0197,0.997,15.5698,0.0,0.6337,5.9472,1.763,4.1842,3.751,34,0.382,0.0039,0.654,0.124,0.0,0.835,0.677,0.084,0.498,0.143,0.735,0.433,0.431,0.259,0.888,0.693,0.479,0.479,0.974,0.89,0.526,0.657
9,8,news,19960,9.2692,1.024,15.5698,0.0,0.6337,5.9472,1.763,4.1842,3.751,34,0.382,0.004,0.519,0.067,0.0,0.723,0.662,0.088,0.546,0.111,0.78,0.547,0.549,0.181,0.911,0.745,0.591,0.37,0.982,0.926,0.628,0.549
9,8,val,5988,9.0504,1.0,15.5698,0.0,0.6337,5.9472,1.763,4.1842,3.751,34,0.382,0.0042,0.612,0.188,0.0,0.784,0.636,0.102,0.556,0.121,0.751,0.509,0.489,0.201,0.891,0.709,0.547,0.382,0.973,0.89,0.593,0.575
9,9,code,19960,9.6591,1.185,9.82,0.0,0.0851,5.8657,4.7532,1.1126,1.0826,48,0.496,0.004,0.658,0.017,0.0,0.711,0.143,0.057,2.84,0.114,0.812,0.504,0.508,0.097,0.912,0.547,0.511,0.159,0.964,0.637,0.573,0.276
9,9,dialogue,19960,8.8284,1.083,9.82,0.0,0.0851,5.8657,4.7532,1.1126,1.0826,48,0.496,0.004,0.538,0.03,0.0,0.64,0.188,0.012,2.898,0.094,0.81,0.579,0.58,0.055,0.911,0.616,0.582,0.105,0.966,0.678,0.635,0.199
9,9,fiction,19960,8.5053,1.044,9.82,0.0,0.0851,5.8657,4.7532,1.1126,1.0826,48,0.496,0.0038,0.584,0.017,0.0,0.526,0.205,0.009,2.766,0.101,0.818,0.646,0.648,0.069,0.903,0.685,0.65,0.12,0.958,0.762,0.692,0.208
9,9,math,19960,9.125,1.12,9.82,0.0,0.0851,5.8657,4.7532,1.1126,1.0826,48,0.496,0.0039,0.654,0.124,0.0,0.774,0.174,0.055,2.933,0.157,0.796,0.44,0.443,0.1,0.898,0.503,0.449,0.177,0.957,0.603,0.534,0.299
9,9,news,19960,9.2209,1.131,9.82,0.0,0.0851,5.8657,4.7532,1.1126,1.0826,48,0.496,0.004,0.519,0.067,0.0,0.403,0.18,0.07,2.789,0.133,0.878,0.696,0.702,0.054,0.936,0.738,0.712,0.087,0.969,0.793,0.759,0.142
9,9,val,5988,8.15,1.0,9.82,0.0,0.0851,5.8657,4.7532,1.1126,1.0826,48,0.496,0.0042,0.612,0.188,0.0,0.67,0.36,0.178,2.76,0.163,0.84,0.529,0.513,0.075,0.915,0.642,0.575,0.122,0.96,0.734,0.663,0.199
9,10,code,19960,6.864,1.125,10.2977,0.0,0.7235,5.9338,1.5542,4.3796,3.2605,27,0.305,0.004,0.658,0.017,0.0,0.766,0.752,0.049,0.559,0.277,0.666,0.536,0.56,0.401,0.843,0.75,0.578,0.54,0.945,0.88,0.613,0.651
9,10,dialogue,19960,6.5879,1.08,10.2977,0.0,0.7235,5.9338,1.5542,4.3796,3.2605,27,0.305,0.004,0.538,0.03,0.0,0.758,0.803,0.061,0.574,0.304,0.671,0.567,0.581,0.399,0.833,0.765,0.606,0.536,0.929,0.87,0.641,0.641
9,10,fiction,19960,6.7237,1.102,10.2977,0.0,0.7235,5.9338,1.5542,4.3796,3.2605,27,0.305,0.0044,0.632,0.136,0.0,0.737,0.809,0.057,0.477,0.295,0.68,0.571,0.593,0.418,0.838,0.774,0.615,0.539,0.929,0.887,0.649,0.639
9,10,math,19960,6.5482,1.073,10.2977,0.0,0.7235,5.9338,1.5542,4.3796,3.2605,27,0.305,0.0039,0.654,0.124,0.0,0.764,0.785,0.06,0.51,0.332,0.675,0.557,0.56,0.469,0.847,0.772,0.582,0.602,0.944,0.891,0.62,0.705
9,10,news,19960,6.3322,1.038,10.2977,0.0,0.7235,5.9338,1.5542,4.3796,3.2605,27,0.305,0.004,0.519,0.067,0.0,0.58,0.833,0.071,0.483,0.3,0.74,0.662,0.675,0.41,0.891,0.844,0.695,0.514,0.961,0.927,0.72,0.597
9,10,val,5988,6.1011,1.0,10.2977,0.0,0.7235,5.9338,1.5542,4.3796,3.2605,27,0.305,0.0042,0.612,0.188,0.0,0.69,0.824,0.07,0.46,0.31,0.703,0.619,0.613,0.426,0.855,0.805,0.64,0.544,0.939,0.901,0.674,0.645
9,11,code,19960,7.2287,1.165,7.6965,0.0,0.3669,5.8917,3.3608,2.5309,1.9859,52,0.487,0.004,0.658,0.017,0.0,0.714,0.393,0.07,1.485,0.14,0.691,0.584,0.618,0.183,0.817,0.684,0.64,0.288,0.914,0.792,0.68,0.424
9,11,dialogue,19960,7.0857,1.142,7.6965,0.0,0.3669,5.8917,3.3608,2.5309,1.9859,52,0.487,0.004,0.538,0.03,0.0,0.714,0.554,0.059,1.043,0.241,0.692,0.592,0.618,0.296,0.833,0.718,0.641,0.401,0.922,0.824,0.676,0.514
9,11,fiction,19960,7.0212,1.131,7.6965,0.0,0.3669,5.8917,3.3608,2.5309,1.9859,52,0.487,0.0038,0.584,0.017,0.0,0.737,0.52,0.091,1.412,0.193,0.686,0.563,0.588,0.234,0.815,0.682,0.625,0.34,0.906,0.795,0.66,0.47
9,11,math,19960,6.8496,1.103,7.6965,0.0,0.3669,5.8917,3.3608,2.5309,1.9859,52,0.487,0.0039,0.654,0.124,0.0,0.717,0.488,0.121,1.475,0.19,0.687,0.565,0.58,0.238,0.818,0.678,0.625,0.353,0.914,0.803,0.666,0.479
9,11,news,19960,6.8088,1.097,7.6965,0.0,0.3669,5.8917,3.3608,2.5309,1.9859,52,0.487,0.004,0.519,0.067,0.0,0.532,0.545,0.197,1.591,0.139,0.766,0.686,0.697,0.165,0.868,0.782,0.745,0.257,0.939,0.874,0.779,0.363
9,11,val,5988,6.2073,1.0,7.6965,0.0,0.3669,5.8917,3.3608,2.5309,1.9859,52,0.487,0.0042,0.612,0.188,0.0,0.718,0.539,0.145,1.574,0.155,0.687,0.597,0.594,0.184,0.802,0.698,0.651,0.288,0.898,0.813,0.705,0.415
9,12,code,19960,7.2274,1.021,8.8167,0.0,0.4938,5.9569,2.6776,3.2793,2.392,42,0.329,0.004,0.658,0.017,0.0,0.698,0.666,0.061,0.926,0.315,0.717,0.606,0.619,0.397,0.877,0.762,0.64,0.52,0.959,0.882,0.692,0.606
9,12,dialogue,19960,6.9262,0.979,8.8167,0.0,0.4938,5.9569,2.6776,3.2793,2.392,42,0.329,0.004,0.538,0.03,0.0,0.605,0.706,0.088,0.949,0.291,0.734,0.658,0.671,0.348,0.882,0.79,0.7,0.45,0.957,0.897,0.75,0.531
9,12,fiction,19960,7.1049,1.004,8.8167,0.0,0.4938,5.9569,2.6776,3.2793,2.392,42,0.329,0.004,0.595,0.053,0.0,0.609,0.666,0.068,0.99,0.283,0.737,0.629,0.654,0.345,0.877,0.768,0.679,0.458,0.952,0.887,0.724,0.545
9,12,math,19960,7.2889,1.03,8.8167,0.0,0.4938,5.9569,2.6776,3.2793,2.392,42,0.329,0.0039,0.654,0.124,0.0,0.742,0.67,0.091,0.982,0.382,0.71,0.578,0.579,0.462,0.87,0.742,0.613,0.592,0.955,0.873,0.671,0.682
9,12,news,19960,7.3067,1.033,8.8167,0.0,0.4938,5.9569,2.6776,3.2793,2.392,42,0.329,0.004,0.519,0.067,0.0,0.719,0.59,0.13,1.251,0.306,0.712,0.611,0.62,0.343,0.873,0.744,0.658,0.459,0.957,0.877,0.713,0.553
9,12,val,5988,7.0762,1.0,8.8167,0.0,0.4938,5.9569,2.6776,3.2793,2.392,42,0.329,0.0042,0.612,0.188,0.0,0.764,0.601,0.139,1.151,0.337,0.698,0.583,0.582,0.392,0.86,0.723,0.625,0.518,0.948,0.863,0.682,0.619
9,13,code,19960,6.1269,1.105,11.7726,0.0,0.8043,5.9674,0.9841,4.9832,4.4078,46,0.198,0.004,0.658,0.017,0.0,0.693,0.966,0.048,0.193,0.445,0.749,0.632,0.619,0.644,0.944,0.924,0.631,0.757,0.991,0.984,0.657,0.802
9,13,dialogue,19960,5.7338,1.034,11.7726,0.0,0.8043,5.9674,0.9841,4.9832,4.4078,46,0.198,0.004,0.538,0.03,0.0,0.617,0.978,0.044,0.184,0.532,0.783,0.696,0.662,0.721,0.967,0.952,0.673,0.81,0.996,0.993,0.696,0.837
9,13,fiction,19960,5.8559,1.056,11.7726,0.0,0.8043,5.9674,0.9841,4.9832,4.4078,46,0.198,0.0038,0.584,0.017,0.0,0.635,0.971,0.046,0.199,0.503,0.782,0.672,0.645,0.69,0.958,0.939,0.657,0.792,0.994,0.99,0.682,0.826
9,13,math,19960,5.7872,1.044,11.7726,0.0,0.8043,5.9674,0.9841,4.9832,4.4078,46,0.198,0.0039,0.654,0.124,0.0,0.654,0.965,0.051,0.185,0.527,0.787,0.684,0.633,0.715,0.957,0.937,0.646,0.817,0.994,0.989,0.672,0.85
9,13,news,19960,5.67,1.023,11.7726,0.0,0.8043,5.9674,0.9841,4.9832,4.4078,46,0.198,0.004,0.519,0.067,0.0,0.54,0.967,0.051,0.18,0.51,0.802,0.692,0.69,0.679,0.967,0.952,0.703,0.763,0.997,0.994,0.724,0.794
9,13,val,5988,5.5428,1.0,11.7726,0.0,0.8043,5.9674,0.9841,4.9832,4.4078,46,0.198,0.0042,0.612,0.188,0.0,0.632,0.97,0.049,0.182,0.495,0.78,0.677,0.652,0.679,0.956,0.939,0.667,0.775,0.994,0.989,0.694,0.813
9,14,code,19960,8.604,1.051,8.8733,0.0,0.408,5.9453,3.8739,2.0714,1.1609,45,0.169,0.004,0.658,0.017,0.0,0.903,0.441,0.128,0.963,0.192,0.597,0.403,0.418,0.337,0.782,0.54,0.478,0.5,0.913,0.683,0.503,0.666
9,14,dialogue,19960,8.6678,1.059,8.8733,0.0,0.408,5.9453,3.8739,2.0714,1.1609,45,0.169,0.004,0.538,0.03,0.0,0.949,0.448,0.14,1.36,0.177,0.537,0.338,0.346,0.295,0.725,0.484,0.424,0.451,0.875,0.62,0.451,0.626
9,14,fiction,19960,8.5616,1.046,8.8733,0.0,0.408,5.9453,3.8739,2.0714,1.1609,45,0.169,0.0042,0.614,0.112,0.0,0.941,0.334,0.108,1.63,0.168,0.554,0.33,0.351,0.268,0.733,0.441,0.412,0.42,0.877,0.563,0.434,0.613
9,14,math,19960,8.5111,1.04,8.8733,0.0,0.408,5.9453,3.8739,2.0714,1.1609,45,0.169,0.0039,0.654,0.124,0.0,0.939,0.392,0.137,1.32,0.202,0.561,0.355,0.348,0.326,0.744,0.481,0.425,0.483,0.883,0.611,0.454,0.652
9,14,news,19960,8.8528,1.081,8.8733,0.0,0.408,5.9453,3.8739,2.0714,1.1609,45,0.169,0.004,0.519,0.067,0.0,0.918,0.321,0.104,1.837,0.233,0.598,0.372,0.379,0.288,0.775,0.489,0.429,0.434,0.9,0.615,0.465,0.609
9,14,val,5988,8.1872,1.0,8.8733,0.0,0.408,5.9453,3.8739,2.0714,1.1609,45,0.169,0.0042,0.612,0.188,0.0,0.947,0.318,0.147,1.828,0.193,0.563,0.337,0.334,0.253,0.729,0.456,0.413,0.39,0.865,0.58,0.483,0.56
9,15,code,19960,8.176,1.198,7.4297,0.0,0.3302,5.892,3.9109,1.9811,1.3599,34,0.281,0.004,0.658,0.017,0.0,0.748,0.205,0.215,1.681,0.101,0.648,0.472,0.521,0.204,0.796,0.578,0.555,0.317,0.913,0.661,0.623,0.467
9,15,dialogue,19960,8.431,1.236,7.4297,0.0,0.3302,5.892,3.9109,1.9811,1.3599,34,0.281,0.004,0.538,0.03,0.0,0.927,0.258,0.193,1.599,0.134,0.508,0.306,0.32,0.256,0.681,0.408,0.357,0.37,0.838,0.537,0.476,0.532
9,15,fiction,19960,8.0298,1.177,7.4297,0.0,0.3302,5.892,3.9109,1.9811,1.3599,34,0.281,0.0038,0.584,0.017,0.0,0.895,0.259,0.214,1.854,0.131,0.513,0.344,0.361,0.194,0.676,0.451,0.417,0.307,0.832,0.594,0.545,0.465
9,15,math,19960,7.8904,1.156,7.4297,0.0,0.3302,5.892,3.9109,1.9811,1.3599,34,0.281,0.0039,0.654,0.124,0.0,0.88,0.27,0.14,1.685,0.156,0.561,0.378,0.391,0.251,0.73,0.479,0.433,0.384,0.869,0.603,0.519,0.54
9,15,news,19960,7.5875,1.112,7.4297,0.0,0.3302,5.892,3.9109,1.9811,1.3599,34,0.281,0.004,0.519,0.067,0.0,0.741,0.302,0.131,1.618,0.146,0.65,0.529,0.546,0.188,0.786,0.633,0.595,0.291,0.896,0.729,0.669,0.427
9,15,val,5988,6.8232,1.0,7.4297,0.0,0.3302,5.892,3.9109,1.9811,1.3599,34,0.281,0.0042,0.612,0.188,0.0,0.849,0.348,0.161,1.717,0.114,0.525,0.388,0.385,0.16,0.67,0.493,0.467,0.262,0.816,0.633,0.577,0.41
10,0,code,19960,9.1723,1.333,8.0462,0.0,0.0694,5.848,3.9898,1.8582,1.9042,42,0.574,0.004,0.658,0.017,0.0,0.537,0.087,0.053,3.011,0.035,0.868,0.618,0.621,0.051,0.943,0.642,0.641,0.091,0.978,0.674,0.661,0.167
10,0,dialogue,19960,7.9924,1.162,8.0462,0.0,0.0694,5.848,3.9898,1.8582,1.9042,42,0.574,0.004,0.538,0.03,0.0,0.423,0.119,0.18,2.921,0.034,0.893,0.667,0.668,0.027,0.954,0.689,0.712,0.055,0.98,0.723,0.727,0.118
10,0,fiction,19960,7.5835,1.102,8.0462,0.0,0.0694,5.848,3.9898,1.8582,1.9042,42,0.574,0.0038,0.584,0.017,0.0,0.215,0.114,0.066,2.818,0.035,0.899,0.794,0.795,0.028,0.941,0.809,0.807,0.051,0.971,0.833,0.822,0.099
10,0,math,19960,8.1622,1.186,8.0462,0.0,0.0694,5.848,3.9898,1.8582,1.9042,42,0.574,0.0039,0.654,0.124,0.0,0.554,0.143,0.072,2.952,0.059,0.833,0.569,0.571,0.058,0.91,0.611,0.599,0.11,0.959,0.664,0.632,0.19
10,0,news,19960,7.6951,1.118,8.0462,0.0,0.0694,5.848,3.9898,1.8582,1.9042,42,0.574,0.004,0.519,0.067,0.0,0.184,0.117,0.062,2.883,0.047,0.923,0.818,0.823,0.027,0.956,0.834,0.829,0.048,0.978,0.855,0.845,0.083
10,0,val,5988,6.8811,1.0,8.0462,0.0,0.0694,5.848,3.9898,1.8582,1.9042,42,0.574,0.0042,0.612,0.188,0.0,0.531,0.269,0.158,2.854,0.059,0.843,0.6,0.593,0.038,0.913,0.666,0.634,0.079,0.958,0.74,0.698,0.148
10,1,code,19960,8.5131,1.023,14.904,0.0,0.7409,5.9408,1.4638,4.477,3.5857,48,0.177,0.004,0.658,0.017,0.0,0.408,0.825,0.084,0.28,0.59,0.861,0.717,0.726,0.703,0.966,0.904,0.741,0.778,0.992,0.971,0.764,0.815
10,1,dialogue,19960,8.6631,1.041,14.904,0.0,0.7409,5.9408,1.4638,4.477,3.5857,48,0.177,0.004,0.538,0.03,0.0,0.42,0.881,0.09,0.316,0.617,0.875,0.744,0.705,0.757,0.974,0.924,0.723,0.839,0.995,0.982,0.753,0.866
10,1,fiction,19960,8.9676,1.077,14.904,0.0,0.7409,5.9408,1.4638,4.477,3.5857,48,0.177,0.0038,0.584,0.017,0.0,0.553,0.853,0.107,0.368,0.522,0.852,0.643,0.6,0.679,0.956,0.869,0.626,0.797,0.989,0.962,0.668,0.855
10,1,math,19960,8.5706,1.03,14.904,0.0,0.7409,5.9408,1.4638,4.477,3.5857,48,0.177,0.0039,0.654,0.124,0.0,0.432,0.848,0.087,0.317,0.63,0.878,0.735,0.702,0.758,0.972,0.909,0.718,0.835,0.994,0.977,0.747,0.868
10,1,news,19960,8.677,1.042,14.904,0.0,0.7409,5.9408,1.4638,4.477,3.5857,48,0.177,0.004,0.519,0.067,0.0,0.415,0.901,0.09,0.362,0.546,0.877,0.712,0.705,0.669,0.977,0.922,0.722,0.755,0.996,0.986,0.751,0.787
10,1,val,5988,8.324,1.0,14.904,0.0,0.7409,5.9408,1.4638,4.477,3.5857,48,0.177,0.0042,0.612,0.188,0.0,0.483,0.846,0.097,0.362,0.54,0.847,0.676,0.665,0.663,0.953,0.882,0.683,0.762,0.987,0.962,0.716,0.813
10,2,code,19960,7.6927,1.045,9.6514,0.0,0.395,5.9788,3.0528,2.926,2.5425,52,0.292,0.004,0.658,0.017,0.0,0.847,0.541,0.179,1.398,0.178,0.631,0.462,0.474,0.222,0.793,0.613,0.534,0.344,0.91,0.763,0.632,0.483
10,2,dialogue,19960,7.4273,1.009,9.6514,0.0,0.395,5.9788,3.0528,2.926,2.5425,52,0.292,0.004,0.538,0.03,0.0,0.94,0.62,0.168,1.141,0.256,0.579,0.437,0.43,0.313,0.757,0.623,0.503,0.438,0.887,0.77,0.587,0.58
10,2,fiction,19960,7.6011,1.032,9.6514,0.0,0.395,5.9788,3.0528,2.926,2.5425,52,0.292,0.0038,0.584,0.017,0.0,0.887,0.659,0.196,1.09,0.235,0.612,0.442,0.449,0.296,0.785,0.626,0.523,0.433,0.904,0.787,0.612,0.569
10,2,math,19960,7.743,1.052,9.6514,0.0,0.395,5.9788,3.0528,2.926,2.5425,52,0.292,0.0039,0.654,0.124,0.0,0.898,0.574,0.214,1.213,0.227,0.61,0.427,0.419,0.29,0.782,0.601,0.502,0.426,0.904,0.755,0.605,0.566
10,2,news,19960,7.8116,1.061,9.6514,0.0,0.395,5.9788,3.0528,2.926,2.5425,52,0.292,0.004,0.519,0.067,0.0,0.797,0.705,0.185,1.105,0.289,0.695,0.522,0.513,0.342,0.858,0.729,0.573,0.486,0.947,0.863,0.66,0.607
10,2,val,5988,7.3629,1.0,9.6514,0.0,0.395,5.9788,3.0528,2.926,2.5425,52,0.292,0.0042,0.612,0.188,0.0,0.899,0.629,0.216,1.149,0.238,0.622,0.461,0.442,0.286,0.791,0.642,0.519,0.427,0.905,0.788,0.614,0.569
10,3,code,19960,9.2652,1.24,7.7495,0.0,0.4263,5.8649,3.6578,2.2071,1.5254,37,0.725,0.004,0.658,0.017,0.0,0.301,0.266,0.12,1.651,0.043,0.889,0.755,0.77,0.078,0.949,0.814,0.798,0.115,0.981,0.854,0.844,0.191
10,3,dialogue,19960,8.486,1.136,7.7495,0.0,0.4263,5.8649,3.6578,2.2071,1.5254,37,0.725,0.004,0.538,0.03,0.0,0.284,0.254,0.193,1.706,0.041,0.894,0.79,0.801,0.059,0.945,0.839,0.837,0.089,0.976,0.884,0.861,0.154
10,3,fiction,19960,8.2033,1.098,7.7495,0.0,0.4263,5.8649,3.6578,2.2071,1.5254,37,0.725,0.0038,0.584,0.017,0.0,0.139,0.314,0.246,1.764,0.039,0.903,0.822,0.845,0.046,0.94,0.876,0.874,0.074,0.97,0.903,0.896,0.136
10,3,math,19960,8.7422,1.17,7.7495,0.0,0.4263,5.8649,3.6578,2.2071,1.5254,37,0.725,0.0039,0.654,0.124,0.0,0.356,0.33,0.219,1.744,0.071,0.857,0.699,0.706,0.093,0.923,0.777,0.764,0.134,0.965,0.832,0.817,0.204
10,3,news,19960,8.084,1.082,7.7495,0.0,0.4263,5.8649,3.6578,2.2071,1.5254,37,0.725,0.004,0.519,0.067,0.0,0.248,0.332,0.264,1.816,0.06,0.876,0.79,0.806,0.065,0.925,0.853,0.85,0.097,0.962,0.887,0.879,0.142
10,3,val,5988,7.473,1.0,7.7495,0.0,0.4263,5.8649,3.6578,2.2071,1.5254,37,0.725,0.0042,0.612,0.188,0.0,0.279,0.463,0.382,1.719,0.071,0.876,0.766,0.772,0.077,0.931,0.846,0.841,0.12,0.968,0.899,0.887,0.188
10,4,code,19960,9.3458,1.252,8.2174,0.0,0.1355,5.834,3.9974,1.8366,1.8179,39,0.59,0.004,0.658,0.017,0.0,0.541,0.149,0.099,2.569,0.051,0.831,0.612,0.616,0.069,0.92,0.658,0.643,0.117,0.967,0.697,0.68,0.211
10,4,dialogue,19960,8.8309,1.183,8.2174,0.0,0.1355,5.834,3.9974,1.8366,1.8179,39,0.59,0.004,0.538,0.03,0.0,0.531,0.225,0.247,2.177,0.056,0.829,0.625,0.625,0.061,0.906,0.684,0.687,0.097,0.957,0.778,0.737,0.2
10,4,fiction,19960,8.7576,1.173,8.2174,0.0,0.1355,5.834,3.9974,1.8366,1.8179,39,0.59,0.0038,0.584,0.017,0.0,0.38,0.23,0.154,2.139,0.063,0.832,0.717,0.717,0.066,0.898,0.762,0.76,0.111,0.949,0.814,0.799,0.194
10,4,math,19960,8.6083,1.153,8.2174,0.0,0.1355,5.834,3.9974,1.8366,1.8179,39,0.59,0.0039,0.654,0.124,0.0,0.615,0.204,0.177,2.5,0.079,0.772,0.545,0.551,0.081,0.869,0.612,0.611,0.143,0.937,0.687,0.681,0.235
10,4,news,19960,8.1448,1.091,8.2174,0.0,0.1355,5.834,3.9974,1.8366,1.8179,39,0.59,0.004,0.519,0.067,0.0,0.199,0.316,0.322,2.418,0.057,0.895,0.809,0.814,0.045,0.937,0.848,0.85,0.077,0.967,0.885,0.884,0.123
10,4,val,5988,7.4654,1.0,8.2174,0.0,0.1355,5.834,3.9974,1.8366,1.8179,39,0.59,0.0042,0.612,0.188,0.0,0.527,0.353,0.207,2.483,0.072,0.806,0.62,0.618,0.058,0.877,0.71,0.678,0.106,0.934,0.781,0.745,0.189
10,5,code,19960,7.076,1.075,12.2224,0.0,0.7384,5.9499,1.4879,4.462,3.4969,26,0.374,0.004,0.658,0.017,0.0,0.496,0.839,0.048,0.348,0.379,0.787,0.687,0.705,0.512,0.936,0.891,0.718,0.612,0.985,0.965,0.742,0.675
10,5,dialogue,19960,7.0777,1.075,12.2224,0.0,0.7384,5.9499,1.4879,4.462,3.4969,26,0.374,0.004,0.538,0.03,0.0,0.422,0.872,0.068,0.377,0.366,0.806,0.743,0.756,0.469,0.954,0.922,0.771,0.555,0.991,0.98,0.793,0.606
10,5,fiction,19960,7.1899,1.092,12.2224,0.0,0.7384,5.9499,1.4879,4.462,3.4969,26,0.374,0.0038,0.584,0.017,0.0,0.487,0.864,0.054,0.366,0.338,0.794,0.686,0.707,0.462,0.936,0.893,0.721,0.563,0.982,0.963,0.746,0.628
10,5,math,19960,7.0043,1.064,12.2224,0.0,0.7384,5.9499,1.4879,4.462,3.4969,26,0.374,0.0039,0.654,0.124,0.0,0.517,0.824,0.062,0.389,0.446,0.797,0.682,0.684,0.575,0.935,0.881,0.7,0.675,0.983,0.96,0.728,0.735
10,5,news,19960,6.7964,1.032,12.2224,0.0,0.7384,5.9499,1.4879,4.462,3.4969,26,0.374,0.004,0.519,0.067,0.0,0.344,0.891,0.084,0.378,0.304,0.842,0.769,0.778,0.406,0.962,0.932,0.793,0.492,0.994,0.984,0.813,0.552
10,5,val,5988,6.5834,1.0,12.2224,0.0,0.7384,5.9499,1.4879,4.462,3.4969,26,0.374,0.0042,0.612,0.188,0.0,0.455,0.842,0.078,0.408,0.366,0.805,0.727,0.721,0.477,0.935,0.893,0.74,0.569,0.982,0.962,0.768,0.639
10,6,code,19960,8.2472,1.255,8.1588,0.0,0.5511,5.8924,2.7835,3.1089,2.0329,50,0.402,0.004,0.658,0.017,0.0,0.736,0.438,0.078,1.032,0.141,0.692,0.516,0.542,0.258,0.838,0.654,0.585,0.387,0.933,0.774,0.64,0.549
10,6,dialogue,19960,7.3377,1.117,8.1588,0.0,0.5511,5.8924,2.7835,3.1089,2.0329,50,0.402,0.004,0.538,0.03,0.0,0.756,0.399,0.102,1.27,0.097,0.657,0.53,0.55,0.174,0.794,0.646,0.6,0.298,0.907,0.762,0.651,0.476
10,6,fiction,19960,7.2143,1.098,8.1588,0.0,0.5511,5.8924,2.7835,3.1089,2.0329,50,0.402,0.0039,0.59,0.038,0.0,0.647,0.417,0.129,1.3,0.091,0.706,0.593,0.624,0.154,0.818,0.705,0.662,0.248,0.911,0.802,0.717,0.394
10,6,math,19960,7.5597,1.15,8.1588,0.0,0.5511,5.8924,2.7835,3.1089,2.0329,50,0.402,0.0039,0.654,0.124,0.0,0.789,0.477,0.098,0.997,0.166,0.664,0.509,0.515,0.278,0.81,0.643,0.569,0.405,0.912,0.77,0.635,0.555
10,6,news,19960,7.1355,1.086,8.1588,0.0,0.5511,5.8924,2.7835,3.1089,2.0329,50,0.402,0.004,0.519,0.067,0.0,0.722,0.49,0.125,1.059,0.133,0.694,0.602,0.612,0.2,0.823,0.716,0.658,0.308,0.921,0.829,0.709,0.453
10,6,val,5988,6.5715,1.0,8.1588,0.0,0.5511,5.8924,2.7835,3.1089,2.0329,50,0.402,0.0042,0.612,0.188,0.0,0.809,0.451,0.161,1.121,0.122,0.643,0.531,0.523,0.193,0.77,0.641,0.585,0.301,0.881,0.763,0.667,0.465
10,7,code,19960,9.0306,1.286,8.6874,0.0,0.1256,5.8701,4.6128,1.2573,1.1712,41,0.384,0.004,0.658,0.017,0.0,0.824,0.155,0.142,2.741,0.149,0.708,0.421,0.45,0.139,0.843,0.498,0.529,0.225,0.931,0.599,0.568,0.362
10,7,dialogue,19960,8.0792,1.151,8.6874,0.0,0.1256,5.8701,4.6128,1.2573,1.1712,41,0.384,0.004,0.538,0.03,0.0,0.866,0.316,0.218,2.734,0.113,0.683,0.396,0.419,0.09,0.816,0.528,0.541,0.14,0.913,0.615,0.586,0.255
10,7,fiction,19960,7.5716,1.079,8.6874,0.0,0.1256,5.8701,4.6128,1.2573,1.1712,41,0.384,0.0038,0.584,0.017,0.0,0.783,0.28,0.195,2.692,0.113,0.698,0.502,0.532,0.102,0.818,0.599,0.622,0.168,0.91,0.681,0.641,0.283
10,7,math,19960,8.3003,1.182,8.6874,0.0,0.1256,5.8701,4.6128,1.2573,1.1712,41,0.384,0.0039,0.654,0.124,0.0,0.84,0.207,0.121,2.883,0.168,0.712,0.397,0.415,0.126,0.834,0.481,0.493,0.208,0.917,0.582,0.528,0.329
10,7,news,19960,7.7864,1.109,8.6874,0.0,0.1256,5.8701,4.6128,1.2573,1.1712,41,0.384,0.004,0.519,0.067,0.0,0.641,0.199,0.09,2.847,0.134,0.762,0.582,0.597,0.084,0.849,0.637,0.642,0.128,0.915,0.712,0.681,0.2
10,7,val,5988,7.02,1.0,8.6874,0.0,0.1256,5.8701,4.6128,1.2573,1.1712,41,0.384,0.0042,0.612,0.188,0.0,0.831,0.344,0.125,2.852,0.16,0.728,0.436,0.431,0.101,0.837,0.562,0.483,0.157,0.913,0.686,0.58,0.257
10,8,code,19960,9.9986,1.141,9.7245,0.0,0.528,5.9168,2.7418,3.175,2.0784,41,0.68,0.004,0.658,0.017,0.0,0.353,0.346,0.079,1.268,0.077,0.87,0.717,0.748,0.114,0.94,0.804,0.771,0.193,0.977,0.874,0.793,0.304
10,8,dialogue,19960,9.078,1.036,9.7245,0.0,0.528,5.9168,2.7418,3.175,2.0784,41,0.68,0.004,0.538,0.03,0.0,0.184,0.313,0.138,0.768,0.049,0.926,0.819,0.854,0.074,0.963,0.89,0.874,0.134,0.984,0.922,0.886,0.229
10,8,fiction,19960,9.1439,1.043,9.7245,0.0,0.528,5.9168,2.7418,3.175,2.0784,41,0.68,0.0038,0.584,0.017,0.0,0.133,0.521,0.13,0.763,0.067,0.923,0.826,0.868,0.1,0.957,0.909,0.883,0.152,0.979,0.939,0.894,0.235
10,8,math,19960,9.3863,1.071,9.7245,0.0,0.528,5.9168,2.7418,3.175,2.0784,41,0.68,0.0039,0.654,0.124,0.0,0.339,0.436,0.142,0.978,0.123,0.859,0.721,0.73,0.168,0.927,0.804,0.767,0.247,0.967,0.866,0.794,0.35
10,8,news,19960,9.1426,1.043,9.7245,0.0,0.528,5.9168,2.7418,3.175,2.0784,41,0.68,0.004,0.519,0.067,0.0,0.077,0.581,0.484,1.079,0.07,0.96,0.913,0.918,0.078,0.981,0.95,0.944,0.112,0.992,0.969,0.956,0.173
10,8,val,5988,8.7653,1.0,9.7245,0.0,0.528,5.9168,2.7418,3.175,2.0784,41,0.68,0.0042,0.612,0.188,0.0,0.252,0.49,0.301,1.229,0.098,0.887,0.795,0.789,0.116,0.938,0.856,0.828,0.179,0.971,0.911,0.875,0.266
10,9,code,19960,10.4878,1.225,8.4944,0.0,0.195,5.8835,4.2032,1.6803,1.5377,50,0.697,0.004,0.658,0.017,0.0,0.348,0.215,0.249,2.284,0.039,0.941,0.699,0.718,0.064,0.98,0.761,0.772,0.108,0.994,0.799,0.796,0.19
10,9,dialogue,19960,9.3915,1.097,8.4944,0.0,0.195,5.8835,4.2032,1.6803,1.5377,50,0.697,0.004,0.538,0.03,0.0,0.284,0.267,0.348,2.214,0.038,0.923,0.767,0.775,0.055,0.975,0.822,0.832,0.088,0.993,0.863,0.865,0.16
10,9,fiction,19960,8.7511,1.022,8.4944,0.0,0.195,5.8835,4.2032,1.6803,1.5377,50,0.697,0.0038,0.584,0.017,0.0,0.167,0.277,0.266,2.153,0.04,0.923,0.821,0.832,0.048,0.96,0.866,0.864,0.08,0.983,0.889,0.892,0.144
10,9,math,19960,9.6583,1.128,8.4944,0.0,0.195,5.8835,4.2032,1.6803,1.5377,50,0.697,0.0039,0.654,0.124,0.0,0.445,0.262,0.262,2.384,0.062,0.897,0.624,0.631,0.083,0.954,0.706,0.714,0.132,0.982,0.758,0.746,0.214
10,9,news,19960,9.0444,1.056,8.4944,0.0,0.195,5.8835,4.2032,1.6803,1.5377,50,0.697,0.004,0.519,0.067,0.0,0.189,0.335,0.323,2.317,0.054,0.949,0.815,0.829,0.057,0.977,0.873,0.876,0.09,0.99,0.898,0.89,0.145
10,9,val,5988,8.561,1.0,8.4944,0.0,0.195,5.8835,4.2032,1.6803,1.5377,50,0.697,0.0042,0.612,0.188,0.0,0.337,0.432,0.371,2.361,0.066,0.925,0.719,0.713,0.068,0.968,0.807,0.792,0.111,0.988,0.862,0.848,0.175
10,10,code,19960,6.6254,1.18,9.0998,0.0,0.358,5.9595,2.9799,2.9796,2.7524,40,0.113,0.004,0.658,0.017,0.0,0.963,0.602,0.149,1.155,0.198,0.512,0.336,0.334,0.316,0.727,0.534,0.412,0.501,0.902,0.748,0.505,0.715
10,10,dialogue,19960,5.9121,1.053,9.0998,0.0,0.358,5.9595,2.9799,2.9796,2.7524,40,0.113,0.004,0.538,0.03,0.0,0.974,0.603,0.124,1.066,0.198,0.468,0.326,0.309,0.315,0.684,0.521,0.382,0.513,0.875,0.759,0.451,0.732
10,10,fiction,19960,5.9077,1.052,9.0998,0.0,0.358,5.9595,2.9799,2.9796,2.7524,40,0.113,0.0038,0.584,0.017,0.0,0.974,0.669,0.153,1.271,0.206,0.463,0.32,0.313,0.294,0.68,0.526,0.385,0.48,0.874,0.767,0.484,0.705
10,10,math,19960,6.2072,1.106,9.0998,0.0,0.358,5.9595,2.9799,2.9796,2.7524,40,0.113,0.0039,0.654,0.124,0.0,0.971,0.637,0.148,1.181,0.232,0.5,0.338,0.291,0.346,0.713,0.536,0.362,0.557,0.895,0.764,0.476,0.77
10,10,news,19960,6.047,1.077,9.0998,0.0,0.358,5.9595,2.9799,2.9796,2.7524,40,0.113,0.004,0.519,0.067,0.0,0.962,0.705,0.134,1.131,0.255,0.561,0.392,0.328,0.382,0.774,0.601,0.39,0.604,0.932,0.825,0.499,0.808
10,10,val,5988,5.6133,1.0,9.0998,0.0,0.358,5.9595,2.9799,2.9796,2.7524,40,0.113,0.0042,0.612,0.188,0.0,0.973,0.651,0.139,1.185,0.234,0.463,0.337,0.299,0.32,0.672,0.532,0.37,0.519,0.865,0.756,0.467,0.728
10,11,code,19960,7.154,1.107,12.6671,0.0,0.7992,5.9394,1.1871,4.7522,4.0473,38,0.463,0.004,0.658,0.017,0.0,0.419,0.878,0.059,0.243,0.329,0.812,0.708,0.739,0.44,0.95,0.919,0.748,0.524,0.989,0.976,0.767,0.579
10,11,dialogue,19960,6.933,1.073,12.6671,0.0,0.7992,5.9394,1.1871,4.7522,4.0473,38,0.463,0.004,0.538,0.03,0.0,0.43,0.962,0.065,0.243,0.297,0.824,0.686,0.708,0.441,0.954,0.931,0.719,0.535,0.991,0.982,0.739,0.587
10,11,fiction,19960,6.9054,1.069,12.6671,0.0,0.7992,5.9394,1.1871,4.7522,4.0473,38,0.463,0.0038,0.584,0.017,0.0,0.344,0.928,0.067,0.254,0.269,0.837,0.733,0.767,0.374,0.954,0.93,0.777,0.452,0.988,0.978,0.795,0.505
10,11,math,19960,6.8549,1.061,12.6671,0.0,0.7992,5.9394,1.1871,4.7522,4.0473,38,0.463,0.0039,0.654,0.124,0.0,0.378,0.9,0.086,0.238,0.363,0.838,0.742,0.753,0.474,0.956,0.927,0.766,0.554,0.988,0.976,0.786,0.604
10,11,news,19960,6.7879,1.051,12.6671,0.0,0.7992,5.9394,1.1871,4.7522,4.0473,38,0.463,0.004,0.519,0.067,0.0,0.23,0.898,0.143,0.254,0.255,0.873,0.811,0.825,0.338,0.974,0.954,0.837,0.4,0.995,0.989,0.854,0.454
10,11,val,5988,6.4613,1.0,12.6671,0.0,0.7992,5.9394,1.1871,4.7522,4.0473,38,0.463,0.0042,0.612,0.188,0.0,0.348,0.92,0.107,0.253,0.307,0.844,0.774,0.768,0.416,0.96,0.935,0.782,0.496,0.99,0.98,0.805,0.555
10,12,code,19960,8.2305,1.155,7.7606,0.0,0.4228,5.8582,3.8465,2.0117,1.3362,19,0.33,0.004,0.658,0.017,0.0,0.876,0.317,0.169,1.667,0.096,0.586,0.415,0.444,0.186,0.752,0.546,0.514,0.296,0.889,0.652,0.605,0.457
10,12,dialogue,19960,7.825,1.098,7.7606,0.0,0.4228,5.8582,3.8465,2.0117,1.3362,19,0.33,0.004,0.538,0.03,0.0,0.925,0.468,0.228,1.455,0.09,0.546,0.41,0.428,0.202,0.729,0.565,0.51,0.312,0.881,0.705,0.627,0.479
10,12,fiction,19960,7.4231,1.041,7.7606,0.0,0.4228,5.8582,3.8465,2.0117,1.3362,19,0.33,0.0038,0.584,0.017,0.0,0.874,0.468,0.272,1.518,0.087,0.581,0.437,0.475,0.181,0.744,0.593,0.529,0.293,0.879,0.723,0.636,0.45
10,12,math,19960,7.9786,1.119,7.7606,0.0,0.4228,5.8582,3.8465,2.0117,1.3362,19,0.33,0.0039,0.654,0.124,0.0,0.911,0.363,0.234,1.556,0.117,0.563,0.381,0.387,0.234,0.737,0.513,0.46,0.354,0.881,0.642,0.573,0.508
10,12,news,19960,7.4759,1.049,7.7606,0.0,0.4228,5.8582,3.8465,2.0117,1.3362,19,0.33,0.004,0.519,0.067,0.0,0.829,0.434,0.185,1.685,0.111,0.649,0.532,0.545,0.176,0.793,0.652,0.599,0.275,0.902,0.76,0.674,0.403
10,12,val,5988,7.1278,1.0,7.7606,0.0,0.4228,5.8582,3.8465,2.0117,1.3362,19,0.33,0.0042,0.612,0.188,0.0,0.888,0.361,0.203,1.734,0.108,0.57,0.431,0.429,0.173,0.721,0.544,0.512,0.266,0.857,0.675,0.622,0.399
10,13,code,19960,9.7353,1.172,9.6224,0.0,0.6021,5.9437,2.5747,3.369,2.2026,35,0.498,0.004,0.658,0.017,0.0,0.548,0.298,0.125,1.332,0.09,0.805,0.574,0.616,0.145,0.908,0.69,0.663,0.237,0.966,0.781,0.695,0.373
10,13,dialogue,19960,8.4876,1.022,9.6224,0.0,0.6021,5.9437,2.5747,3.369,2.2026,35,0.498,0.004,0.538,0.03,0.0,0.469,0.341,0.089,0.848,0.073,0.805,0.638,0.666,0.133,0.891,0.738,0.695,0.227,0.946,0.797,0.72,0.359
10,13,fiction,19960,8.8097,1.061,9.6224,0.0,0.6021,5.9437,2.5747,3.369,2.2026,35,0.498,0.0038,0.584,0.017,0.0,0.349,0.515,0.079,0.79,0.098,0.836,0.685,0.729,0.163,0.911,0.814,0.753,0.251,0.957,0.874,0.782,0.361
10,13,math,19960,9.1352,1.1,9.6224,0.0,0.6021,5.9437,2.5747,3.369,2.2026,35,0.498,0.0039,0.654,0.124,0.0,0.528,0.41,0.113,1.015,0.146,0.806,0.601,0.614,0.219,0.904,0.719,0.654,0.331,0.959,0.803,0.698,0.449
10,13,news,19960,8.7328,1.051,9.6224,0.0,0.6021,5.9437,2.5747,3.369,2.2026,35,0.498,0.004,0.519,0.067,0.0,0.335,0.343,0.19,1.063,0.093,0.842,0.738,0.756,0.127,0.911,0.814,0.798,0.187,0.956,0.86,0.822,0.276
10,13,val,5988,8.3055,1.0,9.6224,0.0,0.6021,5.9437,2.5747,3.369,2.2026,35,0.498,0.0042,0.612,0.188,0.0,0.565,0.378,0.193,1.02,0.134,0.776,0.616,0.62,0.19,0.872,0.717,0.683,0.285,0.937,0.805,0.73,0.4
10,14,code,19960,7.9022,1.069,13.6869,0.0,0.6112,5.9472,1.8314,4.1158,3.5903,50,0.229,0.004,0.658,0.017,0.0,0.641,0.832,0.075,0.44,0.401,0.773,0.572,0.585,0.525,0.929,0.834,0.605,0.68,0.986,0.954,0.64,0.764
10,14,dialogue,19960,7.7491,1.048,13.6869,0.0,0.6112,5.9472,1.8314,4.1158,3.5903,50,0.229,0.004,0.538,0.03,0.0,0.645,0.897,0.074,0.414,0.387,0.764,0.6,0.618,0.489,0.932,0.866,0.638,0.654,0.988,0.969,0.672,0.723
10,14,fiction,19960,7.8283,1.059,13.6869,0.0,0.6112,5.9472,1.8314,4.1158,3.5903,50,0.229,0.0038,0.584,0.017,0.0,0.668,0.842,0.077,0.545,0.398,0.754,0.569,0.601,0.487,0.918,0.829,0.621,0.641,0.98,0.953,0.656,0.722
10,14,math,19960,7.7274,1.045,13.6869,0.0,0.6112,5.9472,1.8314,4.1158,3.5903,50,0.229,0.0039,0.654,0.124,0.0,0.635,0.851,0.08,0.47,0.438,0.778,0.59,0.585,0.557,0.927,0.842,0.608,0.71,0.984,0.956,0.646,0.788
10,14,news,19960,7.6825,1.039,13.6869,0.0,0.6112,5.9472,1.8314,4.1158,3.5903,50,0.229,0.004,0.519,0.067,0.0,0.473,0.848,0.084,0.465,0.389,0.816,0.663,0.704,0.471,0.952,0.886,0.722,0.584,0.992,0.975,0.75,0.652
10,14,val,5988,7.3921,1.0,13.6869,0.0,0.6112,5.9472,1.8314,4.1158,3.5903,50,0.229,0.0042,0.612,0.188,0.0,0.587,0.85,0.074,0.505,0.425,0.785,0.628,0.626,0.526,0.928,0.85,0.646,0.664,0.982,0.953,0.681,0.735
10,15,code,19960,7.7862,1.06,7.8592,0.0,0.2728,5.8688,4.2067,1.662,1.2479,56,0.2,0.004,0.658,0.017,0.0,0.924,0.266,0.161,2.142,0.14,0.554,0.366,0.389,0.203,0.722,0.477,0.454,0.326,0.865,0.576,0.52,0.497
10,15,dialogue,19960,7.609,1.036,7.8592,0.0,0.2728,5.8688,4.2067,1.662,1.2479,56,0.2,0.004,0.538,0.03,0.0,0.943,0.432,0.172,1.666,0.149,0.553,0.398,0.411,0.222,0.723,0.544,0.472,0.326,0.869,0.656,0.541,0.484
10,15,fiction,19960,7.7658,1.057,7.8592,0.0,0.2728,5.8688,4.2067,1.662,1.2479,56,0.2,0.0038,0.584,0.017,0.0,0.934,0.391,0.114,1.775,0.142,0.544,0.38,0.402,0.217,0.715,0.516,0.448,0.337,0.861,0.626,0.503,0.502
10,15,math,19960,7.8912,1.075,7.8592,0.0,0.2728,5.8688,4.2067,1.662,1.2479,56,0.2,0.0039,0.654,0.124,0.0,0.95,0.296,0.122,1.976,0.17,0.535,0.308,0.315,0.248,0.711,0.428,0.382,0.384,0.863,0.546,0.443,0.552
10,15,news,19960,8.0077,1.09,7.8592,0.0,0.2728,5.8688,4.2067,1.662,1.2479,56,0.2,0.004,0.519,0.067,0.0,0.872,0.346,0.118,1.95,0.187,0.632,0.433,0.45,0.224,0.789,0.553,0.494,0.34,0.9,0.672,0.545,0.494
10,15,val,5988,7.344,1.0,7.8592,0.0,0.2728,5.8688,4.2067,1.662,1.2479,56,0.2,0.0042,0.612,0.188,0.0,0.948,0.311,0.172,2.189,0.168,0.546,0.331,0.336,0.208,0.711,0.451,0.405,0.325,0.852,0.583,0.5,0.484
11,0,code,19960,8.4837,1.155,10.3832,0.0,0.578,5.9425,2.4065,3.5359,2.743,59,0.537,0.004,0.658,0.017,0.0,0.366,0.546,0.071,0.965,0.114,0.827,0.7,0.745,0.175,0.918,0.821,0.761,0.264,0.967,0.905,0.783,0.36
11,0,dialogue,19960,8.3057,1.131,10.3832,0.0,0.578,5.9425,2.4065,3.5359,2.743,59,0.537,0.004,0.538,0.03,0.0,0.589,0.685,0.078,0.811,0.188,0.777,0.607,0.631,0.28,0.903,0.784,0.654,0.413,0.965,0.9,0.7,0.531
11,0,fiction,19960,8.1783,1.113,10.3832,0.0,0.578,5.9425,2.4065,3.5359,2.743,59,0.537,0.0038,0.584,0.017,0.0,0.533,0.648,0.066,0.936,0.164,0.782,0.616,0.653,0.234,0.894,0.775,0.672,0.349,0.957,0.884,0.713,0.457
11,0,math,19960,8.1502,1.109,10.3832,0.0,0.578,5.9425,2.4065,3.5359,2.743,59,0.537,0.0039,0.654,0.124,0.0,0.504,0.595,0.097,0.842,0.178,0.782,0.638,0.652,0.259,0.89,0.773,0.68,0.369,0.954,0.875,0.72,0.474
11,0,news,19960,7.7874,1.06,10.3832,0.0,0.578,5.9425,2.4065,3.5359,2.743,59,0.537,0.004,0.519,0.067,0.0,0.318,0.737,0.144,0.853,0.154,0.856,0.762,0.772,0.216,0.948,0.882,0.799,0.308,0.985,0.953,0.823,0.391
11,0,val,5988,7.3469,1.0,10.3832,0.0,0.578,5.9425,2.4065,3.5359,2.743,59,0.537,0.0042,0.612,0.188,0.0,0.424,0.693,0.142,0.826,0.179,0.814,0.716,0.708,0.245,0.912,0.835,0.744,0.352,0.965,0.918,0.782,0.45
11,1,code,19960,9.8059,1.29,8.3972,0.0,0.2312,5.8774,3.7168,2.1606,1.9979,52,0.565,0.004,0.658,0.017,0.0,0.516,0.217,0.125,2.145,0.057,0.883,0.567,0.596,0.106,0.957,0.658,0.638,0.173,0.988,0.733,0.69,0.296
11,1,dialogue,19960,8.3897,1.104,8.3972,0.0,0.2312,5.8774,3.7168,2.1606,1.9979,52,0.565,0.004,0.538,0.03,0.0,0.489,0.203,0.149,2.171,0.043,0.851,0.601,0.627,0.095,0.936,0.688,0.681,0.142,0.977,0.75,0.71,0.248
11,1,fiction,19960,7.9644,1.048,8.3972,0.0,0.2312,5.8774,3.7168,2.1606,1.9979,52,0.565,0.0038,0.584,0.017,0.0,0.295,0.269,0.154,2.053,0.049,0.876,0.714,0.758,0.06,0.931,0.802,0.8,0.105,0.969,0.848,0.827,0.191
11,1,math,19960,8.9055,1.172,8.3972,0.0,0.2312,5.8774,3.7168,2.1606,1.9979,52,0.565,0.0039,0.654,0.124,0.0,0.508,0.281,0.211,2.218,0.088,0.86,0.577,0.592,0.113,0.935,0.675,0.665,0.184,0.975,0.754,0.723,0.292
11,1,news,19960,8.1315,1.07,8.3972,0.0,0.2312,5.8774,3.7168,2.1606,1.9979,52,0.565,0.0041,0.524,0.084,0.0,0.31,0.331,0.177,2.194,0.061,0.887,0.745,0.76,0.065,0.942,0.817,0.804,0.099,0.975,0.866,0.849,0.152
11,1,val,5988,7.5995,1.0,8.3972,0.0,0.2312,5.8774,3.7168,2.1606,1.9979,52,0.565,0.0042,0.612,0.188,0.0,0.54,0.32,0.197,2.317,0.079,0.836,0.608,0.611,0.085,0.916,0.703,0.682,0.142,0.963,0.788,0.751,0.224
11,2,code,19960,10.693,1.387,8.859,0.0,0.1063,5.8753,4.2349,1.6403,1.6334,42,0.554,0.004,0.658,0.017,0.0,0.582,0.139,0.156,2.689,0.048,0.867,0.554,0.555,0.087,0.945,0.599,0.609,0.15,0.981,0.646,0.643,0.271
11,2,dialogue,19960,8.8045,1.142,8.859,0.0,0.1063,5.8753,4.2349,1.6403,1.6334,42,0.554,0.004,0.538,0.03,0.0,0.479,0.192,0.135,2.67,0.039,0.882,0.627,0.627,0.041,0.944,0.678,0.665,0.074,0.977,0.733,0.709,0.156
11,2,fiction,19960,8.0513,1.044,8.859,0.0,0.1063,5.8753,4.2349,1.6403,1.6334,42,0.554,0.0038,0.584,0.017,0.0,0.308,0.161,0.116,2.71,0.04,0.876,0.753,0.753,0.039,0.929,0.78,0.782,0.072,0.967,0.82,0.824,0.138
11,2,math,19960,9.1751,1.19,8.859,0.0,0.1063,5.8753,4.2349,1.6403,1.6334,42,0.554,0.0039,0.654,0.124,0.0,0.627,0.167,0.155,2.82,0.072,0.82,0.522,0.522,0.081,0.908,0.574,0.582,0.15,0.961,0.654,0.651,0.263
11,2,news,19960,8.5185,1.105,8.859,0.0,0.1063,5.8753,4.2349,1.6403,1.6334,42,0.554,0.004,0.519,0.067,0.0,0.178,0.213,0.168,2.836,0.051,0.937,0.83,0.834,0.035,0.967,0.854,0.854,0.06,0.985,0.882,0.881,0.105
11,2,val,5988,7.7102,1.0,8.859,0.0,0.1063,5.8753,4.2349,1.6403,1.6334,42,0.554,0.0042,0.612,0.188,0.0,0.562,0.281,0.161,2.851,0.067,0.844,0.574,0.568,0.051,0.915,0.646,0.621,0.099,0.96,0.733,0.689,0.182
11,3,code,19960,8.0962,1.117,9.6669,0.0,0.354,5.8772,3.5565,2.3207,1.8037,57,0.272,0.004,0.658,0.017,0.0,0.899,0.43,0.156,1.569,0.271,0.609,0.47,0.496,0.322,0.808,0.614,0.563,0.467,0.933,0.752,0.607,0.607
11,3,dialogue,19960,8.1288,1.121,9.6669,0.0,0.354,5.8772,3.5565,2.3207,1.8037,57,0.272,0.004,0.538,0.03,0.0,0.92,0.627,0.13,1.107,0.31,0.609,0.474,0.482,0.385,0.819,0.657,0.542,0.548,0.936,0.802,0.587,0.675
11,3,fiction,19960,7.7428,1.068,9.6669,0.0,0.354,5.8772,3.5565,2.3207,1.8037,57,0.272,0.005,0.677,0.182,0.0,0.911,0.562,0.117,1.367,0.281,0.604,0.449,0.465,0.344,0.802,0.616,0.526,0.505,0.926,0.769,0.575,0.653
11,3,math,19960,7.938,1.095,9.6669,0.0,0.354,5.8772,3.5565,2.3207,1.8037,57,0.272,0.0039,0.654,0.124,0.0,0.941,0.501,0.168,1.457,0.314,0.588,0.431,0.435,0.373,0.799,0.593,0.523,0.539,0.929,0.747,0.576,0.672
11,3,news,19960,7.5078,1.035,9.6669,0.0,0.354,5.8772,3.5565,2.3207,1.8037,57,0.272,0.004,0.519,0.067,0.0,0.864,0.477,0.115,1.598,0.315,0.657,0.526,0.534,0.317,0.852,0.664,0.587,0.461,0.954,0.786,0.628,0.59
11,3,val,5988,7.2507,1.0,9.6669,0.0,0.354,5.8772,3.5565,2.3207,1.8037,57,0.272,0.0042,0.612,0.188,0.0,0.924,0.437,0.141,1.565,0.282,0.587,0.464,0.458,0.294,0.777,0.592,0.537,0.44,0.909,0.734,0.598,0.585
11,4,code,19960,8.4276,1.145,9.124,0.0,0.2544,5.9396,3.717,2.2226,1.9087,11,0.503,0.004,0.658,0.017,0.0,0.711,0.292,0.07,2.042,0.141,0.707,0.575,0.597,0.162,0.837,0.665,0.631,0.262,0.927,0.757,0.68,0.393
11,4,dialogue,19960,8.2234,1.117,9.124,0.0,0.2544,5.9396,3.717,2.2226,1.9087,11,0.503,0.004,0.538,0.03,0.0,0.49,0.355,0.089,1.788,0.102,0.788,0.661,0.687,0.119,0.88,0.749,0.714,0.203,0.945,0.818,0.737,0.321
11,4,fiction,19960,7.7216,1.049,9.124,0.0,0.2544,5.9396,3.717,2.2226,1.9087,11,0.503,0.0038,0.584,0.017,0.0,0.426,0.343,0.072,1.886,0.099,0.8,0.68,0.713,0.117,0.883,0.769,0.734,0.196,0.945,0.832,0.757,0.306
11,4,math,19960,7.9746,1.083,9.124,0.0,0.2544,5.9396,3.717,2.2226,1.9087,11,0.503,0.0039,0.654,0.124,0.0,0.727,0.349,0.077,2.04,0.182,0.7,0.552,0.559,0.198,0.826,0.65,0.597,0.309,0.918,0.743,0.648,0.436
11,4,news,19960,7.6118,1.034,9.124,0.0,0.2544,5.9396,3.717,2.2226,1.9087,11,0.503,0.004,0.519,0.067,0.0,0.349,0.389,0.13,2.114,0.119,0.833,0.754,0.758,0.116,0.908,0.818,0.788,0.183,0.957,0.871,0.82,0.268
11,4,val,5988,7.3603,1.0,9.124,0.0,0.2544,5.9396,3.717,2.2226,1.9087,11,0.503,0.0042,0.612,0.188,0.0,0.636,0.356,0.103,2.093,0.15,0.742,0.622,0.616,0.142,0.84,0.699,0.659,0.228,0.916,0.785,0.715,0.331
11,5,code,19960,9.0455,1.126,8.3021,0.0,0.3588,5.9007,4.3603,1.5404,0.8444,41,0.428,0.004,0.662,0.025,0.0,0.716,0.377,0.449,1.916,0.069,0.7,0.553,0.565,0.152,0.828,0.648,0.695,0.239,0.923,0.722,0.72,0.367
11,5,dialogue,19960,8.6781,1.08,8.3021,0.0,0.3588,5.9007,4.3603,1.5404,0.8444,41,0.428,0.004,0.538,0.03,0.0,0.821,0.354,0.341,1.868,0.084,0.649,0.52,0.528,0.167,0.796,0.614,0.641,0.264,0.907,0.703,0.672,0.395
11,5,fiction,19960,8.6612,1.078,8.3021,0.0,0.3588,5.9007,4.3603,1.5404,0.8444,41,0.428,0.0042,0.619,0.125,0.0,0.802,0.294,0.26,1.927,0.078,0.641,0.514,0.519,0.142,0.777,0.592,0.6,0.225,0.892,0.671,0.64,0.35
11,5,math,19960,8.9758,1.117,8.3021,0.0,0.3588,5.9007,4.3603,1.5404,0.8444,41,0.428,0.0039,0.654,0.124,0.0,0.845,0.315,0.358,1.887,0.091,0.616,0.437,0.438,0.174,0.77,0.544,0.577,0.273,0.892,0.629,0.608,0.406
11,5,news,19960,8.8094,1.097,8.3021,0.0,0.3588,5.9007,4.3603,1.5404,0.8444,41,0.428,0.004,0.519,0.067,0.0,0.683,0.213,0.192,1.998,0.095,0.739,0.589,0.593,0.159,0.864,0.655,0.658,0.248,0.943,0.726,0.68,0.37
11,5,val,5988,8.0321,1.0,8.3021,0.0,0.3588,5.9007,4.3603,1.5404,0.8444,41,0.428,0.0042,0.612,0.188,0.0,0.797,0.341,0.291,1.929,0.088,0.653,0.501,0.5,0.145,0.786,0.608,0.614,0.231,0.895,0.695,0.676,0.348
11,6,code,19960,10.277,1.197,9.5327,0.0,0.6625,5.7932,3.0982,2.695,1.2721,36,0.57,0.004,0.658,0.017,0.0,0.548,0.259,0.176,1.402,0.055,0.793,0.55,0.602,0.127,0.892,0.666,0.656,0.207,0.958,0.737,0.709,0.349
11,6,dialogue,19960,9.1874,1.07,9.5327,0.0,0.6625,5.7932,3.0982,2.695,1.2721,36,0.57,0.004,0.538,0.03,0.0,0.572,0.288,0.246,1.262,0.055,0.768,0.61,0.653,0.126,0.874,0.72,0.711,0.202,0.95,0.785,0.744,0.34
11,6,fiction,19960,8.9714,1.045,9.5327,0.0,0.6625,5.7932,3.0982,2.695,1.2721,36,0.57,0.0038,0.584,0.017,0.0,0.51,0.291,0.229,1.363,0.05,0.769,0.609,0.665,0.102,0.86,0.722,0.715,0.167,0.936,0.785,0.75,0.302
11,6,math,19960,9.7266,1.133,9.5327,0.0,0.6625,5.7932,3.0982,2.695,1.2721,36,0.57,0.0039,0.654,0.124,0.0,0.682,0.297,0.248,1.339,0.072,0.738,0.482,0.502,0.162,0.857,0.602,0.586,0.251,0.941,0.695,0.656,0.388
11,6,news,19960,9.0329,1.052,9.5327,0.0,0.6625,5.7932,3.0982,2.695,1.2721,36,0.57,0.004,0.519,0.067,0.0,0.411,0.358,0.229,1.37,0.067,0.839,0.695,0.717,0.123,0.915,0.782,0.76,0.189,0.962,0.841,0.797,0.303
11,6,val,5988,8.5847,1.0,9.5327,0.0,0.6625,5.7932,3.0982,2.695,1.2721,36,0.57,0.0042,0.612,0.188,0.0,0.535,0.383,0.304,1.289,0.072,0.792,0.605,0.614,0.135,0.885,0.713,0.694,0.205,0.95,0.793,0.772,0.33
11,7,code,19960,7.6334,1.201,7.2855,0.0,0.3848,5.9202,3.8029,2.1173,1.4639,46,0.311,0.004,0.658,0.017,0.0,0.835,0.285,0.157,1.786,0.094,0.605,0.457,0.494,0.159,0.757,0.575,0.542,0.264,0.884,0.652,0.62,0.417
11,7,dialogue,19960,7.3231,1.152,7.2855,0.0,0.3848,5.9202,3.8029,2.1173,1.4639,46,0.311,0.004,0.538,0.03,0.0,0.913,0.399,0.247,1.544,0.131,0.554,0.413,0.435,0.217,0.727,0.549,0.526,0.336,0.87,0.666,0.608,0.502
11,7,fiction,19960,7.1736,1.129,7.2855,0.0,0.3848,5.9202,3.8029,2.1173,1.4639,46,0.311,0.0038,0.584,0.017,0.0,0.857,0.387,0.207,1.544,0.117,0.599,0.439,0.495,0.19,0.748,0.59,0.56,0.301,0.874,0.698,0.647,0.448
11,7,math,19960,7.374,1.16,7.2855,0.0,0.3848,5.9202,3.8029,2.1173,1.4639,46,0.311,0.0039,0.654,0.124,0.0,0.917,0.344,0.171,1.622,0.134,0.553,0.398,0.409,0.216,0.722,0.519,0.481,0.338,0.864,0.623,0.575,0.488
11,7,news,19960,6.8321,1.075,7.2855,0.0,0.3848,5.9202,3.8029,2.1173,1.4639,46,0.311,0.004,0.519,0.067,0.0,0.821,0.464,0.19,1.686,0.137,0.657,0.54,0.559,0.178,0.792,0.678,0.632,0.278,0.898,0.771,0.722,0.406
11,7,val,5988,6.3562,1.0,7.2855,0.0,0.3848,5.9202,3.8029,2.1173,1.4639,46,0.311,0.0042,0.612,0.188,0.0,0.898,0.4,0.177,1.676,0.126,0.555,0.416,0.415,0.178,0.707,0.54,0.503,0.287,0.844,0.664,0.608,0.434
11,8,code,19960,7.2835,1.062,11.3638,0.0,0.722,5.9219,1.5992,4.3227,3.4347,32,0.312,0.004,0.658,0.017,0.0,0.541,0.729,0.07,0.53,0.344,0.764,0.647,0.665,0.45,0.904,0.831,0.686,0.563,0.968,0.922,0.716,0.654
11,8,dialogue,19960,7.1255,1.039,11.3638,0.0,0.722,5.9219,1.5992,4.3227,3.4347,32,0.312,0.004,0.538,0.03,0.0,0.663,0.831,0.077,0.415,0.29,0.728,0.616,0.624,0.4,0.877,0.821,0.654,0.532,0.953,0.915,0.692,0.631
11,8,fiction,19960,7.1814,1.047,11.3638,0.0,0.722,5.9219,1.5992,4.3227,3.4347,32,0.312,0.0039,0.59,0.025,0.0,0.613,0.791,0.068,0.477,0.303,0.745,0.625,0.641,0.41,0.884,0.824,0.666,0.529,0.954,0.913,0.7,0.623
11,8,math,19960,7.3437,1.07,11.3638,0.0,0.722,5.9219,1.5992,4.3227,3.4347,32,0.312,0.0039,0.654,0.124,0.0,0.59,0.736,0.078,0.532,0.405,0.756,0.629,0.629,0.511,0.892,0.814,0.658,0.626,0.959,0.909,0.693,0.712
11,8,news,19960,7.036,1.026,11.3638,0.0,0.722,5.9219,1.5992,4.3227,3.4347,32,0.312,0.004,0.519,0.067,0.0,0.492,0.818,0.08,0.463,0.362,0.789,0.697,0.7,0.459,0.924,0.877,0.723,0.563,0.977,0.951,0.75,0.643
11,8,val,5988,6.8604,1.0,11.3638,0.0,0.722,5.9219,1.5992,4.3227,3.4347,32,0.312,0.0042,0.612,0.188,0.0,0.537,0.809,0.093,0.45,0.368,0.769,0.679,0.669,0.468,0.895,0.846,0.701,0.568,0.958,0.923,0.734,0.654
11,9,code,19960,8.5163,1.077,12.6458,0.0,0.6213,5.9637,2.078,3.8857,3.0108,29,0.262,0.004,0.658,0.017,0.0,0.651,0.725,0.234,0.785,0.35,0.759,0.577,0.601,0.446,0.915,0.78,0.655,0.573,0.977,0.915,0.734,0.654
11,9,dialogue,19960,8.5744,1.084,12.6458,0.0,0.6213,5.9637,2.078,3.8857,3.0108,29,0.262,0.004,0.538,0.03,0.0,0.402,0.818,0.161,0.488,0.48,0.824,0.718,0.72,0.563,0.95,0.882,0.756,0.651,0.989,0.964,0.789,0.697
11,9,fiction,19960,8.4862,1.073,12.6458,0.0,0.6213,5.9637,2.078,3.8857,3.0108,29,0.262,0.0038,0.584,0.017,0.0,0.591,0.801,0.17,0.664,0.459,0.796,0.604,0.612,0.554,0.935,0.825,0.653,0.69,0.985,0.947,0.718,0.759
11,9,math,19960,8.4554,1.069,12.6458,0.0,0.6213,5.9637,2.078,3.8857,3.0108,29,0.262,0.0039,0.654,0.124,0.0,0.665,0.765,0.187,0.708,0.473,0.785,0.582,0.572,0.583,0.931,0.797,0.623,0.726,0.985,0.935,0.704,0.795
11,9,news,19960,8.1942,1.036,12.6458,0.0,0.6213,5.9637,2.078,3.8857,3.0108,29,0.262,0.004,0.519,0.067,0.0,0.477,0.81,0.18,0.673,0.431,0.823,0.677,0.689,0.503,0.956,0.863,0.726,0.612,0.992,0.964,0.778,0.663
11,9,val,5988,7.9073,1.0,12.6458,0.0,0.6213,5.9637,2.078,3.8857,3.0108,29,0.262,0.0042,0.612,0.188,0.0,0.615,0.766,0.157,0.678,0.419,0.787,0.62,0.608,0.512,0.932,0.816,0.651,0.646,0.983,0.941,0.705,0.719
11,10,code,19960,8.1276,1.049,10.0122,0.0,0.4745,5.924,2.6711,3.2529,2.6782,30,0.335,0.004,0.658,0.017,0.0,0.716,0.534,0.076,0.984,0.161,0.714,0.564,0.604,0.234,0.87,0.724,0.616,0.374,0.958,0.858,0.664,0.501
11,10,dialogue,19960,8.1962,1.058,10.0122,0.0,0.4745,5.924,2.6711,3.2529,2.6782,30,0.335,0.004,0.538,0.03,0.0,0.733,0.633,0.045,0.664,0.302,0.707,0.576,0.584,0.422,0.883,0.743,0.594,0.567,0.966,0.9,0.631,0.661
11,10,fiction,19960,8.2111,1.06,10.0122,0.0,0.4745,5.924,2.6711,3.2529,2.6782,30,0.335,0.0038,0.584,0.017,0.0,0.773,0.636,0.038,0.885,0.253,0.69,0.523,0.543,0.357,0.863,0.706,0.55,0.519,0.956,0.877,0.6,0.645
11,10,math,19960,8.0865,1.044,10.0122,0.0,0.4745,5.924,2.6711,3.2529,2.6782,30,0.335,0.0039,0.654,0.124,0.0,0.803,0.594,0.087,0.943,0.24,0.675,0.513,0.525,0.334,0.854,0.693,0.536,0.499,0.954,0.848,0.604,0.621
11,10,news,19960,8.033,1.037,10.0122,0.0,0.4745,5.924,2.6711,3.2529,2.6782,30,0.335,0.004,0.519,0.067,0.0,0.644,0.627,0.104,1.016,0.223,0.743,0.615,0.631,0.298,0.908,0.781,0.65,0.447,0.981,0.912,0.693,0.554
11,10,val,5988,7.7468,1.0,10.0122,0.0,0.4745,5.924,2.6711,3.2529,2.6782,30,0.335,0.0042,0.612,0.188,0.0,0.768,0.598,0.155,0.99,0.192,0.664,0.535,0.529,0.261,0.828,0.689,0.57,0.41,0.936,0.844,0.646,0.546
11,11,code,19960,8.0923,1.243,7.3421,0.0,0.2776,5.8784,3.9628,1.9157,1.6168,55,0.623,0.004,0.658,0.017,0.0,0.941,0.233,0.248,1.377,0.15,0.576,0.321,0.318,0.275,0.759,0.395,0.348,0.419,0.902,0.535,0.53,0.584
11,11,dialogue,19960,7.3249,1.125,7.3421,0.0,0.2776,5.8784,3.9628,1.9157,1.6168,55,0.623,0.004,0.538,0.03,0.0,0.596,0.402,0.192,1.484,0.084,0.711,0.633,0.651,0.104,0.805,0.707,0.694,0.165,0.891,0.796,0.772,0.272
11,11,fiction,19960,7.1011,1.09,7.3421,0.0,0.2776,5.8784,3.9628,1.9157,1.6168,55,0.623,0.0038,0.584,0.017,0.0,0.477,0.337,0.086,1.641,0.069,0.755,0.661,0.695,0.087,0.833,0.721,0.723,0.146,0.908,0.814,0.792,0.252
11,11,math,19960,7.3476,1.128,7.3421,0.0,0.2776,5.8784,3.9628,1.9157,1.6168,55,0.623,0.0039,0.654,0.124,0.0,0.824,0.288,0.208,1.428,0.147,0.623,0.469,0.473,0.2,0.764,0.555,0.537,0.307,0.878,0.67,0.627,0.444
11,11,news,19960,7.0763,1.087,7.3421,0.0,0.2776,5.8784,3.9628,1.9157,1.6168,55,0.623,0.004,0.519,0.067,0.0,0.311,0.387,0.176,1.494,0.112,0.83,0.75,0.765,0.115,0.903,0.818,0.797,0.173,0.954,0.876,0.841,0.263
11,11,val,5988,6.5125,1.0,7.3421,0.0,0.2776,5.8784,3.9628,1.9157,1.6168,55,0.623,0.0042,0.612,0.188,0.0,0.453,0.446,0.218,1.627,0.098,0.766,0.695,0.695,0.102,0.842,0.766,0.736,0.161,0.914,0.845,0.823,0.247
11,12,code,19960,8.5716,1.059,10.7981,0.0,0.6298,5.9369,2.0863,3.8507,3.0156,1,0.399,0.004,0.658,0.017,0.0,0.53,0.601,0.086,0.649,0.123,0.778,0.611,0.66,0.2,0.893,0.773,0.683,0.326,0.959,0.887,0.716,0.438
11,12,dialogue,19960,8.6903,1.074,10.7981,0.0,0.6298,5.9369,2.0863,3.8507,3.0156,1,0.399,0.004,0.538,0.03,0.0,0.657,0.755,0.104,0.504,0.231,0.736,0.592,0.614,0.364,0.885,0.797,0.645,0.502,0.961,0.911,0.686,0.604
11,12,fiction,19960,8.661,1.07,10.7981,0.0,0.6298,5.9369,2.0863,3.8507,3.0156,1,0.399,0.0038,0.584,0.017,0.0,0.663,0.735,0.107,0.657,0.214,0.736,0.561,0.589,0.326,0.876,0.771,0.621,0.466,0.953,0.895,0.662,0.581
11,12,math,19960,8.5146,1.052,10.7981,0.0,0.6298,5.9369,2.0863,3.8507,3.0156,1,0.399,0.0039,0.654,0.124,0.0,0.669,0.67,0.103,0.642,0.209,0.727,0.569,0.584,0.316,0.87,0.746,0.618,0.453,0.95,0.875,0.663,0.57
11,12,news,19960,8.366,1.033,10.7981,0.0,0.6298,5.9369,2.0863,3.8507,3.0156,1,0.399,0.004,0.519,0.067,0.0,0.458,0.754,0.148,0.667,0.181,0.807,0.7,0.717,0.258,0.923,0.85,0.748,0.372,0.975,0.937,0.777,0.466
11,12,val,5988,8.0949,1.0,10.7981,0.0,0.6298,5.9369,2.0863,3.8507,3.0156,1,0.399,0.0042,0.612,0.188,0.0,0.65,0.651,0.152,0.703,0.196,0.729,0.595,0.586,0.283,0.862,0.748,0.637,0.414,0.944,0.869,0.682,0.537
11,13,code,19960,8.6344,1.227,11.2087,0.0,0.738,5.9653,1.5066,4.4587,2.916,23,0.533,0.004,0.658,0.017,0.0,0.315,0.697,0.186,0.6,0.211,0.856,0.716,0.754,0.284,0.947,0.868,0.788,0.366,0.984,0.939,0.803,0.451
11,13,dialogue,19960,7.5683,1.075,11.2087,0.0,0.738,5.9653,1.5066,4.4587,2.916,23,0.533,0.004,0.538,0.03,0.0,0.25,0.694,0.185,0.521,0.174,0.857,0.781,0.819,0.217,0.934,0.899,0.842,0.278,0.972,0.944,0.861,0.357
11,13,fiction,19960,7.3762,1.048,11.2087,0.0,0.738,5.9653,1.5066,4.4587,2.916,23,0.533,0.0038,0.584,0.017,0.0,0.248,0.769,0.119,0.557,0.207,0.865,0.76,0.802,0.28,0.947,0.903,0.821,0.347,0.981,0.954,0.837,0.421
11,13,math,19960,7.6736,1.09,11.2087,0.0,0.738,5.9653,1.5066,4.4587,2.916,23,0.533,0.0039,0.654,0.124,0.0,0.333,0.774,0.134,0.565,0.281,0.848,0.737,0.751,0.365,0.944,0.88,0.779,0.444,0.982,0.946,0.8,0.518
11,13,news,19960,7.2915,1.036,11.2087,0.0,0.738,5.9653,1.5066,4.4587,2.916,23,0.533,0.004,0.519,0.067,0.0,0.241,0.828,0.161,0.566,0.227,0.873,0.803,0.816,0.303,0.963,0.927,0.838,0.37,0.991,0.971,0.857,0.436
11,13,val,5988,7.0396,1.0,11.2087,0.0,0.738,5.9653,1.5066,4.4587,2.916,23,0.533,0.0042,0.612,0.188,0.0,0.285,0.777,0.182,0.554,0.253,0.862,0.788,0.786,0.329,0.947,0.9,0.814,0.404,0.98,0.953,0.841,0.471
11,14,code,19960,10.7474,1.239,9.3074,0.0,0.1686,5.8654,4.2159,1.6494,1.5786,17,0.651,0.004,0.658,0.017,0.0,0.435,0.177,0.287,2.385,0.045,0.876,0.669,0.672,0.062,0.945,0.714,0.722,0.11,0.979,0.764,0.789,0.205
11,14,dialogue,19960,9.6801,1.116,9.3074,0.0,0.1686,5.8654,4.2159,1.6494,1.5786,17,0.651,0.004,0.538,0.03,0.0,0.381,0.165,0.182,2.378,0.044,0.874,0.72,0.72,0.049,0.946,0.753,0.762,0.087,0.98,0.806,0.833,0.175
11,14,fiction,19960,9.0578,1.045,9.3074,0.0,0.1686,5.8654,4.2159,1.6494,1.5786,17,0.651,0.0038,0.584,0.017,0.0,0.254,0.224,0.245,2.322,0.044,0.886,0.784,0.785,0.047,0.937,0.82,0.833,0.084,0.973,0.86,0.865,0.17
11,14,math,19960,9.7989,1.13,9.3074,0.0,0.1686,5.8654,4.2159,1.6494,1.5786,17,0.651,0.0039,0.654,0.124,0.0,0.571,0.254,0.319,2.528,0.068,0.821,0.567,0.567,0.084,0.908,0.648,0.666,0.144,0.96,0.726,0.736,0.237
11,14,news,19960,9.3288,1.076,9.3074,0.0,0.1686,5.8654,4.2159,1.6494,1.5786,17,0.651,0.004,0.519,0.067,0.0,0.233,0.28,0.286,2.61,0.061,0.92,0.804,0.808,0.054,0.959,0.848,0.85,0.088,0.981,0.883,0.879,0.143
11,14,val,5988,8.6711,1.0,9.3074,0.0,0.1686,5.8654,4.2159,1.6494,1.5786,17,0.651,0.0042,0.612,0.188,0.0,0.438,0.366,0.282,2.592,0.073,0.868,0.655,0.655,0.062,0.932,0.745,0.728,0.112,0.97,0.821,0.8,0.188
11,15,code,19960,9.6258,1.219,8.2483,0.0,0.5092,5.8614,3.4819,2.3794,1.3418,43,0.306,0.004,0.658,0.017,0.0,0.71,0.191,0.152,1.465,0.086,0.718,0.504,0.53,0.189,0.853,0.577,0.588,0.282,0.941,0.663,0.611,0.418
11,15,dialogue,19960,9.4389,1.195,8.2483,0.0,0.5092,5.8614,3.4819,2.3794,1.3418,43,0.306,0.004,0.538,0.03,0.0,0.872,0.272,0.261,1.399,0.094,0.591,0.394,0.407,0.157,0.746,0.487,0.523,0.238,0.875,0.609,0.572,0.376
11,15,fiction,19960,8.7019,1.102,8.2483,0.0,0.5092,5.8614,3.4819,2.3794,1.3418,43,0.306,0.0038,0.584,0.017,0.0,0.771,0.329,0.222,1.301,0.11,0.655,0.503,0.54,0.177,0.785,0.605,0.619,0.27,0.894,0.714,0.671,0.399
11,15,math,19960,9.3671,1.186,8.2483,0.0,0.5092,5.8614,3.4819,2.3794,1.3418,43,0.306,0.0039,0.654,0.124,0.0,0.777,0.333,0.252,1.243,0.135,0.683,0.479,0.486,0.225,0.82,0.583,0.579,0.33,0.919,0.691,0.635,0.456
11,15,news,19960,8.7719,1.111,8.2483,0.0,0.5092,5.8614,3.4819,2.3794,1.3418,43,0.306,0.004,0.519,0.067,0.0,0.734,0.28,0.243,1.342,0.102,0.673,0.531,0.539,0.148,0.798,0.618,0.623,0.221,0.901,0.703,0.68,0.338
11,15,val,5988,7.8968,1.0,8.2483,0.0,0.5092,5.8614,3.4819,2.3794,1.3418,43,0.306,0.0042,0.612,0.188,0.0,0.847,0.478,0.397,1.244,0.125,0.598,0.425,0.412,0.173,0.742,0.567,0.547,0.27,0.866,0.691,0.651,0.405
12,0,code,19960,8.1956,1.081,9.5652,0.0,0.4019,5.9021,3.3556,2.5465,1.7051,31,0.307,0.004,0.658,0.017,0.0,0.835,0.266,0.057,1.783,0.187,0.63,0.454,0.482,0.227,0.795,0.556,0.511,0.35,0.911,0.656,0.556,0.507
12,0,dialogue,19960,7.9708,1.051,9.5652,0.0,0.4019,5.9021,3.3556,2.5465,1.7051,31,0.307,0.004,0.538,0.03,0.0,0.725,0.617,0.102,1.044,0.241,0.69,0.54,0.556,0.318,0.853,0.701,0.593,0.446,0.943,0.802,0.656,0.589
12,0,fiction,19960,7.7541,1.023,9.5652,0.0,0.4019,5.9021,3.3556,2.5465,1.7051,31,0.307,0.0038,0.584,0.017,0.0,0.722,0.621,0.066,1.319,0.262,0.707,0.561,0.58,0.341,0.864,0.727,0.598,0.475,0.95,0.831,0.667,0.598
12,0,math,19960,8.0352,1.06,9.5652,0.0,0.4019,5.9021,3.3556,2.5465,1.7051,31,0.307,0.0039,0.654,0.124,0.0,0.811,0.455,0.063,1.454,0.297,0.663,0.481,0.489,0.366,0.829,0.625,0.517,0.507,0.93,0.733,0.589,0.633
12,0,news,19960,7.8074,1.03,9.5652,0.0,0.4019,5.9021,3.3556,2.5465,1.7051,31,0.307,0.004,0.519,0.067,0.0,0.593,0.529,0.088,1.409,0.287,0.763,0.632,0.643,0.329,0.902,0.759,0.666,0.445,0.967,0.846,0.712,0.544
12,0,val,5988,7.5821,1.0,9.5652,0.0,0.4019,5.9021,3.3556,2.5465,1.7051,31,0.307,0.0042,0.612,0.188,0.0,0.794,0.475,0.108,1.538,0.275,0.677,0.521,0.519,0.315,0.831,0.646,0.553,0.448,0.929,0.76,0.63,0.574
12,1,code,19960,7.5636,1.145,7.8117,0.0,0.3649,5.9413,3.709,2.2323,1.7694,11,0.344,0.004,0.658,0.017,0.0,0.837,0.33,0.153,1.584,0.095,0.606,0.489,0.528,0.157,0.741,0.611,0.59,0.258,0.865,0.697,0.643,0.409
12,1,dialogue,19960,7.5775,1.147,7.8117,0.0,0.3649,5.9413,3.709,2.2323,1.7694,11,0.344,0.004,0.538,0.03,0.0,0.915,0.505,0.127,1.244,0.132,0.558,0.434,0.456,0.208,0.712,0.579,0.509,0.325,0.853,0.711,0.572,0.481
12,1,fiction,19960,7.2261,1.094,7.8117,0.0,0.3649,5.9413,3.709,2.2323,1.7694,11,0.344,0.0045,0.644,0.153,0.0,0.897,0.393,0.108,1.574,0.098,0.545,0.415,0.444,0.156,0.693,0.546,0.492,0.265,0.838,0.665,0.551,0.446
12,1,math,19960,7.3209,1.109,7.8117,0.0,0.3649,5.9413,3.709,2.2323,1.7694,11,0.344,0.0039,0.654,0.124,0.0,0.913,0.348,0.14,1.452,0.113,0.531,0.396,0.409,0.186,0.689,0.514,0.47,0.293,0.836,0.641,0.566,0.449
12,1,news,19960,7.1261,1.079,7.8117,0.0,0.3649,5.9413,3.709,2.2323,1.7694,11,0.344,0.004,0.519,0.067,0.0,0.858,0.539,0.117,1.474,0.157,0.64,0.524,0.531,0.21,0.793,0.663,0.583,0.323,0.905,0.791,0.64,0.466
12,1,val,5988,6.6039,1.0,7.8117,0.0,0.3649,5.9413,3.709,2.2323,1.7694,11,0.344,0.0042,0.612,0.188,0.0,0.906,0.384,0.129,1.773,0.115,0.541,0.433,0.43,0.154,0.683,0.54,0.493,0.255,0.823,0.676,0.594,0.404
12,2,code,19960,8.5264,1.105,15.0318,0.0,0.8301,5.9587,1.0555,4.9032,3.8305,46,0.19,0.004,0.658,0.017,0.0,0.47,0.851,0.062,0.281,0.574,0.862,0.685,0.672,0.703,0.973,0.91,0.683,0.791,0.994,0.97,0.711,0.83
12,2,dialogue,19960,7.7312,1.002,15.0318,0.0,0.8301,5.9587,1.0555,4.9032,3.8305,46,0.19,0.004,0.538,0.03,0.0,0.286,0.969,0.073,0.174,0.676,0.901,0.807,0.805,0.781,0.993,0.974,0.812,0.812,0.999,0.997,0.829,0.826
12,2,fiction,19960,7.9724,1.033,15.0318,0.0,0.8301,5.9587,1.0555,4.9032,3.8305,46,0.19,0.0038,0.584,0.017,0.0,0.426,0.939,0.06,0.241,0.606,0.891,0.736,0.711,0.755,0.987,0.954,0.72,0.823,0.998,0.99,0.743,0.844
12,2,math,19960,8.1453,1.056,15.0318,0.0,0.8301,5.9587,1.0555,4.9032,3.8305,46,0.19,0.0039,0.654,0.124,0.0,0.392,0.899,0.07,0.252,0.662,0.902,0.769,0.732,0.795,0.987,0.943,0.742,0.852,0.998,0.986,0.763,0.871
12,2,news,19960,7.7615,1.006,15.0318,0.0,0.8301,5.9587,1.0555,4.9032,3.8305,46,0.19,0.004,0.519,0.067,0.0,0.384,0.932,0.069,0.257,0.57,0.883,0.735,0.738,0.705,0.987,0.953,0.748,0.769,0.999,0.991,0.77,0.793
12,2,val,5988,7.7161,1.0,15.0318,0.0,0.8301,5.9587,1.0555,4.9032,3.8305,46,0.19,0.0042,0.612,0.188,0.0,0.41,0.919,0.063,0.254,0.565,0.889,0.725,0.709,0.713,0.985,0.947,0.72,0.788,0.997,0.988,0.744,0.815
12,3,code,19960,6.5213,1.187,7.4137,0.0,0.152,5.9392,4.0877,1.8515,1.7798,21,0.256,0.004,0.658,0.017,0.0,0.981,0.314,0.216,2.127,0.093,0.48,0.328,0.364,0.127,0.639,0.438,0.433,0.234,0.8,0.585,0.517,0.408
12,3,dialogue,19960,6.0528,1.102,7.4137,0.0,0.152,5.9392,4.0877,1.8515,1.7798,21,0.256,0.004,0.538,0.03,0.0,0.976,0.36,0.183,1.964,0.077,0.479,0.35,0.387,0.108,0.624,0.462,0.452,0.197,0.776,0.604,0.531,0.351
12,3,fiction,19960,6.0154,1.095,7.4137,0.0,0.152,5.9392,4.0877,1.8515,1.7798,21,0.256,0.0038,0.584,0.017,0.0,0.97,0.392,0.273,2.123,0.069,0.444,0.312,0.348,0.103,0.589,0.431,0.445,0.194,0.746,0.581,0.521,0.351
12,3,math,19960,6.1824,1.125,7.4137,0.0,0.152,5.9392,4.0877,1.8515,1.7798,21,0.256,0.0039,0.654,0.124,0.0,0.987,0.445,0.258,2.06,0.09,0.446,0.309,0.322,0.129,0.604,0.443,0.415,0.234,0.767,0.598,0.507,0.394
12,3,news,19960,5.954,1.084,7.4137,0.0,0.152,5.9392,4.0877,1.8515,1.7798,21,0.256,0.004,0.519,0.067,0.0,0.981,0.491,0.115,1.888,0.103,0.555,0.439,0.454,0.149,0.71,0.57,0.514,0.265,0.848,0.73,0.612,0.429
12,3,val,5988,5.4944,1.0,7.4137,0.0,0.152,5.9392,4.0877,1.8515,1.7798,21,0.256,0.0042,0.612,0.188,0.0,0.983,0.47,0.187,2.025,0.085,0.44,0.336,0.334,0.117,0.585,0.466,0.421,0.212,0.744,0.623,0.537,0.36
12,4,code,19960,8.1916,1.094,13.4068,0.0,0.8197,5.9655,1.0376,4.9279,3.7925,36,0.447,0.004,0.658,0.017,0.0,0.334,0.792,0.061,0.238,0.378,0.852,0.746,0.766,0.468,0.954,0.908,0.777,0.542,0.986,0.957,0.795,0.595
12,4,dialogue,19960,7.3615,0.983,13.4068,0.0,0.8197,5.9655,1.0376,4.9279,3.7925,36,0.447,0.004,0.538,0.03,0.0,0.215,0.796,0.077,0.297,0.233,0.89,0.824,0.845,0.295,0.968,0.937,0.855,0.36,0.991,0.974,0.868,0.411
12,4,fiction,19960,7.4654,0.997,13.4068,0.0,0.8197,5.9655,1.0376,4.9279,3.7925,36,0.447,0.0038,0.584,0.017,0.0,0.18,0.835,0.072,0.253,0.29,0.904,0.826,0.855,0.356,0.973,0.951,0.863,0.405,0.991,0.978,0.874,0.452
12,4,math,19960,7.8795,1.052,13.4068,0.0,0.8197,5.9655,1.0376,4.9279,3.7925,36,0.447,0.0039,0.654,0.124,0.0,0.283,0.788,0.074,0.342,0.43,0.884,0.788,0.795,0.502,0.966,0.92,0.806,0.563,0.989,0.965,0.822,0.608
12,4,news,19960,7.6267,1.018,13.4068,0.0,0.8197,5.9655,1.0376,4.9279,3.7925,36,0.447,0.004,0.519,0.067,0.0,0.147,0.733,0.12,0.325,0.371,0.916,0.869,0.876,0.408,0.98,0.951,0.885,0.446,0.995,0.98,0.896,0.49
12,4,val,5988,7.4883,1.0,13.4068,0.0,0.8197,5.9655,1.0376,4.9279,3.7925,36,0.447,0.0042,0.612,0.188,0.0,0.201,0.773,0.109,0.276,0.424,0.905,0.845,0.842,0.478,0.971,0.938,0.854,0.525,0.99,0.974,0.869,0.574
12,5,code,19960,7.5444,1.025,15.0579,0.0,0.8625,5.9766,0.7965,5.1801,4.6461,44,0.299,0.004,0.658,0.017,0.0,0.274,0.947,0.045,0.171,0.528,0.867,0.789,0.811,0.61,0.97,0.941,0.818,0.661,0.991,0.981,0.831,0.698
12,5,dialogue,19960,7.1248,0.968,15.0579,0.0,0.8625,5.9766,0.7965,5.1801,4.6461,44,0.299,0.004,0.538,0.03,0.0,0.112,0.977,0.069,0.149,0.557,0.915,0.874,0.893,0.59,0.983,0.97,0.898,0.616,0.994,0.988,0.907,0.644
12,5,fiction,19960,7.5433,1.025,15.0579,0.0,0.8625,5.9766,0.7965,5.1801,4.6461,44,0.299,0.0038,0.584,0.017,0.0,0.156,0.973,0.065,0.151,0.625,0.924,0.856,0.872,0.68,0.989,0.975,0.877,0.704,0.996,0.992,0.888,0.726
12,5,math,19960,7.3572,1.0,15.0579,0.0,0.8625,5.9766,0.7965,5.1801,4.6461,44,0.299,0.0039,0.654,0.124,0.0,0.201,0.97,0.055,0.158,0.645,0.912,0.844,0.851,0.705,0.984,0.966,0.857,0.735,0.995,0.989,0.869,0.758
12,5,news,19960,7.4548,1.013,15.0579,0.0,0.8625,5.9766,0.7965,5.1801,4.6461,44,0.299,0.004,0.519,0.067,0.0,0.142,0.965,0.085,0.151,0.578,0.926,0.873,0.882,0.624,0.99,0.977,0.888,0.651,0.997,0.993,0.898,0.677
12,5,val,5988,7.3605,1.0,15.0579,0.0,0.8625,5.9766,0.7965,5.1801,4.6461,44,0.299,0.0042,0.612,0.188,0.0,0.157,0.972,0.083,0.153,0.597,0.931,0.876,0.875,0.655,0.991,0.977,0.882,0.682,0.997,0.993,0.895,0.712
12,6,code,19960,7.8678,1.345,6.7965,0.0,0.1461,5.8293,4.1495,1.6798,1.6249,28,0.457,0.004,0.658,0.017,0.0,0.632,0.128,0.073,1.948,0.137,0.752,0.601,0.603,0.161,0.864,0.637,0.637,0.239,0.941,0.683,0.648,0.344
12,6,dialogue,19960,6.9942,1.196,6.7965,0.0,0.1461,5.8293,4.1495,1.6798,1.6249,28,0.457,0.004,0.538,0.03,0.0,0.682,0.117,0.048,2.062,0.054,0.778,0.542,0.541,0.062,0.874,0.576,0.572,0.116,0.94,0.649,0.662,0.244
12,6,fiction,19960,6.4072,1.095,6.7965,0.0,0.1461,5.8293,4.1495,1.6798,1.6249,28,0.457,0.0038,0.584,0.017,0.0,0.508,0.189,0.073,1.882,0.064,0.777,0.661,0.661,0.074,0.859,0.693,0.691,0.133,0.931,0.757,0.74,0.238
12,6,math,19960,6.9675,1.191,6.7965,0.0,0.1461,5.8293,4.1495,1.6798,1.6249,28,0.457,0.0039,0.654,0.124,0.0,0.724,0.14,0.094,1.998,0.135,0.709,0.532,0.535,0.151,0.822,0.579,0.582,0.238,0.912,0.653,0.626,0.356
12,6,news,19960,6.4635,1.105,6.7965,0.0,0.1461,5.8293,4.1495,1.6798,1.6249,28,0.457,0.004,0.519,0.067,0.0,0.364,0.212,0.139,1.966,0.099,0.829,0.728,0.732,0.089,0.895,0.767,0.768,0.139,0.944,0.817,0.797,0.205
12,6,val,5988,5.8496,1.0,6.7965,0.0,0.1461,5.8293,4.1495,1.6798,1.6249,28,0.457,0.0042,0.612,0.188,0.0,0.742,0.392,0.315,2.082,0.1,0.685,0.523,0.521,0.088,0.788,0.629,0.614,0.148,0.88,0.725,0.712,0.239
12,7,code,19960,7.0863,1.216,7.5409,0.0,0.408,5.8558,3.179,2.6768,2.0148,22,0.32,0.004,0.658,0.017,0.0,0.806,0.104,0.017,0.793,0.145,0.633,0.536,0.567,0.223,0.779,0.593,0.575,0.338,0.893,0.668,0.585,0.479
12,7,dialogue,19960,7.1571,1.228,7.5409,0.0,0.408,5.8558,3.179,2.6768,2.0148,22,0.32,0.004,0.538,0.03,0.0,0.908,0.7,0.31,0.727,0.122,0.564,0.379,0.418,0.202,0.746,0.641,0.552,0.31,0.89,0.808,0.756,0.474
12,7,fiction,19960,6.598,1.132,7.5409,0.0,0.408,5.8558,3.179,2.6768,2.0148,22,0.32,0.0038,0.584,0.017,0.0,0.849,0.78,0.295,0.883,0.103,0.602,0.413,0.452,0.202,0.78,0.683,0.588,0.315,0.912,0.846,0.798,0.463
12,7,math,19960,6.826,1.171,7.5409,0.0,0.408,5.8558,3.179,2.6768,2.0148,22,0.32,0.0039,0.654,0.124,0.0,0.887,0.501,0.206,0.912,0.179,0.586,0.408,0.421,0.264,0.76,0.588,0.523,0.393,0.892,0.74,0.651,0.542
12,7,news,19960,6.1469,1.055,7.5409,0.0,0.408,5.8558,3.179,2.6768,2.0148,22,0.32,0.004,0.519,0.067,0.0,0.478,0.615,0.207,0.923,0.107,0.787,0.689,0.714,0.148,0.882,0.82,0.767,0.227,0.944,0.89,0.838,0.325
12,7,val,5988,5.8281,1.0,7.5409,0.0,0.408,5.8558,3.179,2.6768,2.0148,22,0.32,0.0042,0.612,0.188,0.0,0.826,0.633,0.361,0.996,0.119,0.591,0.451,0.453,0.159,0.74,0.628,0.595,0.258,0.87,0.798,0.733,0.389
12,8,code,19960,9.9632,1.154,10.4661,0.0,0.2046,5.9185,4.043,1.8755,1.6812,22,0.675,0.004,0.658,0.017,0.0,0.415,0.244,0.111,1.609,0.073,0.85,0.686,0.702,0.132,0.934,0.74,0.735,0.219,0.977,0.818,0.744,0.343
12,8,dialogue,19960,9.1104,1.055,10.4661,0.0,0.2046,5.9185,4.043,1.8755,1.6812,22,0.675,0.004,0.538,0.03,0.0,0.197,0.355,0.12,1.276,0.044,0.898,0.808,0.824,0.083,0.95,0.857,0.848,0.136,0.982,0.902,0.853,0.227
12,8,fiction,19960,8.9127,1.032,10.4661,0.0,0.2046,5.9185,4.043,1.8755,1.6812,22,0.675,0.0038,0.584,0.017,0.0,0.171,0.231,0.137,1.733,0.048,0.887,0.798,0.818,0.063,0.931,0.842,0.843,0.107,0.965,0.881,0.858,0.189
12,8,math,19960,9.2255,1.068,10.4661,0.0,0.2046,5.9185,4.043,1.8755,1.6812,22,0.675,0.0039,0.654,0.124,0.0,0.427,0.284,0.204,1.843,0.099,0.816,0.66,0.668,0.144,0.9,0.724,0.727,0.226,0.956,0.797,0.759,0.335
12,8,news,19960,9.052,1.048,10.4661,0.0,0.2046,5.9185,4.043,1.8755,1.6812,22,0.675,0.004,0.519,0.067,0.0,0.13,0.381,0.328,2.182,0.058,0.928,0.858,0.862,0.056,0.963,0.893,0.892,0.091,0.985,0.922,0.905,0.144
12,8,val,5988,8.6356,1.0,10.4661,0.0,0.2046,5.9185,4.043,1.8755,1.6812,22,0.675,0.0042,0.612,0.188,0.0,0.329,0.368,0.206,2.243,0.075,0.853,0.717,0.717,0.072,0.914,0.778,0.762,0.126,0.959,0.845,0.812,0.204
12,9,code,19960,9.6196,1.101,9.626,0.0,0.3641,5.9301,4.2726,1.6574,1.0233,40,0.241,0.004,0.658,0.017,0.0,0.823,0.249,0.143,1.867,0.134,0.64,0.393,0.439,0.196,0.797,0.51,0.499,0.303,0.912,0.621,0.536,0.466
12,9,dialogue,19960,9.4957,1.086,9.626,0.0,0.3641,5.9301,4.2726,1.6574,1.0233,40,0.241,0.004,0.538,0.03,0.0,0.945,0.25,0.117,1.962,0.158,0.558,0.318,0.335,0.233,0.734,0.428,0.405,0.37,0.882,0.561,0.424,0.551
12,9,fiction,19960,9.4907,1.086,9.626,0.0,0.3641,5.9301,4.2726,1.6574,1.0233,40,0.241,0.0038,0.584,0.017,0.0,0.923,0.225,0.082,2.075,0.181,0.57,0.302,0.334,0.248,0.745,0.411,0.387,0.382,0.886,0.54,0.401,0.557
12,9,math,19960,9.6214,1.101,9.626,0.0,0.3641,5.9301,4.2726,1.6574,1.0233,40,0.241,0.0039,0.654,0.124,0.0,0.912,0.252,0.156,1.872,0.161,0.583,0.321,0.335,0.237,0.758,0.431,0.42,0.358,0.894,0.55,0.456,0.516
12,9,news,19960,9.3549,1.07,9.626,0.0,0.3641,5.9301,4.2726,1.6574,1.0233,40,0.241,0.004,0.519,0.067,0.0,0.803,0.251,0.109,2.043,0.248,0.695,0.45,0.475,0.252,0.845,0.553,0.52,0.373,0.94,0.665,0.572,0.529
12,9,val,5988,8.7398,1.0,9.626,0.0,0.3641,5.9301,4.2726,1.6574,1.0233,40,0.241,0.0042,0.612,0.188,0.0,0.874,0.301,0.186,1.965,0.183,0.64,0.367,0.373,0.232,0.796,0.486,0.451,0.352,0.911,0.622,0.534,0.51
12,10,code,19960,8.0265,1.218,7.3583,0.0,0.3674,5.9342,3.6211,2.3131,1.7125,49,0.272,0.004,0.658,0.017,0.0,0.879,0.294,0.049,1.711,0.301,0.609,0.467,0.485,0.305,0.774,0.555,0.509,0.429,0.893,0.673,0.544,0.563
12,10,dialogue,19960,7.4937,1.137,7.3583,0.0,0.3674,5.9342,3.6211,2.3131,1.7125,49,0.272,0.004,0.538,0.03,0.0,0.9,0.511,0.071,1.305,0.219,0.579,0.45,0.477,0.247,0.735,0.575,0.505,0.347,0.861,0.684,0.564,0.492
12,10,fiction,19960,7.0736,1.073,7.3583,0.0,0.3674,5.9342,3.6211,2.3131,1.7125,49,0.272,0.0047,0.66,0.16,0.0,0.886,0.534,0.071,1.292,0.183,0.59,0.468,0.502,0.229,0.736,0.596,0.538,0.335,0.855,0.715,0.61,0.475
12,10,math,19960,7.4525,1.131,7.3583,0.0,0.3674,5.9342,3.6211,2.3131,1.7125,49,0.272,0.0039,0.654,0.124,0.0,0.897,0.432,0.091,1.449,0.295,0.589,0.442,0.45,0.322,0.754,0.564,0.494,0.446,0.878,0.682,0.553,0.576
12,10,news,19960,6.8558,1.04,7.3583,0.0,0.3674,5.9342,3.6211,2.3131,1.7125,49,0.272,0.004,0.519,0.067,0.0,0.893,0.441,0.117,1.732,0.218,0.606,0.493,0.505,0.214,0.755,0.604,0.566,0.323,0.873,0.721,0.621,0.459
12,10,val,5988,6.5922,1.0,7.3583,0.0,0.3674,5.9342,3.6211,2.3131,1.7125,49,0.272,0.0042,0.612,0.188,0.0,0.923,0.386,0.105,1.82,0.25,0.56,0.431,0.43,0.23,0.712,0.536,0.49,0.343,0.839,0.658,0.561,0.48
12,11,code,19960,10.1502,1.108,9.7622,0.0,0.3669,5.8617,4.2587,1.603,0.9315,47,0.238,0.004,0.658,0.017,0.0,0.889,0.256,0.297,2.108,0.126,0.622,0.353,0.371,0.203,0.79,0.467,0.51,0.328,0.913,0.566,0.557,0.507
12,11,dialogue,19960,10.4067,1.136,9.7622,0.0,0.3669,5.8617,4.2587,1.603,0.9315,47,0.238,0.004,0.538,0.03,0.0,0.913,0.251,0.204,2.049,0.118,0.621,0.333,0.355,0.209,0.797,0.458,0.471,0.347,0.922,0.547,0.494,0.548
12,11,fiction,19960,10.1319,1.106,9.7622,0.0,0.3669,5.8617,4.2587,1.603,0.9315,47,0.238,0.0045,0.644,0.153,0.0,0.898,0.221,0.214,2.017,0.122,0.596,0.363,0.394,0.204,0.766,0.48,0.5,0.334,0.898,0.562,0.529,0.512
12,11,math,19960,10.3488,1.13,9.7622,0.0,0.3669,5.8617,4.2587,1.603,0.9315,47,0.238,0.004,0.658,0.133,0.0,0.912,0.268,0.29,1.994,0.147,0.613,0.309,0.312,0.244,0.782,0.431,0.463,0.372,0.908,0.526,0.509,0.539
12,11,news,19960,9.7887,1.069,9.7622,0.0,0.3669,5.8617,4.2587,1.603,0.9315,47,0.238,0.004,0.519,0.067,0.0,0.854,0.277,0.261,2.079,0.148,0.679,0.431,0.441,0.188,0.832,0.541,0.552,0.3,0.93,0.637,0.606,0.455
12,11,val,5988,9.16,1.0,9.7622,0.0,0.3669,5.8617,4.2587,1.603,0.9315,47,0.238,0.0042,0.612,0.188,0.0,0.909,0.313,0.231,2.003,0.151,0.63,0.345,0.346,0.201,0.792,0.471,0.464,0.317,0.91,0.59,0.565,0.477
12,12,code,19960,8.2902,1.185,7.4137,0.0,0.366,5.9089,4.1052,1.8037,1.1601,24,0.225,0.004,0.658,0.017,0.0,0.918,0.253,0.225,1.965,0.224,0.547,0.393,0.412,0.251,0.724,0.486,0.511,0.378,0.87,0.602,0.557,0.546
12,12,dialogue,19960,8.1,1.158,7.4137,0.0,0.366,5.9089,4.1052,1.8037,1.1601,24,0.225,0.004,0.538,0.03,0.0,0.953,0.293,0.177,1.823,0.195,0.537,0.376,0.384,0.254,0.728,0.468,0.462,0.391,0.881,0.606,0.505,0.582
12,12,fiction,19960,7.7834,1.113,7.4137,0.0,0.366,5.9089,4.1052,1.8037,1.1601,24,0.225,0.0047,0.66,0.16,0.0,0.936,0.338,0.127,1.854,0.183,0.528,0.379,0.397,0.252,0.714,0.478,0.461,0.392,0.868,0.617,0.507,0.573
12,12,math,19960,7.9832,1.142,7.4137,0.0,0.366,5.9089,4.1052,1.8037,1.1601,24,0.225,0.0039,0.654,0.124,0.0,0.948,0.28,0.161,1.834,0.231,0.525,0.346,0.347,0.29,0.712,0.445,0.421,0.428,0.867,0.577,0.469,0.594
12,12,news,19960,7.2978,1.044,7.4137,0.0,0.366,5.9089,4.1052,1.8037,1.1601,24,0.225,0.004,0.519,0.067,0.0,0.905,0.272,0.166,1.985,0.236,0.59,0.439,0.442,0.247,0.762,0.532,0.519,0.374,0.893,0.654,0.581,0.54
12,12,val,5988,6.993,1.0,7.4137,0.0,0.366,5.9089,4.1052,1.8037,1.1601,24,0.225,0.0042,0.612,0.188,0.0,0.94,0.308,0.183,1.979,0.221,0.535,0.382,0.376,0.237,0.704,0.482,0.474,0.351,0.851,0.619,0.556,0.507
12,13,code,19960,8.4443,1.32,7.9441,0.0,0.2325,5.8971,3.9759,1.9212,1.714,31,0.124,0.004,0.65,0.022,0.0,0.929,0.356,0.206,1.937,0.107,0.532,0.308,0.344,0.176,0.71,0.43,0.456,0.285,0.865,0.61,0.594,0.443
12,13,dialogue,19960,7.2213,1.129,7.9441,0.0,0.2325,5.8971,3.9759,1.9212,1.714,31,0.124,0.004,0.538,0.03,0.0,0.98,0.435,0.242,1.669,0.107,0.439,0.228,0.235,0.181,0.63,0.366,0.38,0.284,0.815,0.544,0.517,0.452
12,13,fiction,19960,7.017,1.097,7.9441,0.0,0.2325,5.8971,3.9759,1.9212,1.714,31,0.124,0.0038,0.584,0.017,0.0,0.973,0.409,0.172,1.757,0.121,0.458,0.271,0.301,0.18,0.64,0.402,0.404,0.294,0.81,0.576,0.539,0.451
12,13,math,19960,7.8989,1.235,7.9441,0.0,0.2325,5.8971,3.9759,1.9212,1.714,31,0.124,0.0039,0.654,0.124,0.0,0.969,0.38,0.186,1.925,0.164,0.492,0.263,0.275,0.241,0.678,0.393,0.375,0.383,0.843,0.549,0.482,0.544
12,13,news,19960,7.5059,1.173,7.9441,0.0,0.2325,5.8971,3.9759,1.9212,1.714,31,0.124,0.004,0.519,0.067,0.0,0.913,0.428,0.166,1.578,0.25,0.608,0.407,0.421,0.316,0.798,0.562,0.499,0.478,0.919,0.716,0.58,0.629
12,13,val,5988,6.3981,1.0,7.9441,0.0,0.2325,5.8971,3.9759,1.9212,1.714,31,0.124,0.0042,0.612,0.188,0.0,0.978,0.465,0.291,1.903,0.142,0.44,0.227,0.207,0.164,0.61,0.384,0.354,0.269,0.777,0.573,0.534,0.42
12,14,code,19960,9.1245,1.098,11.3758,0.0,0.4729,5.964,2.8943,3.0697,2.4452,29,0.178,0.004,0.658,0.017,0.0,0.758,0.585,0.118,1.061,0.302,0.719,0.469,0.513,0.366,0.874,0.675,0.551,0.518,0.956,0.842,0.662,0.631
12,14,dialogue,19960,8.3461,1.004,11.3758,0.0,0.4729,5.964,2.8943,3.0697,2.4452,29,0.178,0.004,0.538,0.03,0.0,0.716,0.666,0.122,0.786,0.292,0.721,0.53,0.581,0.367,0.882,0.75,0.619,0.516,0.962,0.899,0.696,0.623
12,14,fiction,19960,8.484,1.021,11.3758,0.0,0.4729,5.964,2.8943,3.0697,2.4452,29,0.178,0.0038,0.584,0.017,0.0,0.787,0.651,0.131,1.094,0.317,0.688,0.477,0.519,0.371,0.855,0.688,0.557,0.52,0.947,0.856,0.67,0.639
12,14,math,19960,8.9686,1.079,11.3758,0.0,0.4729,5.964,2.8943,3.0697,2.4452,29,0.178,0.004,0.646,0.125,0.0,0.841,0.576,0.166,1.048,0.355,0.681,0.444,0.439,0.427,0.846,0.631,0.499,0.592,0.943,0.808,0.633,0.717
12,14,news,19960,8.6352,1.039,11.3758,0.0,0.4729,5.964,2.8943,3.0697,2.4452,29,0.178,0.004,0.519,0.067,0.0,0.732,0.66,0.185,1.179,0.358,0.744,0.533,0.549,0.403,0.905,0.738,0.601,0.555,0.975,0.89,0.714,0.664
12,14,val,5988,8.309,1.0,11.3758,0.0,0.4729,5.964,2.8943,3.0697,2.4452,29,0.178,0.0042,0.612,0.188,0.0,0.814,0.627,0.17,1.113,0.351,0.7,0.478,0.468,0.389,0.858,0.675,0.535,0.546,0.945,0.829,0.649,0.671
12,15,code,19960,8.2449,1.117,8.6349,0.0,0.3863,5.9263,3.54,2.3863,1.6929,48,0.358,0.004,0.658,0.017,0.0,0.496,0.351,0.155,1.78,0.095,0.777,0.659,0.702,0.132,0.872,0.756,0.73,0.217,0.942,0.823,0.774,0.329
12,15,dialogue,19960,8.7247,1.182,8.6349,0.0,0.3863,5.9263,3.54,2.3863,1.6929,48,0.358,0.004,0.538,0.03,0.0,0.787,0.504,0.228,1.178,0.18,0.67,0.471,0.501,0.263,0.824,0.628,0.565,0.386,0.929,0.767,0.62,0.552
12,15,fiction,19960,8.2901,1.124,8.6349,0.0,0.3863,5.9263,3.54,2.3863,1.6929,48,0.358,0.0038,0.584,0.017,0.0,0.804,0.501,0.169,1.35,0.172,0.636,0.453,0.484,0.244,0.788,0.601,0.548,0.367,0.902,0.751,0.627,0.518
12,15,math,19960,8.3981,1.138,8.6349,0.0,0.3863,5.9263,3.54,2.3863,1.6929,48,0.358,0.0039,0.654,0.124,0.0,0.74,0.416,0.18,1.519,0.156,0.665,0.502,0.516,0.221,0.808,0.622,0.578,0.334,0.914,0.735,0.657,0.466
12,15,news,19960,7.9936,1.083,8.6349,0.0,0.3863,5.9263,3.54,2.3863,1.6929,48,0.358,0.004,0.519,0.067,0.0,0.685,0.52,0.183,1.58,0.184,0.732,0.566,0.579,0.224,0.875,0.713,0.646,0.345,0.954,0.835,0.711,0.484
12,15,val,5988,7.3788,1.0,8.6349,0.0,0.3863,5.9263,3.54,2.3863,1.6929,48,0.358,0.0042,0.612,0.188,0.0,0.723,0.475,0.194,1.525,0.167,0.67,0.521,0.519,0.203,0.806,0.642,0.606,0.317,0.909,0.766,0.678,0.445
13,0,code,19960,8.1041,1.137,13.5605,0.0,0.8425,5.9712,0.9559,5.0153,3.8752,41,0.299,0.004,0.658,0.017,0.0,0.262,0.819,0.046,0.242,0.567,0.871,0.799,0.818,0.619,0.971,0.93,0.824,0.671,0.993,0.975,0.852,0.708
13,0,dialogue,19960,7.075,0.992,13.5605,0.0,0.8425,5.9712,0.9559,5.0153,3.8752,41,0.299,0.004,0.538,0.03,0.0,0.15,0.842,0.072,0.218,0.483,0.878,0.84,0.86,0.53,0.977,0.951,0.866,0.574,0.994,0.983,0.881,0.609
13,0,fiction,19960,7.0019,0.982,13.5605,0.0,0.8425,5.9712,0.9559,5.0153,3.8752,41,0.299,0.0038,0.584,0.017,0.0,0.205,0.898,0.048,0.217,0.495,0.878,0.814,0.838,0.557,0.977,0.949,0.843,0.602,0.994,0.983,0.863,0.637
13,0,math,19960,7.5547,1.06,13.5605,0.0,0.8425,5.9712,0.9559,5.0153,3.8752,41,0.299,0.0039,0.654,0.124,0.0,0.265,0.843,0.053,0.286,0.632,0.883,0.813,0.817,0.69,0.976,0.938,0.824,0.735,0.994,0.976,0.85,0.765
13,0,news,19960,7.1418,1.002,13.5605,0.0,0.8425,5.9712,0.9559,5.0153,3.8752,41,0.299,0.004,0.519,0.067,0.0,0.171,0.913,0.075,0.221,0.539,0.897,0.855,0.861,0.591,0.986,0.963,0.868,0.624,0.996,0.988,0.882,0.655
13,0,val,5988,7.1287,1.0,13.5605,0.0,0.8425,5.9712,0.9559,5.0153,3.8752,41,0.299,0.0042,0.612,0.188,0.0,0.226,0.911,0.063,0.243,0.59,0.891,0.834,0.833,0.654,0.98,0.952,0.84,0.695,0.994,0.984,0.861,0.729
13,1,code,19960,8.9052,1.113,10.7231,0.0,0.5945,5.8904,2.3453,3.5451,2.8801,54,0.483,0.004,0.658,0.017,0.0,0.321,0.544,0.069,0.719,0.104,0.853,0.719,0.769,0.154,0.93,0.825,0.785,0.233,0.973,0.914,0.804,0.337
13,1,dialogue,19960,8.5534,1.069,10.7231,0.0,0.5945,5.8904,2.3453,3.5451,2.8801,54,0.483,0.004,0.538,0.03,0.0,0.595,0.732,0.106,0.577,0.111,0.765,0.632,0.654,0.221,0.884,0.783,0.693,0.338,0.954,0.895,0.728,0.455
13,1,fiction,19960,8.4099,1.051,10.7231,0.0,0.5945,5.8904,2.3453,3.5451,2.8801,54,0.483,0.0046,0.652,0.167,0.0,0.548,0.683,0.095,0.687,0.116,0.773,0.622,0.663,0.209,0.882,0.772,0.694,0.328,0.95,0.889,0.726,0.46
13,1,math,19960,8.7556,1.094,10.7231,0.0,0.5945,5.8904,2.3453,3.5451,2.8801,54,0.483,0.0039,0.654,0.124,0.0,0.56,0.595,0.1,0.691,0.174,0.778,0.614,0.629,0.273,0.891,0.755,0.666,0.394,0.956,0.868,0.705,0.513
13,1,news,19960,8.3774,1.047,10.7231,0.0,0.5945,5.8904,2.3453,3.5451,2.8801,54,0.483,0.004,0.519,0.067,0.0,0.241,0.686,0.186,0.828,0.105,0.875,0.79,0.808,0.148,0.945,0.871,0.833,0.229,0.981,0.949,0.857,0.321
13,1,val,5988,8.0036,1.0,10.7231,0.0,0.5945,5.8904,2.3453,3.5451,2.8801,54,0.483,0.0042,0.612,0.188,0.0,0.553,0.595,0.143,0.761,0.13,0.759,0.648,0.638,0.195,0.864,0.759,0.683,0.304,0.939,0.866,0.737,0.448
13,2,code,19960,8.7531,1.234,13.7669,0.0,0.6984,5.9443,1.654,4.2903,3.6328,56,0.537,0.004,0.658,0.017,0.0,0.404,0.704,0.137,0.567,0.237,0.873,0.68,0.698,0.313,0.965,0.867,0.725,0.42,0.99,0.94,0.753,0.501
13,2,dialogue,19960,7.8272,1.104,13.7669,0.0,0.6984,5.9443,1.654,4.2903,3.6328,56,0.537,0.004,0.538,0.03,0.0,0.171,0.941,0.157,0.298,0.214,0.935,0.848,0.867,0.282,0.989,0.973,0.881,0.339,0.997,0.992,0.894,0.398
13,2,fiction,19960,7.4844,1.056,13.7669,0.0,0.6984,5.9443,1.654,4.2903,3.6328,56,0.537,0.0038,0.584,0.017,0.0,0.278,0.872,0.123,0.439,0.224,0.909,0.765,0.786,0.309,0.981,0.94,0.803,0.4,0.995,0.984,0.823,0.464
13,2,math,19960,7.8257,1.104,13.7669,0.0,0.6984,5.9443,1.654,4.2903,3.6328,56,0.537,0.0039,0.654,0.124,0.0,0.344,0.832,0.128,0.45,0.316,0.903,0.744,0.745,0.418,0.98,0.923,0.768,0.507,0.996,0.972,0.792,0.562
13,2,news,19960,7.3088,1.031,13.7669,0.0,0.6984,5.9443,1.654,4.2903,3.6328,56,0.537,0.004,0.519,0.067,0.0,0.273,0.893,0.165,0.47,0.203,0.911,0.789,0.793,0.28,0.984,0.945,0.815,0.373,0.998,0.988,0.835,0.433
13,2,val,5988,7.0907,1.0,13.7669,0.0,0.6984,5.9443,1.654,4.2903,3.6328,56,0.537,0.0042,0.612,0.188,0.0,0.309,0.931,0.155,0.442,0.264,0.915,0.785,0.773,0.365,0.984,0.946,0.8,0.452,0.996,0.987,0.825,0.508
13,3,code,19960,7.7441,1.127,8.6431,0.0,0.3851,5.9171,3.5564,2.3607,1.7079,55,0.585,0.004,0.65,0.02,0.0,0.318,0.289,0.204,1.444,0.068,0.82,0.744,0.772,0.089,0.891,0.806,0.797,0.151,0.949,0.856,0.827,0.259
13,3,dialogue,19960,7.5658,1.101,8.6431,0.0,0.3851,5.9171,3.5564,2.3607,1.7079,55,0.585,0.004,0.538,0.03,0.0,0.779,0.322,0.116,1.026,0.17,0.643,0.521,0.538,0.239,0.786,0.611,0.586,0.356,0.897,0.732,0.631,0.485
13,3,fiction,19960,7.6355,1.111,8.6431,0.0,0.3851,5.9171,3.5564,2.3607,1.7079,55,0.585,0.0047,0.617,0.175,0.0,0.752,0.345,0.133,1.192,0.105,0.67,0.524,0.547,0.161,0.801,0.628,0.602,0.265,0.906,0.753,0.676,0.412
13,3,math,19960,7.6987,1.121,8.6431,0.0,0.3851,5.9171,3.5564,2.3607,1.7079,55,0.585,0.0039,0.654,0.124,0.0,0.691,0.293,0.105,1.385,0.123,0.712,0.584,0.596,0.169,0.83,0.66,0.635,0.271,0.921,0.766,0.684,0.398
13,3,news,19960,7.2989,1.062,8.6431,0.0,0.3851,5.9171,3.5564,2.3607,1.7079,55,0.585,0.004,0.519,0.067,0.0,0.561,0.398,0.104,1.324,0.113,0.784,0.677,0.683,0.147,0.891,0.759,0.722,0.239,0.962,0.86,0.785,0.361
13,3,val,5988,6.8698,1.0,8.6431,0.0,0.3851,5.9171,3.5564,2.3607,1.7079,55,0.585,0.0042,0.612,0.188,0.0,0.657,0.449,0.234,1.415,0.101,0.719,0.614,0.613,0.138,0.83,0.71,0.676,0.234,0.922,0.821,0.776,0.353
13,4,code,19960,8.6282,1.156,8.9868,0.0,0.3999,5.8814,3.0511,2.8302,2.2314,19,0.704,0.004,0.658,0.017,0.0,0.445,0.261,0.1,1.627,0.086,0.805,0.704,0.728,0.118,0.889,0.772,0.756,0.198,0.945,0.824,0.828,0.323
13,4,dialogue,19960,7.6262,1.022,8.9868,0.0,0.3999,5.8814,3.0511,2.8302,2.2314,19,0.704,0.004,0.538,0.03,0.0,0.17,0.29,0.128,1.11,0.073,0.893,0.828,0.859,0.083,0.934,0.884,0.88,0.129,0.966,0.913,0.901,0.23
13,4,fiction,19960,7.3864,0.99,8.9868,0.0,0.3999,5.8814,3.0511,2.8302,2.2314,19,0.704,0.004,0.6,0.078,0.0,0.108,0.39,0.29,1.119,0.075,0.906,0.813,0.864,0.1,0.945,0.893,0.889,0.155,0.974,0.924,0.901,0.254
13,4,math,19960,8.0373,1.077,8.9868,0.0,0.3999,5.8814,3.0511,2.8302,2.2314,19,0.704,0.0039,0.654,0.124,0.0,0.339,0.349,0.173,1.402,0.111,0.818,0.719,0.732,0.146,0.89,0.787,0.773,0.218,0.945,0.843,0.817,0.321
13,4,news,19960,7.9274,1.062,8.9868,0.0,0.3999,5.8814,3.0511,2.8302,2.2314,19,0.704,0.004,0.519,0.067,0.0,0.15,0.546,0.388,1.083,0.144,0.922,0.854,0.857,0.154,0.967,0.913,0.886,0.206,0.988,0.948,0.91,0.283
13,4,val,5988,7.4613,1.0,8.9868,0.0,0.3999,5.8814,3.0511,2.8302,2.2314,19,0.704,0.0042,0.612,0.188,0.0,0.3,0.512,0.391,1.317,0.125,0.847,0.759,0.756,0.131,0.915,0.833,0.806,0.196,0.96,0.889,0.855,0.278
13,5,code,19960,8.7677,1.116,12.9632,0.0,0.6806,5.9118,1.9079,4.0039,2.9991,36,0.419,0.004,0.658,0.017,0.0,0.707,0.712,0.077,0.474,0.153,0.747,0.527,0.547,0.321,0.9,0.76,0.572,0.496,0.973,0.908,0.61,0.625
13,5,dialogue,19960,8.3333,1.061,12.9632,0.0,0.6806,5.9118,1.9079,4.0039,2.9991,36,0.419,0.004,0.538,0.03,0.0,0.703,0.806,0.073,0.337,0.095,0.742,0.582,0.601,0.238,0.888,0.787,0.629,0.405,0.967,0.917,0.663,0.534
13,5,fiction,19960,8.28,1.054,12.9632,0.0,0.6806,5.9118,1.9079,4.0039,2.9991,36,0.419,0.0038,0.584,0.017,0.0,0.668,0.672,0.077,0.494,0.089,0.725,0.563,0.596,0.197,0.852,0.739,0.622,0.335,0.94,0.874,0.673,0.473
13,5,math,19960,8.3718,1.066,12.9632,0.0,0.6806,5.9118,1.9079,4.0039,2.9991,36,0.419,0.0039,0.654,0.124,0.0,0.795,0.72,0.086,0.462,0.169,0.689,0.494,0.492,0.343,0.855,0.72,0.528,0.523,0.951,0.871,0.581,0.661
13,5,news,19960,8.2329,1.048,12.9632,0.0,0.6806,5.9118,1.9079,4.0039,2.9991,36,0.419,0.004,0.519,0.067,0.0,0.6,0.719,0.126,0.66,0.101,0.78,0.629,0.633,0.201,0.912,0.804,0.673,0.35,0.979,0.938,0.713,0.495
13,5,val,5988,7.8541,1.0,12.9632,0.0,0.6806,5.9118,1.9079,4.0039,2.9991,36,0.419,0.0042,0.612,0.188,0.0,0.739,0.652,0.104,0.605,0.123,0.699,0.561,0.548,0.227,0.841,0.719,0.593,0.372,0.94,0.864,0.654,0.534
13,6,code,19960,8.5739,1.09,9.1242,0.0,0.4132,5.9234,3.5637,2.3596,1.7203,29,0.219,0.0041,0.634,0.058,0.0,0.613,0.32,0.225,1.58,0.091,0.73,0.577,0.641,0.128,0.845,0.666,0.689,0.214,0.931,0.767,0.724,0.346
13,6,dialogue,19960,8.9617,1.139,9.1242,0.0,0.4132,5.9234,3.5637,2.3596,1.7203,29,0.219,0.004,0.538,0.03,0.0,0.895,0.351,0.113,1.256,0.172,0.591,0.444,0.466,0.246,0.759,0.545,0.518,0.367,0.888,0.681,0.588,0.509
13,6,fiction,19960,8.4674,1.077,9.1242,0.0,0.4132,5.9234,3.5637,2.3596,1.7203,29,0.219,0.0038,0.584,0.017,0.0,0.885,0.408,0.187,1.47,0.168,0.582,0.392,0.416,0.235,0.759,0.511,0.477,0.368,0.895,0.683,0.572,0.536
13,6,math,19960,8.6524,1.1,9.1242,0.0,0.4132,5.9234,3.5637,2.3596,1.7203,29,0.219,0.004,0.646,0.125,0.0,0.852,0.327,0.178,1.499,0.169,0.624,0.433,0.451,0.241,0.79,0.542,0.51,0.375,0.911,0.673,0.582,0.532
13,6,news,19960,8.3909,1.067,9.1242,0.0,0.4132,5.9234,3.5637,2.3596,1.7203,29,0.219,0.004,0.519,0.067,0.0,0.815,0.379,0.118,1.502,0.236,0.67,0.489,0.5,0.275,0.843,0.601,0.543,0.421,0.948,0.757,0.607,0.579
13,6,val,5988,7.8652,1.0,9.1242,0.0,0.4132,5.9234,3.5637,2.3596,1.7203,29,0.219,0.0042,0.612,0.188,0.0,0.877,0.417,0.292,1.483,0.184,0.591,0.391,0.377,0.243,0.757,0.52,0.48,0.386,0.891,0.691,0.586,0.546
13,7,code,19960,8.3638,1.224,7.7689,0.0,0.3619,5.9182,3.9416,1.9765,1.1729,35,0.235,0.004,0.658,0.017,0.0,0.888,0.164,0.02,2.412,0.33,0.656,0.423,0.437,0.245,0.812,0.489,0.452,0.351,0.915,0.568,0.504,0.493
13,7,dialogue,19960,7.7011,1.127,7.7689,0.0,0.3619,5.9182,3.9416,1.9765,1.1729,35,0.235,0.004,0.538,0.03,0.0,0.748,0.289,0.08,1.601,0.423,0.689,0.52,0.528,0.375,0.833,0.593,0.558,0.466,0.923,0.691,0.604,0.582
13,7,fiction,19960,7.3537,1.077,7.7689,0.0,0.3619,5.9182,3.9416,1.9765,1.1729,35,0.235,0.0048,0.667,0.163,0.0,0.756,0.309,0.179,1.679,0.419,0.692,0.517,0.529,0.377,0.837,0.596,0.591,0.485,0.926,0.712,0.657,0.612
13,7,math,19960,7.7577,1.136,7.7689,0.0,0.3619,5.9182,3.9416,1.9765,1.1729,35,0.235,0.0039,0.654,0.124,0.0,0.872,0.313,0.062,1.912,0.406,0.661,0.423,0.427,0.338,0.815,0.526,0.457,0.453,0.915,0.642,0.522,0.582
13,7,news,19960,7.2661,1.064,7.7689,0.0,0.3619,5.9182,3.9416,1.9765,1.1729,35,0.235,0.004,0.519,0.067,0.0,0.794,0.276,0.042,2.03,0.389,0.707,0.531,0.537,0.295,0.843,0.612,0.559,0.394,0.925,0.7,0.626,0.512
13,7,val,5988,6.8307,1.0,7.7689,0.0,0.3619,5.9182,3.9416,1.9765,1.1729,35,0.235,0.0042,0.612,0.188,0.0,0.885,0.327,0.117,2.027,0.364,0.638,0.43,0.429,0.277,0.785,0.528,0.483,0.382,0.891,0.651,0.595,0.51
13,8,code,19960,9.0819,1.142,10.1139,0.0,0.4523,5.9206,3.2143,2.7064,2.0373,28,0.306,0.004,0.658,0.017,0.0,0.845,0.55,0.325,1.494,0.168,0.657,0.428,0.441,0.215,0.817,0.619,0.566,0.355,0.924,0.747,0.639,0.518
13,8,dialogue,19960,9.1647,1.152,10.1139,0.0,0.4523,5.9206,3.2143,2.7064,2.0373,28,0.306,0.004,0.538,0.03,0.0,0.891,0.544,0.192,1.125,0.182,0.632,0.421,0.419,0.26,0.802,0.605,0.51,0.405,0.916,0.742,0.552,0.593
13,8,fiction,19960,8.882,1.117,10.1139,0.0,0.4523,5.9206,3.2143,2.7064,2.0373,28,0.306,0.0038,0.584,0.017,0.0,0.872,0.566,0.18,1.078,0.189,0.605,0.395,0.412,0.27,0.773,0.579,0.495,0.421,0.896,0.73,0.538,0.588
13,8,math,19960,8.9843,1.129,10.1139,0.0,0.4523,5.9206,3.2143,2.7064,2.0373,28,0.306,0.0039,0.654,0.124,0.0,0.903,0.509,0.327,1.311,0.194,0.601,0.369,0.358,0.273,0.776,0.547,0.472,0.426,0.903,0.684,0.573,0.583
13,8,news,19960,8.5279,1.072,10.1139,0.0,0.4523,5.9206,3.2143,2.7064,2.0373,28,0.306,0.004,0.519,0.067,0.0,0.768,0.645,0.263,1.219,0.241,0.737,0.51,0.5,0.33,0.893,0.726,0.604,0.497,0.968,0.848,0.643,0.641
13,8,val,5988,7.9552,1.0,10.1139,0.0,0.4523,5.9206,3.2143,2.7064,2.0373,28,0.306,0.0042,0.612,0.188,0.0,0.775,0.593,0.305,1.243,0.197,0.676,0.51,0.491,0.256,0.82,0.667,0.606,0.383,0.921,0.786,0.662,0.522
13,9,code,19960,7.7743,1.34,6.9864,0.0,0.2307,5.7972,4.1378,1.6595,1.3279,31,0.52,0.004,0.658,0.017,0.0,0.669,0.282,0.113,0.876,0.213,0.705,0.624,0.622,0.336,0.852,0.687,0.668,0.45,0.941,0.767,0.686,0.573
13,9,dialogue,19960,6.6145,1.14,6.9864,0.0,0.2307,5.7972,4.1378,1.6595,1.3279,31,0.52,0.004,0.538,0.03,0.0,0.696,0.593,0.598,1.231,0.059,0.704,0.635,0.633,0.106,0.806,0.738,0.756,0.192,0.904,0.82,0.802,0.323
13,9,fiction,19960,6.3717,1.098,6.9864,0.0,0.2307,5.7972,4.1378,1.6595,1.3279,31,0.52,0.0038,0.584,0.017,0.0,0.731,0.739,0.687,1.491,0.058,0.693,0.608,0.606,0.098,0.795,0.721,0.73,0.17,0.892,0.82,0.799,0.293
13,9,math,19960,6.7163,1.158,6.9864,0.0,0.2307,5.7972,4.1378,1.6595,1.3279,31,0.52,0.0039,0.654,0.124,0.0,0.766,0.534,0.4,1.19,0.135,0.683,0.579,0.578,0.202,0.807,0.702,0.698,0.299,0.906,0.791,0.745,0.426
13,9,news,19960,6.5578,1.13,6.9864,0.0,0.2307,5.7972,4.1378,1.6595,1.3279,31,0.52,0.004,0.519,0.067,0.0,0.444,0.27,0.134,1.411,0.095,0.778,0.726,0.725,0.104,0.851,0.773,0.758,0.168,0.918,0.831,0.803,0.258
13,9,val,5988,5.802,1.0,6.9864,0.0,0.2307,5.7972,4.1378,1.6595,1.3279,31,0.52,0.0042,0.612,0.188,0.0,0.721,0.591,0.409,1.581,0.09,0.686,0.603,0.601,0.1,0.778,0.699,0.687,0.168,0.87,0.793,0.772,0.272
13,10,code,19960,8.0141,1.161,10.2065,0.0,0.4351,5.934,2.8082,3.1258,2.7458,52,0.391,0.004,0.658,0.017,0.0,0.539,0.503,0.128,1.16,0.132,0.767,0.636,0.671,0.173,0.881,0.768,0.71,0.271,0.952,0.869,0.76,0.382
13,10,dialogue,19960,7.9308,1.149,10.2065,0.0,0.4351,5.934,2.8082,3.1258,2.7458,52,0.391,0.004,0.538,0.03,0.0,0.63,0.71,0.091,0.769,0.339,0.724,0.61,0.62,0.405,0.868,0.78,0.661,0.513,0.945,0.874,0.703,0.607
13,10,fiction,19960,7.6426,1.107,10.2065,0.0,0.4351,5.934,2.8082,3.1258,2.7458,52,0.391,0.0038,0.584,0.017,0.0,0.748,0.75,0.089,0.842,0.295,0.691,0.542,0.556,0.379,0.848,0.746,0.601,0.51,0.938,0.873,0.664,0.617
13,10,math,19960,7.7959,1.129,10.2065,0.0,0.4351,5.934,2.8082,3.1258,2.7458,52,0.391,0.0039,0.654,0.124,0.0,0.721,0.642,0.105,1.022,0.253,0.701,0.558,0.566,0.328,0.853,0.726,0.612,0.46,0.94,0.851,0.67,0.571
13,10,news,19960,7.4509,1.079,10.2065,0.0,0.4351,5.934,2.8082,3.1258,2.7458,52,0.391,0.004,0.519,0.067,0.0,0.711,0.674,0.139,1.243,0.24,0.723,0.586,0.589,0.296,0.882,0.757,0.643,0.429,0.961,0.878,0.72,0.546
13,10,val,5988,6.9051,1.0,10.2065,0.0,0.4351,5.934,2.8082,3.1258,2.7458,52,0.391,0.0042,0.612,0.188,0.0,0.693,0.713,0.129,1.068,0.229,0.712,0.593,0.584,0.291,0.853,0.749,0.638,0.418,0.937,0.872,0.709,0.534
13,11,code,19960,8.5928,1.288,7.6369,0.0,0.3891,5.8564,3.6123,2.244,1.4609,24,0.424,0.004,0.658,0.017,0.0,0.88,0.307,0.14,1.481,0.162,0.585,0.365,0.363,0.212,0.753,0.467,0.454,0.341,0.889,0.617,0.518,0.506
13,11,dialogue,19960,8.2577,1.238,7.6369,0.0,0.3891,5.8564,3.6123,2.244,1.4609,24,0.424,0.004,0.538,0.03,0.0,0.532,0.41,0.115,0.781,0.14,0.741,0.62,0.637,0.205,0.854,0.69,0.685,0.295,0.931,0.795,0.718,0.413
13,11,fiction,19960,7.5844,1.137,7.6369,0.0,0.3891,5.8564,3.6123,2.244,1.4609,24,0.424,0.0038,0.584,0.017,0.0,0.445,0.469,0.182,1.085,0.098,0.779,0.656,0.694,0.132,0.869,0.735,0.732,0.209,0.936,0.84,0.774,0.328
13,11,math,19960,7.8639,1.179,7.6369,0.0,0.3891,5.8564,3.6123,2.244,1.4609,24,0.424,0.0039,0.654,0.124,0.0,0.783,0.415,0.107,1.106,0.192,0.676,0.494,0.493,0.247,0.824,0.603,0.55,0.373,0.925,0.75,0.635,0.519
13,11,news,19960,7.3215,1.098,7.6369,0.0,0.3891,5.8564,3.6123,2.244,1.4609,24,0.424,0.004,0.519,0.067,0.0,0.328,0.472,0.189,1.29,0.111,0.853,0.736,0.752,0.117,0.927,0.806,0.795,0.186,0.972,0.9,0.865,0.288
13,11,val,5988,6.6705,1.0,7.6369,0.0,0.3891,5.8564,3.6123,2.244,1.4609,24,0.424,0.0042,0.612,0.188,0.0,0.694,0.662,0.474,1.38,0.131,0.703,0.564,0.558,0.155,0.825,0.72,0.683,0.25,0.915,0.824,0.77,0.381
13,12,code,19960,6.5715,1.136,8.2451,0.0,0.4116,5.9503,3.0056,2.9447,2.5321,37,0.299,0.004,0.658,0.017,0.0,0.187,0.481,0.184,1.214,0.052,0.872,0.774,0.834,0.067,0.924,0.876,0.866,0.119,0.964,0.911,0.873,0.218
13,12,dialogue,19960,6.3739,1.102,8.2451,0.0,0.4116,5.9503,3.0056,2.9447,2.5321,37,0.299,0.004,0.538,0.03,0.0,0.905,0.594,0.246,0.923,0.182,0.519,0.393,0.407,0.254,0.699,0.578,0.531,0.376,0.851,0.704,0.567,0.526
13,12,fiction,19960,6.6845,1.155,8.2451,0.0,0.4116,5.9503,3.0056,2.9447,2.5321,37,0.299,0.004,0.605,0.082,0.0,0.971,0.627,0.258,1.124,0.218,0.498,0.296,0.275,0.338,0.686,0.51,0.449,0.498,0.853,0.686,0.513,0.655
13,12,math,19960,6.1667,1.066,8.2451,0.0,0.4116,5.9503,3.0056,2.9447,2.5321,37,0.299,0.0039,0.654,0.124,0.0,0.717,0.579,0.196,1.06,0.151,0.669,0.546,0.563,0.218,0.806,0.691,0.641,0.331,0.909,0.804,0.668,0.466
13,12,news,19960,6.2525,1.081,8.2451,0.0,0.4116,5.9503,3.0056,2.9447,2.5321,37,0.299,0.004,0.519,0.067,0.0,0.576,0.615,0.144,1.08,0.183,0.747,0.666,0.68,0.217,0.869,0.795,0.729,0.315,0.944,0.885,0.768,0.416
13,12,val,5988,5.7861,1.0,8.2451,0.0,0.4116,5.9503,3.0056,2.9447,2.5321,37,0.299,0.0042,0.612,0.188,0.0,0.901,0.572,0.17,1.246,0.192,0.554,0.453,0.441,0.232,0.714,0.599,0.534,0.352,0.852,0.745,0.631,0.497
13,13,code,19960,8.0375,1.133,8.7736,0.0,0.4638,5.9456,3.1688,2.7768,2.0279,62,0.518,0.004,0.658,0.017,0.0,0.249,0.364,0.068,1.299,0.09,0.854,0.768,0.805,0.116,0.923,0.835,0.822,0.184,0.967,0.889,0.836,0.279
13,13,dialogue,19960,7.761,1.094,8.7736,0.0,0.4638,5.9456,3.1688,2.7768,2.0279,62,0.518,0.004,0.538,0.03,0.0,0.737,0.521,0.081,1.17,0.122,0.689,0.571,0.596,0.178,0.821,0.693,0.641,0.287,0.919,0.801,0.663,0.42
13,13,fiction,19960,7.5961,1.071,8.7736,0.0,0.4638,5.9456,3.1688,2.7768,2.0279,62,0.518,0.0043,0.628,0.14,0.0,0.646,0.46,0.082,1.378,0.106,0.722,0.591,0.629,0.158,0.839,0.703,0.673,0.258,0.927,0.808,0.697,0.39
13,13,math,19960,7.9932,1.127,8.7736,0.0,0.4638,5.9456,3.1688,2.7768,2.0279,62,0.518,0.0039,0.654,0.124,0.0,0.542,0.398,0.084,1.188,0.152,0.754,0.629,0.645,0.204,0.865,0.723,0.682,0.301,0.94,0.806,0.717,0.415
13,13,news,19960,7.6967,1.085,8.7736,0.0,0.4638,5.9456,3.1688,2.7768,2.0279,62,0.518,0.004,0.519,0.067,0.0,0.466,0.58,0.155,1.379,0.128,0.814,0.699,0.713,0.164,0.918,0.815,0.761,0.26,0.972,0.893,0.781,0.373
13,13,val,5988,7.0931,1.0,8.7736,0.0,0.4638,5.9456,3.1688,2.7768,2.0279,62,0.518,0.0042,0.612,0.188,0.0,0.557,0.526,0.213,1.349,0.131,0.762,0.65,0.653,0.167,0.867,0.758,0.715,0.256,0.941,0.847,0.76,0.37
13,14,code,19960,9.1726,1.364,7.8624,0.0,0.1814,5.8338,4.1525,1.6813,1.4906,57,0.293,0.004,0.658,0.017,0.0,0.725,0.045,0.006,1.597,0.074,0.741,0.507,0.516,0.11,0.868,0.522,0.518,0.189,0.948,0.563,0.526,0.331
13,14,dialogue,19960,8.0535,1.198,7.8624,0.0,0.1814,5.8338,4.1525,1.6813,1.4906,57,0.293,0.004,0.538,0.03,0.0,0.809,0.032,0.008,1.764,0.05,0.667,0.482,0.482,0.08,0.802,0.49,0.485,0.147,0.903,0.53,0.495,0.271
13,14,fiction,19960,7.5181,1.118,7.8624,0.0,0.1814,5.8338,4.1525,1.6813,1.4906,57,0.293,0.0038,0.584,0.017,0.0,0.67,0.06,0.034,1.737,0.055,0.721,0.591,0.597,0.07,0.819,0.61,0.608,0.129,0.904,0.657,0.623,0.237
13,14,math,19960,8.4211,1.252,7.8624,0.0,0.1814,5.8338,4.1525,1.6813,1.4906,57,0.293,0.0039,0.654,0.124,0.0,0.797,0.066,0.013,1.663,0.109,0.68,0.442,0.447,0.139,0.812,0.465,0.454,0.235,0.911,0.532,0.469,0.369
13,14,news,19960,7.6437,1.137,7.8624,0.0,0.1814,5.8338,4.1525,1.6813,1.4906,57,0.293,0.004,0.519,0.067,0.0,0.533,0.156,0.057,1.656,0.065,0.785,0.631,0.646,0.069,0.87,0.66,0.653,0.121,0.933,0.74,0.727,0.205
13,14,val,5988,6.7252,1.0,7.8624,0.0,0.1814,5.8338,4.1525,1.6813,1.4906,57,0.293,0.0042,0.612,0.188,0.0,0.863,0.415,0.364,1.769,0.079,0.63,0.369,0.36,0.075,0.761,0.516,0.478,0.138,0.871,0.663,0.632,0.247
13,15,code,19960,8.798,1.089,9.9262,0.0,0.4727,5.8751,3.2951,2.5801,1.7308,6,0.435,0.004,0.658,0.017,0.0,0.591,0.433,0.109,1.253,0.127,0.744,0.609,0.628,0.229,0.873,0.728,0.658,0.357,0.954,0.805,0.685,0.489
13,15,dialogue,19960,8.403,1.04,9.9262,0.0,0.4727,5.8751,3.2951,2.5801,1.7308,6,0.435,0.004,0.538,0.03,0.0,0.819,0.374,0.123,1.663,0.12,0.675,0.559,0.563,0.2,0.819,0.664,0.608,0.327,0.924,0.75,0.657,0.481
13,15,fiction,19960,8.3914,1.039,9.9262,0.0,0.4727,5.8751,3.2951,2.5801,1.7308,6,0.435,0.0038,0.584,0.017,0.0,0.747,0.33,0.086,1.64,0.118,0.694,0.55,0.561,0.199,0.836,0.648,0.595,0.329,0.936,0.731,0.64,0.498
13,15,math,19960,8.6378,1.069,9.9262,0.0,0.4727,5.8751,3.2951,2.5801,1.7308,6,0.435,0.0039,0.654,0.124,0.0,0.781,0.435,0.119,1.336,0.165,0.667,0.5,0.502,0.277,0.821,0.628,0.549,0.421,0.928,0.734,0.606,0.576
13,15,news,19960,8.4026,1.04,9.9262,0.0,0.4727,5.8751,3.2951,2.5801,1.7308,6,0.435,0.004,0.519,0.067,0.0,0.488,0.477,0.112,1.47,0.121,0.817,0.688,0.692,0.183,0.927,0.791,0.719,0.288,0.98,0.867,0.748,0.42
13,15,val,5988,8.0795,1.0,9.9262,0.0,0.4727,5.8751,3.2951,2.5801,1.7308,6,0.435,0.0042,0.612,0.188,0.0,0.693,0.417,0.149,1.476,0.146,0.726,0.576,0.566,0.211,0.855,0.682,0.619,0.327,0.942,0.778,0.675,0.474
14,0,code,19960,8.8117,1.164,8.6042,0.0,0.3053,5.8972,4.3089,1.5883,1.0176,25,0.342,0.004,0.658,0.017,0.0,0.825,0.188,0.176,2.205,0.078,0.665,0.426,0.426,0.144,0.803,0.493,0.503,0.245,0.912,0.58,0.569,0.408
14,0,dialogue,19960,8.2648,1.092,8.6042,0.0,0.3053,5.8972,4.3089,1.5883,1.0176,25,0.342,0.004,0.538,0.03,0.0,0.862,0.184,0.299,2.361,0.06,0.653,0.445,0.444,0.121,0.798,0.512,0.553,0.192,0.909,0.579,0.577,0.346
14,0,fiction,19960,8.19,1.082,8.6042,0.0,0.3053,5.8972,4.3089,1.5883,1.0176,25,0.342,0.0038,0.584,0.017,0.0,0.757,0.2,0.294,2.157,0.06,0.682,0.536,0.535,0.118,0.804,0.593,0.617,0.195,0.906,0.657,0.652,0.32
14,0,math,19960,8.6198,1.139,8.6042,0.0,0.3053,5.8972,4.3089,1.5883,1.0176,25,0.342,0.0039,0.654,0.124,0.0,0.889,0.19,0.198,2.153,0.092,0.617,0.343,0.343,0.186,0.77,0.42,0.433,0.291,0.894,0.511,0.508,0.455
14,0,news,19960,8.4667,1.119,8.6042,0.0,0.3053,5.8972,4.3089,1.5883,1.0176,25,0.342,0.004,0.519,0.067,0.0,0.619,0.191,0.159,2.107,0.074,0.763,0.615,0.615,0.102,0.859,0.662,0.662,0.167,0.931,0.727,0.71,0.273
14,0,val,5988,7.5674,1.0,8.6042,0.0,0.3053,5.8972,4.3089,1.5883,1.0176,25,0.342,0.0042,0.612,0.188,0.0,0.86,0.289,0.23,2.084,0.077,0.634,0.408,0.408,0.122,0.769,0.505,0.493,0.197,0.882,0.611,0.572,0.325
14,1,code,19960,7.9957,1.085,10.0432,0.0,0.6197,5.8788,2.2509,3.6279,2.7925,42,0.307,0.004,0.658,0.017,0.0,0.586,0.591,0.052,0.553,0.404,0.753,0.635,0.658,0.464,0.904,0.778,0.678,0.569,0.968,0.896,0.706,0.648
14,1,dialogue,19960,7.6693,1.04,10.0432,0.0,0.6197,5.8788,2.2509,3.6279,2.7925,42,0.307,0.0042,0.506,0.069,0.0,0.67,0.651,0.081,0.753,0.319,0.715,0.611,0.628,0.371,0.877,0.768,0.656,0.497,0.956,0.887,0.697,0.595
14,1,fiction,19960,7.4983,1.017,10.0432,0.0,0.6197,5.8788,2.2509,3.6279,2.7925,42,0.307,0.0052,0.689,0.176,0.0,0.699,0.712,0.095,0.722,0.293,0.707,0.594,0.619,0.366,0.872,0.766,0.647,0.5,0.954,0.89,0.698,0.615
14,1,math,19960,7.7036,1.045,10.0432,0.0,0.6197,5.8788,2.2509,3.6279,2.7925,42,0.307,0.004,0.662,0.133,0.0,0.684,0.644,0.093,0.644,0.421,0.73,0.598,0.601,0.498,0.89,0.761,0.633,0.622,0.963,0.886,0.677,0.707
14,1,news,19960,7.4955,1.017,10.0432,0.0,0.6197,5.8788,2.2509,3.6279,2.7925,42,0.307,0.004,0.519,0.067,0.0,0.479,0.687,0.112,0.758,0.319,0.808,0.713,0.72,0.367,0.944,0.853,0.743,0.474,0.988,0.94,0.775,0.547
14,1,val,5988,7.3716,1.0,10.0432,0.0,0.6197,5.8788,2.2509,3.6279,2.7925,42,0.307,0.0042,0.612,0.188,0.0,0.661,0.645,0.121,0.725,0.338,0.733,0.623,0.617,0.403,0.885,0.774,0.655,0.524,0.959,0.883,0.705,0.621
14,2,code,19960,9.8215,1.151,8.6626,0.0,0.3202,5.8871,4.1826,1.7045,1.1793,60,0.502,0.004,0.658,0.017,0.0,0.553,0.122,0.111,2.277,0.074,0.777,0.632,0.632,0.112,0.882,0.666,0.673,0.171,0.952,0.703,0.701,0.277
14,2,dialogue,19960,9.8953,1.16,8.6626,0.0,0.3202,5.8871,4.1826,1.7045,1.1793,60,0.502,0.004,0.538,0.03,0.0,0.56,0.213,0.203,2.207,0.074,0.774,0.655,0.655,0.108,0.88,0.709,0.717,0.163,0.944,0.771,0.77,0.265
14,2,fiction,19960,9.7575,1.143,8.6626,0.0,0.3202,5.8871,4.1826,1.7045,1.1793,60,0.502,0.0038,0.584,0.017,0.0,0.523,0.257,0.187,2.141,0.094,0.765,0.647,0.647,0.11,0.859,0.706,0.7,0.177,0.936,0.775,0.774,0.277
14,2,math,19960,9.7042,1.137,8.6626,0.0,0.3202,5.8871,4.1826,1.7045,1.1793,60,0.502,0.0039,0.654,0.124,0.0,0.66,0.242,0.218,2.09,0.11,0.724,0.538,0.538,0.143,0.844,0.612,0.617,0.221,0.93,0.691,0.698,0.329
14,2,news,19960,9.3429,1.095,8.6626,0.0,0.3202,5.8871,4.1826,1.7045,1.1793,60,0.502,0.004,0.519,0.067,0.0,0.42,0.235,0.246,2.219,0.09,0.818,0.712,0.712,0.094,0.894,0.764,0.77,0.145,0.949,0.81,0.816,0.221
14,2,val,5988,8.5332,1.0,8.6626,0.0,0.3202,5.8871,4.1826,1.7045,1.1793,60,0.502,0.0042,0.612,0.188,0.0,0.645,0.308,0.2,2.126,0.11,0.73,0.556,0.556,0.118,0.84,0.64,0.623,0.185,0.925,0.74,0.72,0.286
14,3,code,19960,11.5,1.16,13.9656,0.0,0.2661,5.9092,3.7713,2.1379,1.9492,55,0.203,0.004,0.65,0.017,0.0,0.594,0.405,0.065,2.361,0.617,0.957,0.434,0.477,0.185,0.988,0.623,0.503,0.237,0.997,0.788,0.534,0.307
14,3,dialogue,19960,10.9142,1.101,13.9656,0.0,0.2661,5.9092,3.7713,2.1379,1.9492,55,0.203,0.0042,0.536,0.033,0.0,0.626,0.454,0.087,2.32,0.735,0.959,0.413,0.44,0.236,0.986,0.616,0.472,0.289,0.996,0.797,0.525,0.349
14,3,fiction,19960,9.8625,0.995,13.9656,0.0,0.2661,5.9092,3.7713,2.1379,1.9492,55,0.203,0.0052,0.673,0.183,0.0,0.659,0.442,0.125,2.428,0.715,0.947,0.403,0.42,0.226,0.981,0.596,0.469,0.295,0.994,0.775,0.545,0.385
14,3,math,19960,10.9983,1.11,13.9656,0.0,0.2661,5.9092,3.7713,2.1379,1.9492,55,0.203,0.004,0.654,0.118,0.0,0.641,0.434,0.093,2.355,0.685,0.948,0.419,0.432,0.211,0.982,0.609,0.475,0.268,0.995,0.785,0.517,0.34
14,3,news,19960,9.4797,0.957,13.9656,0.0,0.2661,5.9092,3.7713,2.1379,1.9492,55,0.203,0.0041,0.512,0.066,0.0,0.674,0.448,0.115,2.41,0.723,0.942,0.388,0.397,0.218,0.978,0.59,0.447,0.283,0.993,0.772,0.519,0.376
14,3,val,5988,9.9107,1.0,13.9656,0.0,0.2661,5.9092,3.7713,2.1379,1.9492,55,0.203,0.0044,0.591,0.176,0.0,0.653,0.46,0.113,2.357,0.736,0.957,0.422,0.418,0.229,0.985,0.615,0.464,0.291,0.995,0.797,0.528,0.362
14,4,code,19960,7.5139,1.115,8.1113,0.0,0.4673,5.8862,3.2164,2.6699,1.7271,50,0.563,0.004,0.658,0.017,0.0,0.096,0.484,0.131,0.865,0.078,0.905,0.82,0.873,0.092,0.945,0.908,0.889,0.151,0.973,0.937,0.915,0.252
14,4,dialogue,19960,6.9311,1.028,8.1113,0.0,0.4673,5.8862,3.2164,2.6699,1.7271,50,0.563,0.004,0.538,0.03,0.0,0.278,0.622,0.139,0.855,0.118,0.835,0.754,0.791,0.14,0.901,0.858,0.826,0.207,0.948,0.909,0.863,0.31
14,4,fiction,19960,6.9826,1.036,8.1113,0.0,0.4673,5.8862,3.2164,2.6699,1.7271,50,0.563,0.005,0.677,0.161,0.0,0.297,0.422,0.103,1.177,0.109,0.825,0.723,0.766,0.125,0.894,0.827,0.799,0.189,0.946,0.879,0.853,0.306
14,4,math,19960,7.1414,1.06,8.1113,0.0,0.4673,5.8862,3.2164,2.6699,1.7271,50,0.563,0.0039,0.654,0.124,0.0,0.344,0.47,0.205,1.055,0.146,0.809,0.707,0.727,0.173,0.886,0.803,0.778,0.244,0.941,0.865,0.831,0.348
14,4,news,19960,7.2419,1.075,8.1113,0.0,0.4673,5.8862,3.2164,2.6699,1.7271,50,0.563,0.004,0.519,0.067,0.0,0.325,0.556,0.189,1.135,0.206,0.848,0.757,0.768,0.218,0.931,0.857,0.81,0.286,0.971,0.908,0.841,0.369
14,4,val,5988,6.7396,1.0,8.1113,0.0,0.4673,5.8862,3.2164,2.6699,1.7271,50,0.563,0.0042,0.612,0.188,0.0,0.34,0.549,0.291,1.388,0.166,0.825,0.749,0.745,0.18,0.899,0.83,0.808,0.246,0.95,0.886,0.854,0.328
14,5,code,19960,7.9458,1.263,7.2049,0.0,0.138,5.9175,4.3834,1.5341,1.4028,45,0.591,0.004,0.658,0.017,0.0,0.483,0.293,0.089,1.245,0.08,0.772,0.701,0.702,0.108,0.86,0.747,0.724,0.171,0.931,0.806,0.795,0.273
14,5,dialogue,19960,7.3047,1.161,7.2049,0.0,0.138,5.9175,4.3834,1.5341,1.4028,45,0.591,0.004,0.538,0.03,0.0,0.767,0.477,0.497,1.297,0.079,0.621,0.506,0.506,0.134,0.755,0.631,0.625,0.221,0.875,0.747,0.703,0.353
14,5,fiction,19960,7.549,1.2,7.2049,0.0,0.138,5.9175,4.3834,1.5341,1.4028,45,0.591,0.0038,0.584,0.017,0.0,0.443,0.486,0.421,1.716,0.046,0.803,0.704,0.712,0.066,0.888,0.798,0.803,0.117,0.949,0.866,0.848,0.205
14,5,math,19960,7.4384,1.182,7.2049,0.0,0.138,5.9175,4.3834,1.5341,1.4028,45,0.591,0.0039,0.654,0.124,0.0,0.733,0.648,0.409,1.351,0.101,0.678,0.51,0.51,0.143,0.811,0.674,0.641,0.238,0.912,0.788,0.748,0.379
14,5,news,19960,7.2227,1.148,7.2049,0.0,0.138,5.9175,4.3834,1.5341,1.4028,45,0.591,0.004,0.519,0.067,0.0,0.236,0.444,0.269,1.234,0.094,0.86,0.799,0.799,0.095,0.923,0.852,0.833,0.152,0.966,0.905,0.878,0.223
14,5,val,5988,6.2915,1.0,7.2049,0.0,0.138,5.9175,4.3834,1.5341,1.4028,45,0.591,0.0042,0.612,0.188,0.0,0.647,0.625,0.499,1.542,0.082,0.718,0.609,0.609,0.088,0.817,0.723,0.715,0.153,0.904,0.824,0.79,0.247
14,6,code,19960,8.2754,1.191,6.939,0.0,0.4026,5.9269,3.2083,2.7187,2.1049,54,0.477,0.004,0.658,0.017,0.0,0.527,0.492,0.091,0.632,0.259,0.764,0.662,0.702,0.288,0.866,0.775,0.737,0.366,0.935,0.839,0.772,0.464
14,6,dialogue,19960,7.464,1.074,6.939,0.0,0.4026,5.9269,3.2083,2.7187,2.1049,54,0.477,0.004,0.538,0.03,0.0,0.544,0.509,0.089,0.954,0.167,0.765,0.68,0.721,0.18,0.847,0.786,0.758,0.245,0.912,0.842,0.795,0.344
14,6,fiction,19960,7.3887,1.063,6.939,0.0,0.4026,5.9269,3.2083,2.7187,2.1049,54,0.477,0.005,0.677,0.161,0.0,0.518,0.548,0.121,1.111,0.161,0.767,0.659,0.709,0.173,0.845,0.78,0.752,0.26,0.909,0.84,0.794,0.37
14,6,math,19960,7.4838,1.077,6.939,0.0,0.4026,5.9269,3.2083,2.7187,2.1049,54,0.477,0.004,0.658,0.133,0.0,0.491,0.509,0.132,0.922,0.223,0.771,0.669,0.692,0.235,0.856,0.77,0.739,0.315,0.921,0.836,0.782,0.414
14,6,news,19960,7.4319,1.069,6.939,0.0,0.4026,5.9269,3.2083,2.7187,2.1049,54,0.477,0.004,0.519,0.067,0.0,0.516,0.6,0.098,1.069,0.225,0.798,0.701,0.716,0.221,0.878,0.807,0.753,0.3,0.933,0.869,0.786,0.382
14,6,val,5988,6.9506,1.0,6.939,0.0,0.4026,5.9269,3.2083,2.7187,2.1049,54,0.477,0.0042,0.612,0.188,0.0,0.649,0.493,0.115,1.49,0.224,0.757,0.647,0.646,0.188,0.839,0.738,0.699,0.266,0.905,0.816,0.752,0.359
14,7,code,19960,8.9915,1.1,9.9443,0.0,0.3683,5.9599,3.4661,2.4938,2.0404,56,0.306,0.004,0.658,0.017,0.0,0.832,0.459,0.079,1.444,0.189,0.646,0.431,0.447,0.254,0.811,0.588,0.484,0.402,0.928,0.72,0.597,0.563
14,7,dialogue,19960,8.994,1.101,9.9443,0.0,0.3683,5.9599,3.4661,2.4938,2.0404,56,0.306,0.004,0.538,0.03,0.0,0.894,0.445,0.1,1.153,0.215,0.623,0.44,0.447,0.331,0.809,0.598,0.479,0.484,0.933,0.747,0.593,0.64
14,7,fiction,19960,8.7202,1.067,9.9443,0.0,0.3683,5.9599,3.4661,2.4938,2.0404,56,0.306,0.0038,0.584,0.017,0.0,0.885,0.423,0.066,1.363,0.205,0.6,0.399,0.424,0.285,0.78,0.555,0.451,0.432,0.911,0.708,0.56,0.592
14,7,math,19960,8.9875,1.1,9.9443,0.0,0.3683,5.9599,3.4661,2.4938,2.0404,56,0.306,0.0039,0.654,0.124,0.0,0.896,0.435,0.085,1.402,0.215,0.612,0.401,0.404,0.304,0.79,0.557,0.443,0.458,0.917,0.691,0.564,0.614
14,7,news,19960,8.7093,1.066,9.9443,0.0,0.3683,5.9599,3.4661,2.4938,2.0404,56,0.306,0.004,0.519,0.067,0.0,0.723,0.483,0.105,1.45,0.214,0.714,0.566,0.588,0.25,0.869,0.715,0.623,0.374,0.96,0.828,0.699,0.506
14,7,val,5988,8.1711,1.0,9.9443,0.0,0.3683,5.9599,3.4661,2.4938,2.0404,56,0.306,0.0042,0.612,0.188,0.0,0.807,0.464,0.136,1.496,0.202,0.641,0.488,0.482,0.246,0.799,0.62,0.542,0.377,0.916,0.758,0.626,0.526
14,8,code,19960,7.7437,1.201,6.9498,0.0,0.4345,5.926,3.3199,2.6061,1.7926,50,0.463,0.004,0.658,0.017,0.0,0.819,0.544,0.08,0.997,0.218,0.638,0.553,0.573,0.295,0.79,0.683,0.612,0.403,0.897,0.769,0.641,0.528
14,8,dialogue,19960,7.2926,1.131,6.9498,0.0,0.4345,5.926,3.3199,2.6061,1.7926,50,0.463,0.0048,0.443,0.149,0.0,0.769,0.445,0.06,0.932,0.13,0.664,0.605,0.626,0.171,0.774,0.696,0.652,0.254,0.872,0.759,0.68,0.379
14,8,fiction,19960,7.3939,1.147,6.9498,0.0,0.4345,5.926,3.3199,2.6061,1.7926,50,0.463,0.005,0.68,0.168,0.0,0.849,0.336,0.128,1.308,0.128,0.627,0.536,0.568,0.153,0.745,0.641,0.624,0.242,0.855,0.721,0.672,0.38
14,8,math,19960,7.218,1.12,6.9498,0.0,0.4345,5.926,3.3199,2.6061,1.7926,50,0.463,0.0041,0.646,0.151,0.0,0.806,0.456,0.116,1.03,0.216,0.644,0.558,0.567,0.273,0.776,0.665,0.621,0.37,0.88,0.744,0.654,0.49
14,8,news,19960,6.8476,1.062,6.9498,0.0,0.4345,5.926,3.3199,2.6061,1.7926,50,0.463,0.004,0.519,0.067,0.0,0.861,0.407,0.093,1.436,0.159,0.643,0.565,0.568,0.176,0.775,0.664,0.613,0.275,0.885,0.753,0.678,0.401
14,8,val,5988,6.4464,1.0,6.9498,0.0,0.4345,5.926,3.3199,2.6061,1.7926,50,0.463,0.0042,0.612,0.188,0.0,0.851,0.448,0.095,1.437,0.154,0.626,0.55,0.547,0.167,0.742,0.642,0.598,0.254,0.851,0.743,0.68,0.374
14,9,code,19960,7.8475,1.117,8.0244,0.0,0.3586,5.8856,3.687,2.1986,1.5894,57,0.531,0.004,0.658,0.017,0.0,0.28,0.187,0.161,1.472,0.086,0.838,0.758,0.784,0.114,0.907,0.801,0.788,0.17,0.957,0.845,0.822,0.268
14,9,dialogue,19960,7.9761,1.135,8.0244,0.0,0.3586,5.8856,3.687,2.1986,1.5894,57,0.531,0.004,0.538,0.03,0.0,0.573,0.306,0.134,1.29,0.142,0.752,0.673,0.692,0.181,0.861,0.73,0.712,0.261,0.933,0.812,0.752,0.37
14,9,fiction,19960,7.6186,1.084,8.0244,0.0,0.3586,5.8856,3.687,2.1986,1.5894,57,0.531,0.0047,0.66,0.16,0.0,0.434,0.287,0.084,1.521,0.091,0.778,0.686,0.717,0.121,0.858,0.733,0.731,0.189,0.925,0.809,0.765,0.3
14,9,math,19960,7.5919,1.08,8.0244,0.0,0.3586,5.8856,3.687,2.1986,1.5894,57,0.531,0.0039,0.654,0.124,0.0,0.543,0.295,0.139,1.482,0.143,0.746,0.637,0.649,0.169,0.847,0.699,0.671,0.254,0.926,0.775,0.713,0.372
14,9,news,19960,7.86,1.118,8.0244,0.0,0.3586,5.8856,3.687,2.1986,1.5894,57,0.531,0.004,0.519,0.067,0.0,0.474,0.44,0.186,1.469,0.173,0.807,0.702,0.71,0.177,0.908,0.786,0.745,0.263,0.965,0.862,0.78,0.36
14,9,val,5988,7.0273,1.0,8.0244,0.0,0.3586,5.8856,3.687,2.1986,1.5894,57,0.531,0.0042,0.612,0.188,0.0,0.539,0.472,0.202,1.676,0.115,0.759,0.659,0.66,0.127,0.851,0.736,0.712,0.202,0.925,0.821,0.769,0.307
14,10,code,19960,8.21,1.113,9.0631,0.0,0.444,5.9688,3.0036,2.9653,2.3189,52,0.57,0.004,0.658,0.017,0.0,0.408,0.295,0.133,1.164,0.111,0.791,0.704,0.744,0.143,0.878,0.78,0.77,0.222,0.941,0.841,0.804,0.331
14,10,dialogue,19960,8.6256,1.17,9.0631,0.0,0.444,5.9688,3.0036,2.9653,2.3189,52,0.57,0.004,0.538,0.03,0.0,0.58,0.645,0.077,0.811,0.241,0.754,0.653,0.675,0.291,0.876,0.78,0.705,0.392,0.944,0.864,0.732,0.485
14,10,fiction,19960,8.2058,1.113,9.0631,0.0,0.444,5.9688,3.0036,2.9653,2.3189,52,0.57,0.005,0.68,0.168,0.0,0.578,0.617,0.058,0.936,0.209,0.748,0.639,0.666,0.261,0.867,0.765,0.694,0.366,0.939,0.862,0.73,0.482
14,10,math,19960,8.0881,1.097,9.0631,0.0,0.444,5.9688,3.0036,2.9653,2.3189,52,0.57,0.004,0.662,0.133,0.0,0.525,0.508,0.124,1.044,0.188,0.757,0.649,0.667,0.227,0.866,0.752,0.705,0.325,0.937,0.842,0.752,0.428
14,10,news,19960,7.9809,1.082,9.0631,0.0,0.444,5.9688,3.0036,2.9653,2.3189,52,0.57,0.004,0.519,0.067,0.0,0.323,0.605,0.182,1.282,0.164,0.842,0.755,0.772,0.17,0.932,0.855,0.808,0.252,0.978,0.92,0.839,0.342
14,10,val,5988,7.3744,1.0,9.0631,0.0,0.444,5.9688,3.0036,2.9653,2.3189,52,0.57,0.0042,0.612,0.188,0.0,0.474,0.535,0.165,1.279,0.174,0.786,0.692,0.692,0.181,0.88,0.787,0.745,0.27,0.944,0.87,0.789,0.361
14,11,code,19960,8.1273,1.103,7.4923,0.0,0.2773,5.9353,4.2606,1.6748,1.2579,52,0.201,0.004,0.658,0.017,0.0,0.916,0.226,0.13,2.352,0.329,0.665,0.354,0.37,0.235,0.8,0.457,0.455,0.349,0.902,0.561,0.568,0.509
14,11,dialogue,19960,7.6422,1.037,7.4923,0.0,0.2773,5.9353,4.2606,1.6748,1.2579,52,0.201,0.004,0.538,0.03,0.0,0.873,0.278,0.099,2.125,0.257,0.678,0.472,0.5,0.198,0.795,0.578,0.552,0.272,0.893,0.667,0.671,0.394
14,11,fiction,19960,7.6525,1.038,7.4923,0.0,0.2773,5.9353,4.2606,1.6748,1.2579,52,0.201,0.0048,0.663,0.16,0.0,0.855,0.233,0.108,2.063,0.295,0.7,0.484,0.515,0.207,0.805,0.584,0.571,0.296,0.892,0.667,0.65,0.414
14,11,math,19960,7.9892,1.084,7.4923,0.0,0.2773,5.9353,4.2606,1.6748,1.2579,52,0.201,0.004,0.658,0.133,0.0,0.913,0.213,0.145,2.308,0.359,0.675,0.363,0.371,0.256,0.803,0.461,0.454,0.373,0.9,0.567,0.547,0.511
14,11,news,19960,7.7228,1.048,7.4923,0.0,0.2773,5.9353,4.2606,1.6748,1.2579,52,0.201,0.004,0.519,0.067,0.0,0.845,0.265,0.09,2.386,0.422,0.749,0.433,0.447,0.235,0.866,0.548,0.503,0.34,0.94,0.655,0.588,0.477
14,11,val,5988,7.37,1.0,7.4923,0.0,0.2773,5.9353,4.2606,1.6748,1.2579,52,0.201,0.0042,0.612,0.188,0.0,0.891,0.282,0.095,2.469,0.411,0.709,0.377,0.374,0.236,0.822,0.491,0.441,0.333,0.904,0.619,0.537,0.46
14,12,code,19960,8.3051,1.243,11.4563,0.0,0.5761,5.9349,2.3199,3.615,2.982,20,0.407,0.004,0.658,0.017,0.0,0.466,0.683,0.066,0.651,0.289,0.842,0.64,0.673,0.354,0.949,0.801,0.697,0.469,0.986,0.938,0.741,0.539
14,12,dialogue,19960,7.8484,1.174,11.4563,0.0,0.5761,5.9349,2.3199,3.615,2.982,20,0.407,0.004,0.538,0.03,0.0,0.643,0.758,0.06,0.546,0.394,0.827,0.537,0.535,0.547,0.949,0.78,0.565,0.711,0.988,0.949,0.627,0.771
14,12,fiction,19960,7.4611,1.116,11.4563,0.0,0.5761,5.9349,2.3199,3.615,2.982,20,0.407,0.0038,0.584,0.017,0.0,0.826,0.8,0.225,0.688,0.295,0.696,0.455,0.461,0.409,0.876,0.726,0.524,0.6,0.966,0.908,0.638,0.722
14,12,math,19960,7.3147,1.094,11.4563,0.0,0.5761,5.9349,2.3199,3.615,2.982,20,0.407,0.0039,0.654,0.124,0.0,0.723,0.777,0.129,0.612,0.322,0.746,0.538,0.538,0.426,0.914,0.768,0.584,0.589,0.98,0.932,0.675,0.686
14,12,news,19960,7.311,1.094,11.4563,0.0,0.5761,5.9349,2.3199,3.615,2.982,20,0.407,0.004,0.519,0.067,0.0,0.6,0.797,0.099,0.701,0.258,0.793,0.618,0.625,0.351,0.948,0.822,0.66,0.504,0.993,0.961,0.722,0.593
14,12,val,5988,6.684,1.0,11.4563,0.0,0.5761,5.9349,2.3199,3.615,2.982,20,0.407,0.0042,0.612,0.188,0.0,0.656,0.809,0.212,0.747,0.239,0.755,0.614,0.602,0.305,0.906,0.804,0.664,0.452,0.974,0.935,0.744,0.56
14,13,code,19960,7.9185,1.079,9.1442,0.0,0.3501,5.9447,3.4867,2.4579,2.1378,37,0.368,0.004,0.65,0.03,0.0,0.486,0.467,0.312,1.393,0.09,0.797,0.64,0.7,0.114,0.895,0.777,0.766,0.189,0.958,0.863,0.817,0.314
14,13,dialogue,19960,7.4683,1.017,9.1442,0.0,0.3501,5.9447,3.4867,2.4579,2.1378,37,0.368,0.004,0.538,0.03,0.0,0.802,0.483,0.282,1.413,0.129,0.664,0.506,0.532,0.144,0.803,0.652,0.633,0.245,0.908,0.782,0.706,0.399
14,13,fiction,19960,7.475,1.018,9.1442,0.0,0.3501,5.9447,3.4867,2.4579,2.1378,37,0.368,0.0039,0.577,0.034,0.0,0.812,0.53,0.332,1.475,0.142,0.658,0.452,0.487,0.151,0.806,0.625,0.61,0.256,0.914,0.785,0.714,0.416
14,13,math,19960,7.5927,1.034,9.1442,0.0,0.3501,5.9447,3.4867,2.4579,2.1378,37,0.368,0.004,0.646,0.141,0.0,0.586,0.463,0.208,1.32,0.122,0.761,0.586,0.615,0.158,0.871,0.711,0.682,0.253,0.946,0.825,0.746,0.387
14,13,news,19960,7.7946,1.062,9.1442,0.0,0.3501,5.9447,3.4867,2.4579,2.1378,37,0.368,0.004,0.519,0.067,0.0,0.681,0.699,0.253,1.215,0.237,0.78,0.562,0.564,0.252,0.912,0.771,0.642,0.39,0.971,0.893,0.713,0.533
14,13,val,5988,7.34,1.0,9.1442,0.0,0.3501,5.9447,3.4867,2.4579,2.1378,37,0.368,0.0042,0.612,0.188,0.0,0.782,0.603,0.335,1.344,0.204,0.706,0.507,0.491,0.214,0.841,0.679,0.614,0.332,0.932,0.81,0.697,0.466
14,14,code,19960,7.7041,1.244,7.155,0.0,0.2642,5.8811,3.8404,2.0407,1.7094,63,0.624,0.004,0.658,0.017,0.0,0.348,0.426,0.071,1.388,0.157,0.844,0.711,0.731,0.172,0.921,0.786,0.743,0.25,0.964,0.873,0.787,0.365
14,14,dialogue,19960,7.302,1.179,7.155,0.0,0.2642,5.8811,3.8404,2.0407,1.7094,63,0.624,0.004,0.538,0.03,0.0,0.517,0.478,0.052,1.093,0.194,0.77,0.652,0.668,0.232,0.885,0.738,0.685,0.329,0.949,0.85,0.726,0.443
14,14,fiction,19960,6.9452,1.121,7.155,0.0,0.2642,5.8811,3.8404,2.0407,1.7094,63,0.624,0.0038,0.584,0.017,0.0,0.429,0.411,0.09,1.481,0.11,0.77,0.684,0.705,0.128,0.854,0.743,0.731,0.2,0.921,0.836,0.762,0.302
14,14,math,19960,7.0392,1.136,7.155,0.0,0.2642,5.8811,3.8404,2.0407,1.7094,63,0.624,0.0039,0.654,0.124,0.0,0.434,0.466,0.138,1.427,0.167,0.783,0.668,0.675,0.177,0.879,0.747,0.707,0.267,0.942,0.845,0.752,0.378
14,14,news,19960,6.8427,1.105,7.155,0.0,0.2642,5.8811,3.8404,2.0407,1.7094,63,0.624,0.004,0.519,0.067,0.0,0.284,0.438,0.23,1.839,0.098,0.843,0.767,0.771,0.094,0.912,0.826,0.802,0.153,0.96,0.888,0.831,0.246
14,14,val,5988,6.1944,1.0,7.155,0.0,0.2642,5.8811,3.8404,2.0407,1.7094,63,0.624,0.0042,0.612,0.188,0.0,0.436,0.436,0.202,1.888,0.116,0.77,0.69,0.689,0.11,0.852,0.766,0.737,0.182,0.923,0.844,0.785,0.276
14,15,code,19960,6.3245,1.365,6.4353,0.0,0.3943,5.8887,3.2288,2.6599,2.1977,12,0.266,0.004,0.658,0.017,0.0,0.351,0.16,0.122,1.387,0.069,0.812,0.662,0.725,0.099,0.888,0.712,0.742,0.161,0.948,0.789,0.771,0.271
14,15,dialogue,19960,5.7753,1.246,6.4353,0.0,0.3943,5.8887,3.2288,2.6599,2.1977,12,0.266,0.004,0.538,0.03,0.0,0.835,0.366,0.109,1.044,0.13,0.513,0.403,0.42,0.197,0.661,0.498,0.462,0.297,0.81,0.658,0.534,0.434
14,15,fiction,19960,6.0604,1.308,6.4353,0.0,0.3943,5.8887,3.2288,2.6599,2.1977,12,0.266,0.0048,0.542,0.205,0.0,0.63,0.473,0.205,1.332,0.084,0.722,0.605,0.644,0.146,0.833,0.712,0.698,0.238,0.924,0.826,0.779,0.368
14,15,math,19960,5.5366,1.195,6.4353,0.0,0.3943,5.8887,3.2288,2.6599,2.1977,12,0.266,0.0039,0.654,0.124,0.0,0.819,0.48,0.294,1.117,0.132,0.601,0.425,0.437,0.238,0.754,0.56,0.54,0.36,0.883,0.731,0.639,0.511
14,15,news,19960,6.0246,1.3,6.4353,0.0,0.3943,5.8887,3.2288,2.6599,2.1977,12,0.266,0.004,0.519,0.067,0.0,0.69,0.396,0.07,0.634,0.257,0.731,0.574,0.586,0.414,0.872,0.657,0.607,0.548,0.949,0.807,0.647,0.649
14,15,val,5988,4.635,1.0,6.4353,0.0,0.3943,5.8887,3.2288,2.6599,2.1977,12,0.266,0.0042,0.612,0.188,0.0,0.874,0.606,0.258,1.187,0.114,0.519,0.404,0.396,0.169,0.673,0.557,0.51,0.283,0.826,0.739,0.632,0.437
15,0,code,19960,8.477,1.298,7.258,0.0,0.1819,5.9092,4.3367,1.5725,1.3639,30,0.38,0.004,0.658,0.017,0.0,0.559,0.175,0.297,1.927,0.089,0.754,0.67,0.668,0.122,0.856,0.698,0.678,0.194,0.932,0.739,0.752,0.314
15,0,dialogue,19960,8.2984,1.271,7.258,0.0,0.1819,5.9092,4.3367,1.5725,1.3639,30,0.38,0.004,0.538,0.03,0.0,0.832,0.307,0.457,2.194,0.082,0.629,0.532,0.531,0.103,0.752,0.601,0.576,0.169,0.862,0.674,0.694,0.277
15,0,fiction,19960,7.8786,1.207,7.258,0.0,0.1819,5.9092,4.3367,1.5725,1.3639,30,0.38,0.0038,0.584,0.017,0.0,0.725,0.166,0.228,2.13,0.086,0.678,0.575,0.574,0.098,0.781,0.62,0.605,0.164,0.877,0.672,0.679,0.273
15,0,math,19960,7.8539,1.203,7.258,0.0,0.1819,5.9092,4.3367,1.5725,1.3639,30,0.38,0.0039,0.654,0.124,0.0,0.786,0.253,0.254,2.04,0.126,0.634,0.501,0.5,0.157,0.769,0.574,0.544,0.253,0.882,0.645,0.649,0.387
15,0,news,19960,7.5063,1.15,7.258,0.0,0.1819,5.9092,4.3367,1.5725,1.3639,30,0.38,0.004,0.519,0.067,0.0,0.5,0.187,0.163,2.091,0.135,0.764,0.677,0.676,0.108,0.846,0.718,0.706,0.171,0.916,0.761,0.755,0.251
15,0,val,5988,6.5299,1.0,7.258,0.0,0.1819,5.9092,4.3367,1.5725,1.3639,30,0.38,0.0042,0.612,0.188,0.0,0.82,0.377,0.341,2.074,0.101,0.598,0.459,0.459,0.099,0.715,0.552,0.548,0.167,0.83,0.65,0.638,0.276
15,1,code,19960,8.0228,1.209,8.5574,0.0,0.4724,5.9179,3.0809,2.837,1.595,25,0.567,0.004,0.658,0.017,0.0,0.463,0.454,0.157,1.387,0.209,0.808,0.66,0.686,0.227,0.898,0.778,0.73,0.317,0.953,0.848,0.754,0.411
15,1,dialogue,19960,7.0955,1.069,8.5574,0.0,0.4724,5.9179,3.0809,2.837,1.595,25,0.567,0.004,0.538,0.03,0.0,0.362,0.509,0.385,0.94,0.119,0.822,0.753,0.772,0.151,0.903,0.844,0.833,0.214,0.954,0.904,0.851,0.304
15,1,fiction,19960,7.0835,1.068,8.5574,0.0,0.4724,5.9179,3.0809,2.837,1.595,25,0.567,0.0038,0.584,0.017,0.0,0.296,0.464,0.178,1.007,0.142,0.846,0.745,0.774,0.175,0.921,0.844,0.805,0.245,0.963,0.905,0.826,0.331
15,1,math,19960,7.3121,1.102,8.5574,0.0,0.4724,5.9179,3.0809,2.837,1.595,25,0.567,0.0039,0.654,0.124,0.0,0.465,0.534,0.228,1.136,0.229,0.805,0.67,0.68,0.263,0.901,0.789,0.732,0.358,0.957,0.861,0.77,0.451
15,1,news,19960,7.0483,1.062,8.5574,0.0,0.4724,5.9179,3.0809,2.837,1.595,25,0.567,0.004,0.519,0.067,0.0,0.236,0.524,0.19,1.218,0.146,0.882,0.801,0.81,0.156,0.942,0.876,0.844,0.218,0.975,0.918,0.868,0.281
15,1,val,5988,6.6349,1.0,8.5574,0.0,0.4724,5.9179,3.0809,2.837,1.595,25,0.567,0.0042,0.612,0.188,0.0,0.421,0.54,0.282,1.295,0.181,0.821,0.704,0.704,0.194,0.904,0.8,0.757,0.281,0.957,0.87,0.813,0.371
15,2,code,19960,8.2918,1.167,8.1322,0.0,0.3683,5.9193,3.9338,1.9855,1.3849,34,0.263,0.004,0.65,0.029,0.0,0.911,0.266,0.245,1.795,0.139,0.558,0.402,0.424,0.201,0.728,0.524,0.535,0.316,0.871,0.601,0.583,0.482
15,2,dialogue,19960,7.6526,1.077,8.1322,0.0,0.3683,5.9193,3.9338,1.9855,1.3849,34,0.263,0.004,0.538,0.03,0.0,0.961,0.329,0.19,1.659,0.132,0.503,0.37,0.384,0.217,0.694,0.497,0.483,0.332,0.854,0.591,0.516,0.504
15,2,fiction,19960,7.6996,1.084,8.1322,0.0,0.3683,5.9193,3.9338,1.9855,1.3849,34,0.263,0.0047,0.66,0.16,0.0,0.905,0.269,0.114,1.627,0.14,0.531,0.394,0.42,0.22,0.705,0.504,0.486,0.347,0.856,0.593,0.517,0.514
15,2,math,19960,8.0028,1.127,8.1322,0.0,0.3683,5.9193,3.9338,1.9855,1.3849,34,0.263,0.0039,0.654,0.124,0.0,0.952,0.287,0.201,1.806,0.149,0.503,0.35,0.348,0.219,0.681,0.464,0.459,0.348,0.84,0.564,0.505,0.507
15,2,news,19960,7.6697,1.08,8.1322,0.0,0.3683,5.9193,3.9338,1.9855,1.3849,34,0.263,0.004,0.519,0.067,0.0,0.893,0.391,0.127,1.665,0.215,0.616,0.461,0.468,0.252,0.798,0.6,0.536,0.391,0.919,0.713,0.578,0.552
15,2,val,5988,7.1025,1.0,8.1322,0.0,0.3683,5.9193,3.9338,1.9855,1.3849,34,0.263,0.0042,0.612,0.188,0.0,0.936,0.364,0.22,1.785,0.157,0.516,0.383,0.376,0.187,0.68,0.502,0.48,0.298,0.832,0.622,0.575,0.451
15,3,code,19960,7.732,1.047,11.3602,0.0,0.5458,5.9624,2.3889,3.5736,2.7337,34,0.478,0.004,0.658,0.017,0.0,0.37,0.576,0.096,0.995,0.183,0.826,0.745,0.76,0.207,0.925,0.831,0.777,0.29,0.975,0.923,0.813,0.379
15,3,dialogue,19960,7.6413,1.035,11.3602,0.0,0.5458,5.9624,2.3889,3.5736,2.7337,34,0.478,0.004,0.538,0.03,0.0,0.434,0.7,0.087,0.758,0.374,0.798,0.73,0.734,0.407,0.925,0.845,0.754,0.494,0.975,0.933,0.79,0.565
15,3,fiction,19960,7.5507,1.023,11.3602,0.0,0.5458,5.9624,2.3889,3.5736,2.7337,34,0.478,0.0038,0.584,0.017,0.0,0.556,0.693,0.102,0.864,0.37,0.773,0.658,0.668,0.413,0.912,0.802,0.698,0.524,0.974,0.924,0.748,0.611
15,3,math,19960,7.7416,1.048,11.3602,0.0,0.5458,5.9624,2.3889,3.5736,2.7337,34,0.478,0.0039,0.654,0.124,0.0,0.57,0.61,0.153,0.977,0.318,0.772,0.653,0.654,0.353,0.909,0.777,0.694,0.468,0.972,0.905,0.76,0.56
15,3,news,19960,7.5534,1.023,11.3602,0.0,0.5458,5.9624,2.3889,3.5736,2.7337,34,0.478,0.004,0.519,0.067,0.0,0.453,0.672,0.144,0.897,0.353,0.818,0.719,0.718,0.375,0.941,0.842,0.747,0.473,0.986,0.944,0.792,0.544
15,3,val,5988,7.3844,1.0,11.3602,0.0,0.5458,5.9624,2.3889,3.5736,2.7337,34,0.478,0.0042,0.612,0.188,0.0,0.444,0.667,0.158,0.885,0.303,0.821,0.711,0.708,0.337,0.936,0.834,0.745,0.441,0.982,0.937,0.794,0.516
15,4,code,19960,7.4622,1.065,12.5273,0.0,0.869,5.9703,0.7692,5.2011,4.7063,40,0.543,0.004,0.658,0.017,0.0,0.044,0.994,0.101,0.14,0.353,0.962,0.918,0.949,0.376,0.996,0.991,0.951,0.398,0.999,0.998,0.954,0.436
15,4,dialogue,19960,6.8472,0.978,12.5273,0.0,0.869,5.9703,0.7692,5.2011,4.7063,40,0.543,0.004,0.538,0.03,0.0,0.02,0.995,0.293,0.141,0.32,0.968,0.938,0.962,0.33,0.995,0.991,0.965,0.352,0.998,0.997,0.968,0.394
15,4,fiction,19960,6.8043,0.971,12.5273,0.0,0.869,5.9703,0.7692,5.2011,4.7063,40,0.543,0.0038,0.584,0.017,0.0,0.069,0.991,0.081,0.141,0.353,0.948,0.898,0.925,0.386,0.99,0.982,0.928,0.411,0.997,0.994,0.933,0.449
15,4,math,19960,7.0806,1.011,12.5273,0.0,0.869,5.9703,0.7692,5.2011,4.7063,40,0.543,0.0039,0.654,0.124,0.0,0.077,0.982,0.104,0.145,0.446,0.956,0.913,0.926,0.476,0.993,0.984,0.93,0.501,0.998,0.996,0.936,0.538
15,4,news,19960,6.959,0.994,12.5273,0.0,0.869,5.9703,0.7692,5.2011,4.7063,40,0.543,0.004,0.519,0.067,0.0,0.071,0.985,0.152,0.146,0.351,0.952,0.921,0.927,0.385,0.994,0.987,0.932,0.412,0.998,0.997,0.939,0.452
15,4,val,5988,7.0044,1.0,12.5273,0.0,0.869,5.9703,0.7692,5.2011,4.7063,40,0.543,0.0042,0.612,0.188,0.0,0.101,0.987,0.12,0.148,0.387,0.954,0.916,0.915,0.435,0.993,0.984,0.921,0.467,0.998,0.996,0.93,0.511
15,5,code,19960,9.8348,1.184,9.584,0.0,0.2442,5.8602,4.0785,1.7818,1.4209,26,0.566,0.004,0.658,0.017,0.0,0.571,0.318,0.274,1.828,0.068,0.788,0.608,0.624,0.111,0.892,0.691,0.683,0.19,0.956,0.759,0.727,0.318
15,5,dialogue,19960,8.5725,1.032,9.584,0.0,0.2442,5.8602,4.0785,1.7818,1.4209,26,0.566,0.004,0.538,0.03,0.0,0.483,0.339,0.257,1.703,0.044,0.804,0.662,0.68,0.074,0.891,0.74,0.728,0.135,0.951,0.786,0.763,0.252
15,5,fiction,19960,8.4081,1.013,9.584,0.0,0.2442,5.8602,4.0785,1.7818,1.4209,26,0.566,0.0038,0.584,0.017,0.0,0.368,0.339,0.249,1.657,0.04,0.821,0.711,0.729,0.058,0.889,0.779,0.775,0.111,0.945,0.825,0.797,0.206
15,5,math,19960,9.325,1.123,9.584,0.0,0.2442,5.8602,4.0785,1.7818,1.4209,26,0.566,0.0039,0.654,0.124,0.0,0.724,0.371,0.317,1.892,0.08,0.717,0.492,0.496,0.132,0.84,0.602,0.591,0.224,0.927,0.692,0.642,0.357
15,5,news,19960,8.8197,1.062,9.584,0.0,0.2442,5.8602,4.0785,1.7818,1.4209,26,0.566,0.004,0.519,0.067,0.0,0.319,0.321,0.223,1.927,0.059,0.868,0.762,0.764,0.074,0.93,0.816,0.803,0.124,0.969,0.865,0.844,0.206
15,5,val,5988,8.3043,1.0,9.584,0.0,0.2442,5.8602,4.0785,1.7818,1.4209,26,0.566,0.0042,0.612,0.188,0.0,0.565,0.392,0.334,1.855,0.072,0.787,0.622,0.62,0.093,0.878,0.713,0.701,0.152,0.941,0.802,0.775,0.241
15,6,code,19960,9.4116,1.158,8.6778,0.0,0.1983,5.907,4.3283,1.5788,1.3615,20,0.541,0.004,0.658,0.017,0.0,0.561,0.308,0.205,1.913,0.102,0.771,0.617,0.616,0.12,0.877,0.69,0.663,0.202,0.948,0.762,0.748,0.33
15,6,dialogue,19960,8.3653,1.029,8.6778,0.0,0.1983,5.907,4.3283,1.5788,1.3615,20,0.541,0.004,0.538,0.03,0.0,0.517,0.273,0.206,1.672,0.077,0.76,0.684,0.682,0.089,0.85,0.733,0.731,0.145,0.927,0.777,0.775,0.239
15,6,fiction,19960,8.5137,1.048,8.6778,0.0,0.1983,5.907,4.3283,1.5788,1.3615,20,0.541,0.0038,0.584,0.017,0.0,0.469,0.214,0.102,1.816,0.105,0.786,0.699,0.697,0.125,0.874,0.743,0.735,0.193,0.942,0.795,0.784,0.29
15,6,math,19960,8.7994,1.083,8.6778,0.0,0.1983,5.907,4.3283,1.5788,1.3615,20,0.541,0.0039,0.654,0.124,0.0,0.612,0.326,0.189,2.032,0.162,0.752,0.586,0.585,0.171,0.863,0.673,0.646,0.253,0.938,0.753,0.732,0.366
15,6,news,19960,8.5317,1.05,8.6778,0.0,0.1983,5.907,4.3283,1.5788,1.3615,20,0.541,0.004,0.519,0.067,0.0,0.227,0.324,0.253,2.11,0.112,0.871,0.805,0.804,0.096,0.928,0.846,0.84,0.14,0.966,0.889,0.879,0.2
15,6,val,5988,8.1257,1.0,8.6778,0.0,0.1983,5.907,4.3283,1.5788,1.3615,20,0.541,0.0042,0.612,0.188,0.0,0.599,0.307,0.261,2.186,0.138,0.763,0.616,0.616,0.127,0.86,0.687,0.675,0.192,0.93,0.776,0.763,0.283
15,7,code,19960,6.6678,1.049,11.2749,0.0,0.7999,5.9678,1.2362,4.7317,3.2426,9,0.547,0.004,0.658,0.017,0.0,0.07,0.831,0.108,0.232,0.135,0.94,0.875,0.919,0.168,0.979,0.964,0.926,0.219,0.993,0.983,0.933,0.286
15,7,dialogue,19960,6.596,1.038,11.2749,0.0,0.7999,5.9678,1.2362,4.7317,3.2426,9,0.547,0.004,0.538,0.03,0.0,0.155,0.868,0.084,0.176,0.347,0.897,0.846,0.866,0.404,0.977,0.951,0.876,0.448,0.993,0.984,0.887,0.492
15,7,fiction,19960,6.6483,1.046,11.2749,0.0,0.7999,5.9678,1.2362,4.7317,3.2426,9,0.547,0.0038,0.584,0.017,0.0,0.346,0.855,0.047,0.31,0.389,0.857,0.758,0.779,0.477,0.963,0.919,0.788,0.551,0.99,0.973,0.81,0.6
15,7,math,19960,6.5799,1.035,11.2749,0.0,0.7999,5.9678,1.2362,4.7317,3.2426,9,0.547,0.0039,0.654,0.124,0.0,0.242,0.812,0.079,0.283,0.315,0.889,0.808,0.824,0.379,0.966,0.927,0.836,0.44,0.989,0.971,0.857,0.5
15,7,news,19960,6.3671,1.002,11.2749,0.0,0.7999,5.9678,1.2362,4.7317,3.2426,9,0.547,0.004,0.519,0.067,0.0,0.17,0.855,0.117,0.326,0.266,0.908,0.853,0.866,0.319,0.98,0.953,0.877,0.376,0.996,0.988,0.894,0.428
15,7,val,5988,6.3568,1.0,11.2749,0.0,0.7999,5.9678,1.2362,4.7317,3.2426,9,0.547,0.0042,0.612,0.188,0.0,0.257,0.847,0.122,0.351,0.283,0.885,0.821,0.818,0.351,0.967,0.93,0.836,0.416,0.991,0.976,0.863,0.479
15,8,code,19960,9.816,1.262,8.516,0.0,0.3045,5.8941,4.3557,1.5383,0.9883,34,0.354,0.004,0.658,0.017,0.0,0.738,0.132,0.24,2.115,0.084,0.733,0.514,0.52,0.166,0.866,0.558,0.606,0.255,0.949,0.624,0.629,0.391
15,8,dialogue,19960,8.348,1.074,8.516,0.0,0.3045,5.8941,4.3557,1.5383,0.9883,34,0.354,0.004,0.538,0.03,0.0,0.81,0.204,0.223,2.052,0.055,0.701,0.482,0.482,0.121,0.834,0.549,0.585,0.192,0.926,0.619,0.594,0.32
15,8,fiction,19960,8.1016,1.042,8.516,0.0,0.3045,5.8941,4.3557,1.5383,0.9883,34,0.354,0.0044,0.64,0.151,0.0,0.652,0.162,0.147,1.925,0.054,0.739,0.588,0.588,0.107,0.851,0.636,0.656,0.176,0.932,0.69,0.668,0.3
15,8,math,19960,9.1074,1.171,8.516,0.0,0.3045,5.8941,4.3557,1.5383,0.9883,34,0.354,0.0039,0.654,0.124,0.0,0.816,0.168,0.206,2.029,0.107,0.687,0.421,0.424,0.2,0.829,0.485,0.518,0.304,0.927,0.562,0.553,0.438
15,8,news,19960,8.4578,1.088,8.516,0.0,0.3045,5.8941,4.3557,1.5383,0.9883,34,0.354,0.004,0.519,0.067,0.0,0.561,0.18,0.174,2.13,0.077,0.785,0.649,0.652,0.093,0.875,0.692,0.705,0.147,0.939,0.741,0.744,0.231
15,8,val,5988,7.7764,1.0,8.516,0.0,0.3045,5.8941,4.3557,1.5383,0.9883,34,0.354,0.0042,0.612,0.188,0.0,0.811,0.298,0.239,2.002,0.082,0.678,0.431,0.431,0.123,0.811,0.532,0.513,0.194,0.912,0.649,0.607,0.315
15,9,code,19960,8.4977,1.098,11.3542,0.0,0.7105,5.9748,1.7454,4.2294,2.8243,45,0.72,0.004,0.658,0.017,0.0,0.479,0.661,0.081,0.361,0.25,0.774,0.693,0.715,0.315,0.895,0.837,0.736,0.401,0.957,0.903,0.755,0.475
15,9,dialogue,19960,7.4029,0.957,11.3542,0.0,0.7105,5.9748,1.7454,4.2294,2.8243,45,0.72,0.004,0.538,0.03,0.0,0.071,0.737,0.218,0.425,0.103,0.905,0.859,0.891,0.13,0.954,0.938,0.902,0.181,0.98,0.964,0.913,0.24
15,9,fiction,19960,7.6693,0.991,11.3542,0.0,0.7105,5.9748,1.7454,4.2294,2.8243,45,0.72,0.0038,0.584,0.017,0.0,0.107,0.575,0.077,0.844,0.096,0.898,0.822,0.863,0.117,0.949,0.904,0.871,0.174,0.981,0.951,0.891,0.24
15,9,math,19960,8.0158,1.036,11.3542,0.0,0.7105,5.9748,1.7454,4.2294,2.8243,45,0.72,0.0039,0.654,0.124,0.0,0.348,0.686,0.113,0.446,0.208,0.82,0.74,0.753,0.257,0.912,0.857,0.776,0.339,0.963,0.919,0.8,0.417
15,9,news,19960,8.048,1.04,11.3542,0.0,0.7105,5.9748,1.7454,4.2294,2.8243,45,0.72,0.004,0.519,0.067,0.0,0.074,0.679,0.395,0.544,0.131,0.936,0.897,0.909,0.145,0.976,0.954,0.923,0.19,0.993,0.979,0.936,0.25
15,9,val,5988,7.7377,1.0,11.3542,0.0,0.7105,5.9748,1.7454,4.2294,2.8243,45,0.72,0.0042,0.612,0.188,0.0,0.134,0.719,0.307,0.593,0.159,0.908,0.867,0.866,0.18,0.958,0.924,0.887,0.234,0.985,0.963,0.911,0.307
15,10,code,19960,8.6501,1.186,8.7406,0.0,0.2902,5.9405,4.0729,1.8676,1.4169,58,0.299,0.004,0.658,0.017,0.0,0.729,0.159,0.096,1.626,0.126,0.703,0.55,0.575,0.143,0.835,0.597,0.612,0.238,0.93,0.695,0.654,0.377
15,10,dialogue,19960,7.8862,1.081,8.7406,0.0,0.2902,5.9405,4.0729,1.8676,1.4169,58,0.299,0.004,0.538,0.03,0.0,0.784,0.273,0.129,1.176,0.119,0.703,0.553,0.575,0.159,0.841,0.619,0.617,0.261,0.933,0.76,0.687,0.408
15,10,fiction,19960,8.0118,1.098,8.7406,0.0,0.2902,5.9405,4.0729,1.8676,1.4169,58,0.299,0.0038,0.584,0.017,0.0,0.786,0.145,0.065,1.462,0.116,0.708,0.517,0.553,0.149,0.828,0.565,0.58,0.243,0.92,0.67,0.624,0.399
15,10,math,19960,8.0971,1.11,8.7406,0.0,0.2902,5.9405,4.0729,1.8676,1.4169,58,0.299,0.0039,0.654,0.124,0.0,0.828,0.171,0.054,1.463,0.156,0.652,0.477,0.494,0.204,0.807,0.532,0.526,0.324,0.918,0.667,0.592,0.466
15,10,news,19960,7.725,1.059,8.7406,0.0,0.2902,5.9405,4.0729,1.8676,1.4169,58,0.299,0.004,0.519,0.067,0.0,0.789,0.404,0.147,1.344,0.189,0.697,0.547,0.548,0.212,0.854,0.648,0.602,0.34,0.949,0.776,0.677,0.48
15,10,val,5988,7.2937,1.0,8.7406,0.0,0.2902,5.9405,4.0729,1.8676,1.4169,58,0.299,0.0042,0.612,0.188,0.0,0.856,0.377,0.296,1.578,0.168,0.637,0.463,0.465,0.181,0.793,0.585,0.563,0.297,0.91,0.71,0.659,0.444
15,11,code,19960,6.5797,1.094,10.0652,0.0,0.8171,5.9508,1.0043,4.9464,4.2255,17,0.211,0.004,0.658,0.017,0.0,0.647,0.86,0.052,0.201,0.464,0.711,0.655,0.681,0.559,0.877,0.85,0.701,0.641,0.948,0.925,0.729,0.709
15,11,dialogue,19960,6.029,1.002,10.0652,0.0,0.8171,5.9508,1.0043,4.9464,4.2255,17,0.211,0.004,0.538,0.03,0.0,0.558,0.876,0.055,0.201,0.511,0.748,0.691,0.702,0.626,0.918,0.894,0.719,0.701,0.97,0.958,0.742,0.75
15,11,fiction,19960,6.0281,1.002,10.0652,0.0,0.8171,5.9508,1.0043,4.9464,4.2255,17,0.211,0.0038,0.584,0.017,0.0,0.717,0.898,0.047,0.235,0.47,0.706,0.629,0.636,0.611,0.895,0.868,0.653,0.715,0.966,0.951,0.683,0.776
15,11,math,19960,6.2353,1.036,10.0652,0.0,0.8171,5.9508,1.0043,4.9464,4.2255,17,0.211,0.0039,0.654,0.124,0.0,0.685,0.88,0.054,0.197,0.514,0.73,0.664,0.659,0.635,0.898,0.867,0.679,0.724,0.962,0.944,0.706,0.784
15,11,news,19960,6.1635,1.024,10.0652,0.0,0.8171,5.9508,1.0043,4.9464,4.2255,17,0.211,0.004,0.519,0.067,0.0,0.611,0.912,0.053,0.205,0.47,0.745,0.677,0.682,0.609,0.926,0.901,0.699,0.699,0.976,0.964,0.723,0.744
15,11,val,5988,6.0167,1.0,10.0652,0.0,0.8171,5.9508,1.0043,4.9464,4.2255,17,0.211,0.0042,0.612,0.188,0.0,0.695,0.888,0.058,0.207,0.465,0.716,0.664,0.654,0.587,0.886,0.858,0.677,0.678,0.956,0.936,0.706,0.749
15,12,code,19960,8.5425,1.138,7.5589,0.0,0.4093,5.9326,3.6683,2.2643,1.5619,27,0.269,0.004,0.658,0.017,0.0,0.847,0.249,0.05,1.98,0.235,0.649,0.481,0.526,0.229,0.796,0.542,0.562,0.342,0.902,0.676,0.624,0.484
15,12,dialogue,19960,8.0016,1.066,7.5589,0.0,0.4093,5.9326,3.6683,2.2643,1.5619,27,0.269,0.0058,0.374,0.253,0.0,0.792,0.345,0.066,1.58,0.315,0.682,0.54,0.564,0.294,0.826,0.621,0.599,0.395,0.918,0.742,0.636,0.527
15,12,fiction,19960,7.7455,1.032,7.5589,0.0,0.4093,5.9326,3.6683,2.2643,1.5619,27,0.269,0.0051,0.686,0.171,0.0,0.804,0.388,0.059,1.341,0.285,0.658,0.524,0.553,0.296,0.799,0.603,0.586,0.403,0.898,0.743,0.649,0.534
15,12,math,19960,8.2553,1.1,7.5589,0.0,0.4093,5.9326,3.6683,2.2643,1.5619,27,0.269,0.0042,0.639,0.151,0.0,0.864,0.363,0.075,1.58,0.297,0.625,0.468,0.483,0.306,0.785,0.562,0.529,0.425,0.898,0.695,0.59,0.561
15,12,news,19960,7.5966,1.012,7.5589,0.0,0.4093,5.9326,3.6683,2.2643,1.5619,27,0.269,0.004,0.519,0.067,0.0,0.781,0.413,0.076,1.636,0.336,0.713,0.55,0.565,0.3,0.863,0.659,0.604,0.422,0.946,0.786,0.651,0.545
15,12,val,5988,7.5057,1.0,7.5589,0.0,0.4093,5.9326,3.6683,2.2643,1.5619,27,0.269,0.0042,0.612,0.188,0.0,0.89,0.381,0.083,1.739,0.335,0.632,0.464,0.461,0.288,0.784,0.573,0.516,0.402,0.894,0.697,0.574,0.536
15,13,code,19960,7.6035,1.062,12.2157,0.0,0.6383,5.9867,2.0343,3.9523,3.1338,44,0.398,0.004,0.658,0.017,0.0,0.102,0.765,0.085,0.575,0.126,0.929,0.826,0.893,0.156,0.974,0.945,0.902,0.211,0.991,0.974,0.909,0.28
15,13,dialogue,19960,7.8961,1.102,12.2157,0.0,0.6383,5.9867,2.0343,3.9523,3.1338,44,0.398,0.004,0.538,0.03,0.0,0.233,0.872,0.073,0.431,0.384,0.876,0.798,0.824,0.437,0.964,0.931,0.836,0.5,0.988,0.975,0.85,0.551
15,13,fiction,19960,7.6774,1.072,12.2157,0.0,0.6383,5.9867,2.0343,3.9523,3.1338,44,0.398,0.0038,0.584,0.017,0.0,0.381,0.837,0.055,0.568,0.417,0.848,0.722,0.744,0.493,0.959,0.903,0.755,0.579,0.99,0.969,0.784,0.634
15,13,math,19960,7.4993,1.047,12.2157,0.0,0.6383,5.9867,2.0343,3.9523,3.1338,44,0.398,0.0039,0.654,0.124,0.0,0.327,0.776,0.079,0.561,0.345,0.87,0.754,0.771,0.417,0.961,0.9,0.785,0.495,0.989,0.964,0.812,0.557
15,13,news,19960,7.5584,1.055,12.2157,0.0,0.6383,5.9867,2.0343,3.9523,3.1338,44,0.398,0.004,0.519,0.067,0.0,0.275,0.87,0.089,0.599,0.315,0.891,0.783,0.796,0.379,0.978,0.93,0.81,0.457,0.996,0.984,0.829,0.509
15,13,val,5988,7.1623,1.0,12.2157,0.0,0.6383,5.9867,2.0343,3.9523,3.1338,44,0.398,0.0042,0.612,0.188,0.0,0.439,0.828,0.082,0.679,0.339,0.849,0.71,0.701,0.427,0.955,0.881,0.719,0.533,0.989,0.965,0.758,0.601
15,14,code,19960,8.6473,1.299,9.9967,0.0,0.6202,5.9502,2.0825,3.8677,3.2507,52,0.544,0.004,0.658,0.017,0.0,0.124,0.423,0.189,0.553,0.114,0.908,0.801,0.876,0.14,0.956,0.906,0.893,0.197,0.983,0.935,0.898,0.291
15,14,dialogue,19960,7.6816,1.154,9.9967,0.0,0.6202,5.9502,2.0825,3.8677,3.2507,52,0.544,0.004,0.538,0.03,0.0,0.334,0.8,0.087,0.534,0.207,0.838,0.738,0.771,0.279,0.928,0.887,0.791,0.359,0.971,0.945,0.816,0.443
15,14,fiction,19960,7.1571,1.075,9.9967,0.0,0.6202,5.9502,2.0825,3.8677,3.2507,52,0.544,0.0048,0.667,0.161,0.0,0.361,0.768,0.075,0.61,0.167,0.832,0.705,0.748,0.24,0.925,0.872,0.766,0.343,0.972,0.943,0.791,0.447
15,14,math,19960,7.4457,1.118,9.9967,0.0,0.6202,5.9502,2.0825,3.8677,3.2507,52,0.544,0.0039,0.654,0.124,0.0,0.351,0.716,0.105,0.593,0.198,0.846,0.719,0.742,0.269,0.93,0.862,0.767,0.363,0.973,0.932,0.798,0.449
15,14,news,19960,7.1887,1.08,9.9967,0.0,0.6202,5.9502,2.0825,3.8677,3.2507,52,0.544,0.004,0.519,0.067,0.0,0.213,0.829,0.169,0.611,0.16,0.899,0.807,0.828,0.208,0.967,0.928,0.849,0.286,0.99,0.971,0.867,0.358
15,14,val,5988,6.6584,1.0,9.9967,0.0,0.6202,5.9502,2.0825,3.8677,3.2507,52,0.544,0.0042,0.612,0.188,0.0,0.383,0.798,0.144,0.657,0.179,0.841,0.729,0.723,0.246,0.923,0.864,0.756,0.347,0.969,0.939,0.797,0.44
15,15,code,19960,8.3271,1.139,10.6465,0.0,0.4631,5.9457,2.9145,3.0311,2.3986,41,0.353,0.004,0.658,0.017,0.0,0.803,0.478,0.103,1.223,0.198,0.682,0.528,0.549,0.245,0.847,0.66,0.583,0.376,0.948,0.81,0.643,0.519
15,15,dialogue,19960,7.7919,1.066,10.6465,0.0,0.4631,5.9457,2.9145,3.0311,2.3986,41,0.353,0.004,0.538,0.03,0.0,0.878,0.718,0.143,0.738,0.286,0.621,0.515,0.524,0.368,0.818,0.689,0.578,0.502,0.935,0.851,0.652,0.633
15,15,fiction,19960,7.8435,1.073,10.6465,0.0,0.4631,5.9457,2.9145,3.0311,2.3986,41,0.353,0.0038,0.584,0.017,0.0,0.806,0.696,0.167,1.058,0.246,0.658,0.522,0.548,0.298,0.833,0.698,0.614,0.431,0.942,0.864,0.696,0.563
15,15,math,19960,7.9147,1.083,10.6465,0.0,0.4631,5.9457,2.9145,3.0311,2.3986,41,0.353,0.0039,0.654,0.124,0.0,0.816,0.633,0.152,0.997,0.286,0.679,0.531,0.535,0.346,0.855,0.696,0.594,0.489,0.953,0.848,0.677,0.615
15,15,news,19960,7.7342,1.058,10.6465,0.0,0.4631,5.9457,2.9145,3.0311,2.3986,41,0.353,0.004,0.519,0.067,0.0,0.66,0.651,0.119,0.971,0.291,0.741,0.631,0.637,0.337,0.911,0.776,0.678,0.469,0.982,0.909,0.728,0.57
15,15,val,5988,7.3102,1.0,10.6465,0.0,0.4631,5.9457,2.9145,3.0311,2.3986,41,0.353,0.0042,0.612,0.188,0.0,0.827,0.643,0.164,1.107,0.288,0.672,0.554,0.542,0.32,0.848,0.71,0.615,0.455,0.948,0.863,0.694,0.58
16,0,code,19960,8.0694,1.061,10.342,0.0,0.6584,5.8715,1.7522,4.1193,3.3755,19,0.434,0.004,0.658,0.017,0.0,0.305,0.703,0.068,0.395,0.256,0.842,0.77,0.8,0.31,0.94,0.891,0.814,0.385,0.977,0.946,0.833,0.463
16,0,dialogue,19960,7.8583,1.033,10.342,0.0,0.6584,5.8715,1.7522,4.1193,3.3755,19,0.434,0.004,0.538,0.03,0.0,0.474,0.773,0.075,0.362,0.289,0.787,0.717,0.732,0.381,0.923,0.86,0.753,0.475,0.973,0.931,0.776,0.554
16,0,fiction,19960,7.6648,1.008,10.342,0.0,0.6584,5.8715,1.7522,4.1193,3.3755,19,0.434,0.0049,0.673,0.162,0.0,0.54,0.81,0.072,0.385,0.281,0.767,0.675,0.693,0.401,0.915,0.85,0.715,0.519,0.972,0.933,0.741,0.617
16,0,math,19960,7.8792,1.036,10.342,0.0,0.6584,5.8715,1.7522,4.1193,3.3755,19,0.434,0.004,0.658,0.124,0.0,0.453,0.76,0.079,0.386,0.366,0.812,0.721,0.732,0.46,0.937,0.871,0.752,0.548,0.979,0.942,0.778,0.617
16,0,news,19960,7.7179,1.015,10.342,0.0,0.6584,5.8715,1.7522,4.1193,3.3755,19,0.434,0.004,0.519,0.067,0.0,0.396,0.832,0.106,0.493,0.283,0.828,0.755,0.759,0.354,0.958,0.908,0.779,0.456,0.993,0.974,0.798,0.524
16,0,val,5988,7.604,1.0,10.342,0.0,0.6584,5.8715,1.7522,4.1193,3.3755,19,0.434,0.0042,0.612,0.188,0.0,0.491,0.766,0.131,0.488,0.307,0.802,0.724,0.721,0.376,0.927,0.868,0.75,0.474,0.973,0.938,0.781,0.554
16,1,code,19960,9.2073,1.155,8.8369,0.0,0.2818,5.9109,4.3744,1.5365,1.0562,51,0.429,0.0042,0.627,0.062,0.0,0.608,0.206,0.158,2.096,0.079,0.747,0.575,0.587,0.105,0.868,0.636,0.612,0.185,0.951,0.705,0.671,0.321
16,1,dialogue,19960,8.5322,1.071,8.8369,0.0,0.2818,5.9109,4.3744,1.5365,1.0562,51,0.429,0.004,0.538,0.03,0.0,0.795,0.313,0.248,2.002,0.093,0.669,0.502,0.511,0.118,0.81,0.586,0.552,0.191,0.917,0.695,0.644,0.327
16,1,fiction,19960,8.6937,1.091,8.8369,0.0,0.2818,5.9109,4.3744,1.5365,1.0562,51,0.429,0.0038,0.584,0.017,0.0,0.714,0.292,0.219,1.893,0.093,0.703,0.541,0.553,0.117,0.83,0.61,0.562,0.202,0.927,0.701,0.654,0.343
16,1,math,19960,8.9047,1.117,8.8369,0.0,0.2818,5.9109,4.3744,1.5365,1.0562,51,0.429,0.0039,0.654,0.124,0.0,0.745,0.317,0.324,1.974,0.098,0.682,0.471,0.472,0.139,0.825,0.542,0.495,0.239,0.928,0.658,0.634,0.383
16,1,news,19960,8.583,1.077,8.8369,0.0,0.2818,5.9109,4.3744,1.5365,1.0562,51,0.429,0.004,0.519,0.067,0.0,0.643,0.359,0.214,1.927,0.127,0.766,0.597,0.598,0.133,0.883,0.686,0.641,0.222,0.955,0.769,0.702,0.349
16,1,val,5988,7.9687,1.0,8.8369,0.0,0.2818,5.9109,4.3744,1.5365,1.0562,51,0.429,0.0042,0.612,0.188,0.0,0.77,0.427,0.356,1.892,0.125,0.687,0.486,0.485,0.138,0.821,0.606,0.578,0.228,0.922,0.732,0.693,0.36
16,2,code,19960,9.0237,1.098,14.5358,0.0,0.7924,5.9988,1.5061,4.4927,2.7513,39,0.505,0.004,0.658,0.017,0.0,0.178,0.8,0.081,0.434,0.306,0.941,0.819,0.855,0.342,0.988,0.948,0.861,0.4,0.996,0.979,0.872,0.444
16,2,dialogue,19960,8.4837,1.033,14.5358,0.0,0.7924,5.9988,1.5061,4.4927,2.7513,39,0.505,0.004,0.538,0.03,0.0,0.042,0.915,0.18,0.186,0.274,0.967,0.912,0.949,0.283,0.993,0.982,0.953,0.31,0.997,0.992,0.958,0.362
16,2,fiction,19960,8.4491,1.028,14.5358,0.0,0.7924,5.9988,1.5061,4.4927,2.7513,39,0.505,0.0038,0.584,0.017,0.0,0.132,0.811,0.079,0.353,0.341,0.952,0.848,0.886,0.372,0.992,0.959,0.891,0.414,0.997,0.984,0.899,0.455
16,2,math,19960,8.3618,1.018,14.5358,0.0,0.7924,5.9988,1.5061,4.4927,2.7513,39,0.505,0.0039,0.654,0.124,0.0,0.161,0.839,0.106,0.309,0.415,0.945,0.854,0.869,0.45,0.99,0.957,0.877,0.492,0.997,0.984,0.888,0.531
16,2,news,19960,8.4303,1.026,14.5358,0.0,0.7924,5.9988,1.5061,4.4927,2.7513,39,0.505,0.004,0.519,0.067,0.0,0.171,0.738,0.112,0.561,0.349,0.949,0.85,0.863,0.371,0.994,0.947,0.87,0.423,0.998,0.98,0.884,0.464
16,2,val,5988,8.2154,1.0,14.5358,0.0,0.7924,5.9988,1.5061,4.4927,2.7513,39,0.505,0.0042,0.612,0.188,0.0,0.235,0.766,0.111,0.551,0.372,0.942,0.82,0.817,0.407,0.991,0.929,0.826,0.475,0.997,0.971,0.85,0.523
16,3,code,19960,8.8578,1.19,8.4072,0.0,0.2304,5.9222,4.4219,1.5003,1.169,44,0.423,0.004,0.65,0.02,0.0,0.635,0.202,0.208,2.204,0.073,0.748,0.591,0.601,0.099,0.865,0.651,0.623,0.171,0.946,0.724,0.693,0.293
16,3,dialogue,19960,7.9717,1.071,8.4072,0.0,0.2304,5.9222,4.4219,1.5003,1.169,44,0.423,0.004,0.538,0.03,0.0,0.734,0.212,0.227,2.165,0.06,0.733,0.576,0.585,0.081,0.849,0.629,0.606,0.138,0.935,0.72,0.679,0.251
16,3,fiction,19960,7.8254,1.051,8.4072,0.0,0.2304,5.9222,4.4219,1.5003,1.169,44,0.423,0.0038,0.584,0.017,0.0,0.645,0.206,0.104,2.071,0.066,0.738,0.594,0.608,0.088,0.846,0.649,0.63,0.158,0.928,0.744,0.666,0.285
16,3,math,19960,8.3009,1.115,8.4072,0.0,0.2304,5.9222,4.4219,1.5003,1.169,44,0.423,0.0039,0.654,0.124,0.0,0.822,0.232,0.142,2.181,0.088,0.668,0.442,0.446,0.13,0.814,0.524,0.476,0.224,0.921,0.638,0.573,0.366
16,3,news,19960,8.0322,1.079,8.4072,0.0,0.2304,5.9222,4.4219,1.5003,1.169,44,0.423,0.004,0.519,0.067,0.0,0.618,0.304,0.112,1.903,0.108,0.764,0.617,0.621,0.13,0.878,0.686,0.642,0.217,0.95,0.767,0.7,0.333
16,3,val,5988,7.4429,1.0,8.4072,0.0,0.2304,5.9222,4.4219,1.5003,1.169,44,0.423,0.0042,0.612,0.188,0.0,0.8,0.371,0.255,2.036,0.105,0.661,0.474,0.474,0.12,0.797,0.58,0.539,0.2,0.907,0.707,0.668,0.322
16,4,code,19960,8.2527,1.222,7.4666,0.0,0.2234,5.9393,4.3461,1.5932,1.2296,34,0.509,0.004,0.658,0.017,0.0,0.596,0.15,0.152,1.783,0.061,0.752,0.592,0.603,0.09,0.862,0.638,0.609,0.161,0.941,0.715,0.736,0.278
16,4,dialogue,19960,7.6405,1.131,7.4666,0.0,0.2234,5.9393,4.3461,1.5932,1.2296,34,0.509,0.004,0.538,0.03,0.0,0.803,0.293,0.358,1.589,0.056,0.705,0.55,0.557,0.093,0.828,0.634,0.601,0.154,0.924,0.723,0.724,0.277
16,4,fiction,19960,7.7348,1.145,7.4666,0.0,0.2234,5.9393,4.3461,1.5932,1.2296,34,0.509,0.0038,0.584,0.017,0.0,0.712,0.248,0.278,1.584,0.061,0.697,0.564,0.577,0.094,0.814,0.649,0.625,0.166,0.911,0.75,0.745,0.276
16,4,math,19960,7.8727,1.166,7.4666,0.0,0.2234,5.9393,4.3461,1.5932,1.2296,34,0.509,0.0039,0.654,0.124,0.0,0.8,0.321,0.385,1.649,0.079,0.664,0.443,0.443,0.118,0.803,0.546,0.493,0.205,0.909,0.685,0.685,0.337
16,4,news,19960,7.3767,1.092,7.4666,0.0,0.2234,5.9393,4.3461,1.5932,1.2296,34,0.509,0.004,0.519,0.067,0.0,0.635,0.332,0.343,1.667,0.097,0.752,0.616,0.618,0.095,0.859,0.704,0.697,0.161,0.936,0.784,0.767,0.264
16,4,val,5988,6.7525,1.0,7.4666,0.0,0.2234,5.9393,4.3461,1.5932,1.2296,34,0.509,0.0042,0.612,0.188,0.0,0.68,0.412,0.365,1.666,0.072,0.715,0.572,0.571,0.085,0.822,0.67,0.653,0.147,0.913,0.781,0.762,0.25
16,5,code,19960,9.541,1.176,9.1753,0.0,0.3148,5.8979,4.294,1.6039,1.0156,49,0.49,0.004,0.65,0.017,0.0,0.655,0.286,0.342,2.158,0.084,0.73,0.565,0.564,0.116,0.851,0.64,0.665,0.199,0.938,0.718,0.734,0.335
16,5,dialogue,19960,9.2335,1.138,9.1753,0.0,0.3148,5.8979,4.294,1.6039,1.0156,49,0.49,0.004,0.538,0.03,0.0,0.757,0.321,0.207,1.962,0.083,0.689,0.567,0.566,0.121,0.826,0.647,0.638,0.198,0.927,0.738,0.713,0.338
16,5,fiction,19960,9.1456,1.127,9.1753,0.0,0.3148,5.8979,4.294,1.6039,1.0156,49,0.49,0.0038,0.584,0.017,0.0,0.681,0.418,0.376,1.934,0.085,0.701,0.575,0.574,0.127,0.828,0.667,0.673,0.223,0.929,0.756,0.741,0.376
16,5,math,19960,9.3644,1.154,9.1753,0.0,0.3148,5.8979,4.294,1.6039,1.0156,49,0.49,0.0039,0.654,0.124,0.0,0.864,0.346,0.369,1.992,0.105,0.617,0.382,0.381,0.159,0.777,0.504,0.538,0.274,0.903,0.636,0.648,0.439
16,5,news,19960,8.8593,1.092,9.1753,0.0,0.3148,5.8979,4.294,1.6039,1.0156,49,0.49,0.004,0.519,0.067,0.0,0.57,0.334,0.242,1.94,0.095,0.781,0.638,0.637,0.121,0.891,0.713,0.706,0.205,0.96,0.794,0.751,0.335
16,5,val,5988,8.1157,1.0,9.1753,0.0,0.3148,5.8979,4.294,1.6039,1.0156,49,0.49,0.0042,0.612,0.188,0.0,0.649,0.37,0.268,1.915,0.098,0.719,0.582,0.581,0.122,0.831,0.672,0.657,0.199,0.92,0.763,0.758,0.314
16,6,code,19960,8.9465,1.452,7.3314,0.0,0.2309,5.8382,4.3239,1.5144,1.2384,52,0.446,0.004,0.658,0.017,0.0,0.533,0.159,0.093,1.573,0.112,0.778,0.574,0.601,0.14,0.877,0.631,0.63,0.232,0.948,0.696,0.688,0.35
16,6,dialogue,19960,7.6554,1.243,7.3314,0.0,0.2309,5.8382,4.3239,1.5144,1.2384,52,0.446,0.004,0.538,0.03,0.0,0.739,0.35,0.418,1.56,0.085,0.666,0.486,0.507,0.103,0.797,0.596,0.599,0.19,0.901,0.715,0.697,0.329
16,6,fiction,19960,7.4754,1.213,7.3314,0.0,0.2309,5.8382,4.3239,1.5144,1.2384,52,0.446,0.0038,0.584,0.017,0.0,0.623,0.4,0.249,1.566,0.083,0.724,0.551,0.574,0.103,0.835,0.648,0.625,0.188,0.921,0.764,0.738,0.325
16,6,math,19960,7.7321,1.255,7.3314,0.0,0.2309,5.8382,4.3239,1.5144,1.2384,52,0.446,0.0039,0.654,0.124,0.0,0.699,0.333,0.299,1.485,0.112,0.693,0.495,0.507,0.136,0.82,0.602,0.581,0.236,0.917,0.705,0.683,0.378
16,6,news,19960,7.1492,1.161,7.3314,0.0,0.2309,5.8382,4.3239,1.5144,1.2384,52,0.446,0.004,0.519,0.067,0.0,0.398,0.401,0.39,1.45,0.083,0.817,0.708,0.73,0.091,0.893,0.775,0.777,0.152,0.948,0.852,0.83,0.236
16,6,val,5988,6.1602,1.0,7.3314,0.0,0.2309,5.8382,4.3239,1.5144,1.2384,52,0.446,0.0042,0.612,0.188,0.0,0.674,0.54,0.472,1.707,0.076,0.699,0.511,0.509,0.083,0.808,0.655,0.63,0.152,0.901,0.786,0.76,0.271
16,7,code,19960,10.2179,1.122,9.5749,0.0,0.3259,5.8905,4.5141,1.3764,0.7633,46,0.276,0.004,0.658,0.017,0.0,0.636,0.177,0.108,2.133,0.103,0.721,0.576,0.593,0.154,0.848,0.634,0.635,0.251,0.94,0.69,0.65,0.386
16,7,dialogue,19960,9.8279,1.079,9.5749,0.0,0.3259,5.8905,4.5141,1.3764,0.7633,46,0.276,0.004,0.538,0.03,0.0,0.869,0.205,0.129,2.219,0.149,0.631,0.43,0.441,0.219,0.802,0.498,0.503,0.341,0.925,0.615,0.523,0.517
16,7,fiction,19960,9.8055,1.076,9.5749,0.0,0.3259,5.8905,4.5141,1.3764,0.7633,46,0.276,0.0038,0.584,0.017,0.0,0.842,0.149,0.069,2.172,0.179,0.636,0.419,0.432,0.243,0.801,0.475,0.471,0.388,0.921,0.58,0.495,0.553
16,7,math,19960,10.2549,1.126,9.5749,0.0,0.3259,5.8905,4.5141,1.3764,0.7633,46,0.276,0.0039,0.654,0.124,0.0,0.827,0.181,0.092,2.099,0.171,0.635,0.396,0.409,0.237,0.795,0.467,0.46,0.365,0.917,0.567,0.481,0.521
16,7,news,19960,9.911,1.088,9.5749,0.0,0.3259,5.8905,4.5141,1.3764,0.7633,46,0.276,0.004,0.519,0.067,0.0,0.71,0.176,0.075,2.285,0.192,0.735,0.523,0.532,0.201,0.868,0.58,0.565,0.306,0.951,0.664,0.583,0.438
16,7,val,5988,9.1087,1.0,9.5749,0.0,0.3259,5.8905,4.5141,1.3764,0.7633,46,0.276,0.0042,0.612,0.188,0.0,0.834,0.27,0.12,2.185,0.189,0.652,0.421,0.427,0.224,0.804,0.515,0.487,0.34,0.916,0.617,0.523,0.484
16,8,code,19960,7.9694,1.209,7.0601,0.0,0.2372,5.826,4.2592,1.5668,1.2235,6,0.296,0.004,0.658,0.017,0.0,0.84,0.486,0.465,1.412,0.101,0.656,0.463,0.488,0.144,0.81,0.624,0.658,0.238,0.922,0.724,0.721,0.384
16,8,dialogue,19960,7.3548,1.116,7.0601,0.0,0.2372,5.826,4.2592,1.5668,1.2235,6,0.296,0.004,0.538,0.03,0.0,0.819,0.38,0.319,1.092,0.057,0.697,0.521,0.546,0.114,0.842,0.654,0.665,0.191,0.938,0.797,0.808,0.328
16,8,fiction,19960,7.2124,1.094,7.0601,0.0,0.2372,5.826,4.2592,1.5668,1.2235,6,0.296,0.0038,0.584,0.017,0.0,0.81,0.623,0.629,1.073,0.061,0.679,0.493,0.52,0.106,0.828,0.671,0.684,0.194,0.939,0.81,0.814,0.361
16,8,math,19960,7.4631,1.132,7.0601,0.0,0.2372,5.826,4.2592,1.5668,1.2235,6,0.296,0.0039,0.654,0.124,0.0,0.885,0.46,0.435,1.265,0.107,0.621,0.415,0.439,0.145,0.777,0.578,0.594,0.241,0.9,0.702,0.688,0.382
16,8,news,19960,7.323,1.111,7.0601,0.0,0.2372,5.826,4.2592,1.5668,1.2235,6,0.296,0.004,0.519,0.067,0.0,0.698,0.696,0.734,1.232,0.107,0.743,0.584,0.604,0.102,0.857,0.731,0.743,0.171,0.934,0.84,0.83,0.28
16,8,val,5988,6.592,1.0,7.0601,0.0,0.2372,5.826,4.2592,1.5668,1.2235,6,0.296,0.0042,0.612,0.188,0.0,0.896,0.721,0.677,1.229,0.091,0.627,0.388,0.389,0.101,0.781,0.62,0.606,0.175,0.898,0.791,0.775,0.307
16,9,code,19960,9.0574,1.262,8.4496,0.0,0.4116,5.9297,3.2513,2.6785,1.9373,27,0.462,0.004,0.662,0.017,0.0,0.711,0.162,0.13,1.448,0.156,0.681,0.565,0.588,0.188,0.808,0.622,0.611,0.278,0.913,0.708,0.701,0.397
16,9,dialogue,19960,7.8067,1.088,8.4496,0.0,0.4116,5.9297,3.2513,2.6785,1.9373,27,0.462,0.004,0.538,0.03,0.0,0.463,0.315,0.304,1.037,0.086,0.786,0.683,0.737,0.1,0.864,0.767,0.763,0.15,0.927,0.844,0.825,0.245
16,9,fiction,19960,7.9166,1.103,8.4496,0.0,0.4116,5.9297,3.2513,2.6785,1.9373,27,0.462,0.0048,0.663,0.174,0.0,0.429,0.258,0.555,1.107,0.101,0.803,0.648,0.712,0.118,0.886,0.733,0.743,0.196,0.945,0.819,0.835,0.319
16,9,math,19960,8.0864,1.127,8.4496,0.0,0.4116,5.9297,3.2513,2.6785,1.9373,27,0.462,0.004,0.658,0.122,0.0,0.669,0.257,0.144,1.117,0.155,0.709,0.571,0.591,0.2,0.828,0.645,0.623,0.295,0.921,0.745,0.696,0.411
16,9,news,19960,7.7138,1.075,8.4496,0.0,0.4116,5.9297,3.2513,2.6785,1.9373,27,0.462,0.004,0.519,0.067,0.0,0.534,0.524,0.199,0.969,0.198,0.786,0.675,0.69,0.229,0.906,0.784,0.733,0.331,0.969,0.883,0.786,0.435
16,9,val,5988,7.1761,1.0,8.4496,0.0,0.4116,5.9297,3.2513,2.6785,1.9373,27,0.462,0.0042,0.612,0.188,0.0,0.565,0.629,0.476,1.12,0.154,0.753,0.656,0.652,0.171,0.856,0.769,0.753,0.252,0.932,0.859,0.813,0.361
16,10,code,19960,7.1287,1.419,5.5006,0.0,0.1373,5.8413,4.5013,1.34,1.2108,29,0.342,0.004,0.658,0.017,0.0,0.908,0.178,0.208,2.316,0.149,0.533,0.371,0.387,0.152,0.677,0.448,0.493,0.242,0.817,0.514,0.531,0.381
16,10,dialogue,19960,6.1144,1.217,5.5006,0.0,0.1373,5.8413,4.5013,1.34,1.2108,29,0.342,0.004,0.538,0.03,0.0,0.919,0.431,0.079,2.3,0.077,0.513,0.399,0.405,0.101,0.653,0.501,0.454,0.172,0.791,0.6,0.587,0.295
16,10,fiction,19960,5.8901,1.172,5.5006,0.0,0.1373,5.8413,4.5013,1.34,1.2108,29,0.342,0.0045,0.644,0.143,0.0,0.853,0.253,0.1,2.418,0.07,0.53,0.426,0.44,0.09,0.648,0.508,0.494,0.158,0.781,0.594,0.574,0.281
16,10,math,19960,5.9642,1.187,5.5006,0.0,0.1373,5.8413,4.5013,1.34,1.2108,29,0.342,0.0039,0.654,0.124,0.0,0.936,0.245,0.207,2.41,0.119,0.453,0.312,0.319,0.128,0.589,0.407,0.408,0.212,0.738,0.506,0.502,0.346
16,10,news,19960,5.748,1.144,5.5006,0.0,0.1373,5.8413,4.5013,1.34,1.2108,29,0.342,0.004,0.519,0.067,0.0,0.829,0.317,0.169,2.095,0.107,0.604,0.511,0.512,0.11,0.706,0.594,0.574,0.18,0.812,0.678,0.669,0.289
16,10,val,5988,5.0245,1.0,5.5006,0.0,0.1373,5.8413,4.5013,1.34,1.2108,29,0.342,0.0042,0.612,0.188,0.0,0.876,0.353,0.143,2.447,0.091,0.518,0.419,0.419,0.086,0.618,0.506,0.479,0.147,0.737,0.606,0.575,0.249
16,11,code,19960,7.2895,1.246,6.8801,0.0,0.2448,5.8879,3.9067,1.9811,1.715,11,0.476,0.004,0.658,0.017,0.0,0.464,0.077,0.02,1.177,0.127,0.785,0.66,0.718,0.148,0.862,0.71,0.724,0.213,0.926,0.768,0.756,0.298
16,11,dialogue,19960,6.6687,1.139,6.8801,0.0,0.2448,5.8879,3.9067,1.9811,1.715,11,0.476,0.004,0.538,0.03,0.0,0.71,0.351,0.327,1.138,0.075,0.689,0.591,0.617,0.095,0.786,0.674,0.685,0.162,0.879,0.738,0.724,0.267
16,11,fiction,19960,7.1415,1.22,6.8801,0.0,0.2448,5.8879,3.9067,1.9811,1.715,11,0.476,0.0052,0.689,0.196,0.0,0.913,0.327,0.24,1.252,0.103,0.538,0.419,0.439,0.136,0.677,0.521,0.507,0.233,0.818,0.622,0.587,0.379
16,11,math,19960,6.6196,1.131,6.8801,0.0,0.2448,5.8879,3.9067,1.9811,1.715,11,0.476,0.0039,0.654,0.124,0.0,0.648,0.388,0.307,1.162,0.127,0.715,0.582,0.602,0.154,0.821,0.676,0.659,0.24,0.906,0.757,0.736,0.357
16,11,news,19960,6.4487,1.102,6.8801,0.0,0.2448,5.8879,3.9067,1.9811,1.715,11,0.476,0.0046,0.571,0.162,0.0,0.577,0.518,0.402,1.238,0.118,0.765,0.636,0.652,0.111,0.866,0.743,0.727,0.186,0.938,0.821,0.782,0.297
16,11,val,5988,5.8524,1.0,6.8801,0.0,0.2448,5.8879,3.9067,1.9811,1.715,11,0.476,0.0042,0.612,0.188,0.0,0.77,0.588,0.501,1.374,0.11,0.687,0.546,0.547,0.102,0.801,0.691,0.672,0.176,0.895,0.797,0.766,0.303
16,12,code,19960,9.0009,1.139,8.8557,0.0,0.328,5.9102,4.1595,1.7506,1.2156,29,0.518,0.004,0.642,0.024,0.0,0.617,0.364,0.245,1.936,0.09,0.744,0.553,0.588,0.113,0.863,0.676,0.667,0.201,0.946,0.773,0.782,0.336
16,12,dialogue,19960,9.0524,1.145,8.8557,0.0,0.328,5.9102,4.1595,1.7506,1.2156,29,0.518,0.004,0.538,0.03,0.0,0.762,0.412,0.252,1.533,0.15,0.654,0.519,0.539,0.186,0.8,0.635,0.609,0.275,0.914,0.748,0.708,0.412
16,12,fiction,19960,9.0316,1.143,8.8557,0.0,0.328,5.9102,4.1595,1.7506,1.2156,29,0.518,0.0038,0.584,0.017,0.0,0.779,0.428,0.237,1.386,0.207,0.658,0.488,0.506,0.255,0.812,0.613,0.582,0.379,0.923,0.74,0.682,0.51
16,12,math,19960,8.8355,1.118,8.8557,0.0,0.328,5.9102,4.1595,1.7506,1.2156,29,0.518,0.004,0.646,0.121,0.0,0.765,0.423,0.344,1.744,0.138,0.667,0.451,0.458,0.173,0.817,0.589,0.598,0.287,0.926,0.721,0.734,0.437
16,12,news,19960,8.4705,1.072,8.8557,0.0,0.328,5.9102,4.1595,1.7506,1.2156,29,0.518,0.004,0.519,0.067,0.0,0.612,0.41,0.226,1.725,0.167,0.756,0.612,0.62,0.173,0.882,0.72,0.671,0.273,0.96,0.807,0.749,0.395
16,12,val,5988,7.903,1.0,8.8557,0.0,0.328,5.9102,4.1595,1.7506,1.2156,29,0.518,0.0042,0.612,0.188,0.0,0.696,0.479,0.332,1.732,0.151,0.706,0.563,0.558,0.167,0.832,0.68,0.662,0.271,0.926,0.785,0.75,0.395
16,13,code,19960,7.7907,1.15,6.9973,0.0,0.3142,5.9328,3.975,1.9577,1.4556,45,0.447,0.004,0.658,0.017,0.0,0.59,0.15,0.16,1.934,0.064,0.739,0.629,0.631,0.11,0.845,0.672,0.684,0.181,0.929,0.699,0.713,0.299
16,13,dialogue,19960,7.9214,1.17,6.9973,0.0,0.3142,5.9328,3.975,1.9577,1.4556,45,0.447,0.004,0.538,0.03,0.0,0.783,0.337,0.268,1.739,0.074,0.65,0.517,0.531,0.106,0.782,0.625,0.618,0.174,0.892,0.72,0.701,0.297
16,13,fiction,19960,7.9755,1.178,6.9973,0.0,0.3142,5.9328,3.975,1.9577,1.4556,45,0.447,0.0038,0.584,0.017,0.0,0.561,0.297,0.211,1.732,0.072,0.738,0.633,0.648,0.099,0.828,0.709,0.708,0.16,0.91,0.782,0.776,0.261
16,13,math,19960,7.7291,1.141,6.9973,0.0,0.3142,5.9328,3.975,1.9577,1.4556,45,0.447,0.0039,0.654,0.124,0.0,0.813,0.32,0.234,1.883,0.098,0.618,0.446,0.45,0.137,0.757,0.55,0.547,0.219,0.878,0.659,0.665,0.348
16,13,news,19960,7.2886,1.076,6.9973,0.0,0.3142,5.9328,3.975,1.9577,1.4556,45,0.447,0.004,0.519,0.067,0.0,0.334,0.331,0.293,1.802,0.071,0.832,0.758,0.768,0.078,0.893,0.818,0.821,0.124,0.942,0.859,0.856,0.192
16,13,val,5988,6.7723,1.0,6.9973,0.0,0.3142,5.9328,3.975,1.9577,1.4556,45,0.447,0.0042,0.612,0.188,0.0,0.746,0.385,0.281,1.904,0.083,0.659,0.514,0.517,0.099,0.772,0.622,0.615,0.163,0.874,0.72,0.691,0.263
16,14,code,19960,6.7618,1.369,5.7643,0.0,0.136,5.8365,4.3729,1.4636,1.3711,52,0.471,0.004,0.658,0.017,0.0,0.416,0.084,0.099,1.803,0.06,0.808,0.733,0.733,0.088,0.894,0.756,0.738,0.158,0.955,0.773,0.771,0.253
16,14,dialogue,19960,6.8871,1.395,5.7643,0.0,0.136,5.8365,4.3729,1.4636,1.3711,52,0.471,0.004,0.538,0.03,0.0,0.806,0.531,0.674,1.93,0.059,0.603,0.488,0.488,0.091,0.746,0.602,0.644,0.153,0.872,0.711,0.702,0.267
16,14,fiction,19960,6.659,1.349,5.7643,0.0,0.136,5.8365,4.3729,1.4636,1.3711,52,0.471,0.0038,0.584,0.017,0.0,0.728,0.538,0.568,1.63,0.055,0.687,0.541,0.541,0.166,0.814,0.653,0.67,0.253,0.909,0.722,0.706,0.379
16,14,math,19960,6.1945,1.255,5.7643,0.0,0.136,5.8365,4.3729,1.4636,1.3711,52,0.471,0.0039,0.654,0.124,0.0,0.62,0.414,0.453,1.767,0.068,0.698,0.585,0.584,0.094,0.801,0.673,0.677,0.163,0.894,0.753,0.746,0.268
16,14,news,19960,5.915,1.198,5.7643,0.0,0.136,5.8365,4.3729,1.4636,1.3711,52,0.471,0.004,0.519,0.067,0.0,0.42,0.328,0.254,1.635,0.07,0.794,0.731,0.731,0.072,0.863,0.785,0.782,0.122,0.925,0.845,0.834,0.198
16,14,val,5988,4.9376,1.0,5.7643,0.0,0.136,5.8365,4.3729,1.4636,1.3711,52,0.471,0.0042,0.612,0.188,0.0,0.7,0.615,0.6,1.716,0.067,0.647,0.537,0.537,0.078,0.751,0.653,0.661,0.138,0.855,0.763,0.746,0.233
16,15,code,19960,8.1365,1.1,10.1236,0.0,0.3085,5.9398,3.9378,2.002,1.5747,32,0.263,0.004,0.658,0.017,0.0,0.662,0.418,0.52,1.427,0.091,0.742,0.518,0.554,0.146,0.875,0.63,0.711,0.255,0.955,0.791,0.772,0.401
16,15,dialogue,19960,7.577,1.024,10.1236,0.0,0.3085,5.9398,3.9378,2.002,1.5747,32,0.263,0.004,0.538,0.03,0.0,0.838,0.557,0.349,1.334,0.135,0.648,0.458,0.475,0.169,0.797,0.624,0.592,0.288,0.909,0.74,0.676,0.441
16,15,fiction,19960,7.6308,1.032,10.1236,0.0,0.3085,5.9398,3.9378,2.002,1.5747,32,0.263,0.0038,0.584,0.017,0.0,0.79,0.493,0.478,1.461,0.119,0.672,0.469,0.511,0.148,0.812,0.626,0.651,0.255,0.918,0.748,0.717,0.395
16,15,math,19960,8.0593,1.09,10.1236,0.0,0.3085,5.9398,3.9378,2.002,1.5747,32,0.263,0.0039,0.654,0.124,0.0,0.796,0.474,0.357,1.422,0.13,0.687,0.454,0.451,0.191,0.837,0.594,0.596,0.318,0.938,0.738,0.687,0.466
16,15,news,19960,8.0934,1.094,10.1236,0.0,0.3085,5.9398,3.9378,2.002,1.5747,32,0.263,0.004,0.519,0.067,0.0,0.779,0.602,0.19,1.413,0.247,0.756,0.472,0.459,0.304,0.896,0.687,0.548,0.48,0.969,0.813,0.624,0.63
16,15,val,5988,7.396,1.0,10.1236,0.0,0.3085,5.9398,3.9378,2.002,1.5747,32,0.263,0.0042,0.612,0.188,0.0,0.876,0.469,0.486,1.599,0.175,0.659,0.404,0.384,0.203,0.812,0.571,0.516,0.334,0.92,0.725,0.665,0.497
17,0,code,19960,6.7239,1.133,9.5609,0.0,0.5646,5.8809,2.5447,3.3362,2.356,47,0.311,0.004,0.658,0.017,0.0,0.771,0.425,0.153,0.874,0.176,0.651,0.542,0.568,0.271,0.812,0.654,0.609,0.384,0.923,0.805,0.738,0.503
17,0,dialogue,19960,6.0061,1.012,9.5609,0.0,0.5646,5.8809,2.5447,3.3362,2.356,47,0.311,0.004,0.538,0.03,0.0,0.905,0.743,0.416,0.714,0.195,0.575,0.45,0.448,0.299,0.759,0.642,0.574,0.448,0.895,0.817,0.691,0.574
17,0,fiction,19960,6.3706,1.073,9.5609,0.0,0.5646,5.8809,2.5447,3.3362,2.356,47,0.311,0.0039,0.577,0.028,0.0,0.735,0.512,0.18,1.003,0.163,0.695,0.538,0.567,0.217,0.834,0.66,0.614,0.34,0.929,0.795,0.696,0.489
17,0,math,19960,6.3352,1.067,9.5609,0.0,0.5646,5.8809,2.5447,3.3362,2.356,47,0.311,0.0039,0.654,0.124,0.0,0.922,0.678,0.427,0.831,0.233,0.567,0.408,0.406,0.327,0.759,0.614,0.552,0.488,0.898,0.796,0.682,0.634
17,0,news,19960,6.7759,1.141,9.5609,0.0,0.5646,5.8809,2.5447,3.3362,2.356,47,0.311,0.004,0.519,0.067,0.0,0.672,0.706,0.242,0.695,0.329,0.721,0.629,0.635,0.382,0.891,0.787,0.701,0.509,0.97,0.914,0.756,0.6
17,0,val,5988,5.9368,1.0,9.5609,0.0,0.5646,5.8809,2.5447,3.3362,2.356,47,0.311,0.0042,0.612,0.188,0.0,0.808,0.754,0.487,0.902,0.251,0.656,0.543,0.534,0.299,0.82,0.725,0.659,0.431,0.922,0.857,0.742,0.56
17,1,code,19960,7.8503,1.329,6.7657,0.0,0.1206,5.7954,4.4654,1.3301,1.2742,62,0.374,0.004,0.658,0.017,0.0,0.623,0.04,0.014,1.822,0.06,0.764,0.591,0.595,0.116,0.878,0.609,0.599,0.19,0.946,0.63,0.642,0.292
17,1,dialogue,19960,6.7321,1.14,6.7657,0.0,0.1206,5.7954,4.4654,1.3301,1.2742,62,0.374,0.004,0.538,0.03,0.0,0.711,0.189,0.111,1.761,0.039,0.716,0.527,0.527,0.073,0.838,0.582,0.553,0.127,0.926,0.651,0.637,0.236
17,1,fiction,19960,6.7179,1.137,6.7657,0.0,0.1206,5.7954,4.4654,1.3301,1.2742,62,0.374,0.0038,0.584,0.017,0.0,0.66,0.28,0.046,1.918,0.035,0.758,0.541,0.544,0.048,0.864,0.596,0.558,0.093,0.937,0.704,0.677,0.191
17,1,math,19960,6.8803,1.165,6.7657,0.0,0.1206,5.7954,4.4654,1.3301,1.2742,62,0.374,0.0039,0.654,0.124,0.0,0.784,0.233,0.087,1.859,0.07,0.668,0.462,0.467,0.089,0.793,0.532,0.498,0.158,0.894,0.614,0.616,0.27
17,1,news,19960,6.9634,1.179,6.7657,0.0,0.1206,5.7954,4.4654,1.3301,1.2742,62,0.374,0.004,0.519,0.067,0.0,0.762,0.428,0.153,1.842,0.053,0.787,0.484,0.489,0.053,0.887,0.596,0.541,0.102,0.949,0.769,0.831,0.196
17,1,val,5988,5.9063,1.0,6.7657,0.0,0.1206,5.7954,4.4654,1.3301,1.2742,62,0.374,0.0042,0.612,0.188,0.0,0.827,0.614,0.497,2.014,0.059,0.673,0.408,0.406,0.051,0.811,0.598,0.569,0.099,0.906,0.773,0.744,0.181
17,2,code,19960,8.1267,1.127,9.7223,0.0,0.3247,5.9188,3.7038,2.215,1.769,61,0.454,0.004,0.658,0.017,0.0,0.415,0.139,0.199,1.879,0.051,0.835,0.711,0.718,0.096,0.926,0.742,0.771,0.177,0.976,0.783,0.778,0.312
17,2,dialogue,19960,7.6307,1.058,9.7223,0.0,0.3247,5.9188,3.7038,2.215,1.769,61,0.454,0.004,0.538,0.03,0.0,0.802,0.484,0.252,1.382,0.144,0.614,0.505,0.519,0.179,0.763,0.635,0.612,0.27,0.886,0.729,0.654,0.416
17,2,fiction,19960,7.9796,1.106,9.7223,0.0,0.3247,5.9188,3.7038,2.215,1.769,61,0.454,0.0038,0.584,0.017,0.0,0.797,0.403,0.17,1.511,0.153,0.635,0.476,0.494,0.187,0.788,0.596,0.57,0.295,0.906,0.694,0.614,0.442
17,2,math,19960,7.7262,1.071,9.7223,0.0,0.3247,5.9188,3.7038,2.215,1.769,61,0.454,0.004,0.658,0.121,0.0,0.596,0.293,0.249,1.623,0.092,0.748,0.596,0.6,0.142,0.867,0.673,0.683,0.244,0.948,0.737,0.703,0.38
17,2,news,19960,7.6711,1.064,9.7223,0.0,0.3247,5.9188,3.7038,2.215,1.769,61,0.454,0.004,0.519,0.067,0.0,0.424,0.55,0.226,1.496,0.116,0.814,0.715,0.722,0.14,0.908,0.816,0.774,0.221,0.967,0.875,0.807,0.317
17,2,val,5988,7.212,1.0,9.7223,0.0,0.3247,5.9188,3.7038,2.215,1.769,61,0.454,0.0042,0.612,0.188,0.0,0.707,0.463,0.381,1.641,0.146,0.686,0.56,0.553,0.167,0.813,0.68,0.666,0.272,0.916,0.772,0.728,0.402
17,3,code,19960,7.0093,0.989,9.3384,0.0,0.2641,5.8911,3.7425,2.1486,1.9132,21,0.302,0.004,0.658,0.017,0.0,0.193,0.297,0.222,1.83,0.126,0.931,0.812,0.839,0.091,0.97,0.871,0.87,0.142,0.99,0.911,0.89,0.221
17,3,dialogue,19960,7.0596,0.996,9.3384,0.0,0.2641,5.8911,3.7425,2.1486,1.9132,21,0.302,0.004,0.538,0.03,0.0,0.332,0.459,0.255,1.787,0.232,0.898,0.732,0.75,0.156,0.959,0.826,0.811,0.23,0.987,0.909,0.837,0.328
17,3,fiction,19960,6.9528,0.981,9.3384,0.0,0.2641,5.8911,3.7425,2.1486,1.9132,21,0.302,0.0049,0.673,0.152,0.0,0.489,0.499,0.401,1.816,0.247,0.845,0.635,0.648,0.159,0.933,0.752,0.75,0.248,0.98,0.857,0.801,0.398
17,3,math,19960,7.1012,1.002,9.3384,0.0,0.2641,5.8911,3.7425,2.1486,1.9132,21,0.302,0.004,0.658,0.124,0.0,0.313,0.473,0.375,1.863,0.186,0.903,0.727,0.743,0.132,0.958,0.822,0.822,0.203,0.986,0.893,0.854,0.299
17,3,news,19960,7.2274,1.02,9.3384,0.0,0.2641,5.8911,3.7425,2.1486,1.9132,21,0.302,0.004,0.519,0.067,0.0,0.552,0.453,0.262,1.679,0.364,0.848,0.596,0.602,0.227,0.945,0.72,0.69,0.338,0.987,0.852,0.738,0.472
17,3,val,5988,7.0869,1.0,9.3384,0.0,0.2641,5.8911,3.7425,2.1486,1.9132,21,0.302,0.0042,0.612,0.188,0.0,0.647,0.439,0.268,1.758,0.398,0.809,0.522,0.518,0.237,0.913,0.654,0.619,0.364,0.971,0.801,0.684,0.514
17,4,code,19960,8.7373,1.019,16.649,0.0,0.7707,5.9721,1.3222,4.65,3.1375,50,0.133,0.004,0.658,0.017,0.0,0.292,0.783,0.069,0.255,0.566,0.857,0.759,0.803,0.615,0.96,0.894,0.812,0.661,0.987,0.964,0.828,0.698
17,4,dialogue,19960,8.5331,0.996,16.649,0.0,0.7707,5.9721,1.3222,4.65,3.1375,50,0.133,0.004,0.538,0.03,0.0,0.287,0.931,0.037,0.176,0.689,0.87,0.796,0.809,0.735,0.971,0.92,0.812,0.776,0.992,0.98,0.828,0.798
17,4,fiction,19960,8.9883,1.049,16.649,0.0,0.7707,5.9721,1.3222,4.65,3.1375,50,0.133,0.0038,0.584,0.017,0.0,0.294,0.866,0.094,0.299,0.698,0.89,0.788,0.799,0.741,0.978,0.922,0.814,0.782,0.994,0.979,0.829,0.802
17,4,math,19960,8.7553,1.021,16.649,0.0,0.7707,5.9721,1.3222,4.65,3.1375,50,0.133,0.0039,0.654,0.124,0.0,0.299,0.837,0.103,0.302,0.737,0.889,0.793,0.799,0.757,0.972,0.912,0.814,0.795,0.991,0.971,0.83,0.82
17,4,news,19960,8.9993,1.05,16.649,0.0,0.7707,5.9721,1.3222,4.65,3.1375,50,0.133,0.004,0.519,0.067,0.0,0.277,0.844,0.17,0.383,0.722,0.905,0.794,0.806,0.725,0.983,0.919,0.835,0.761,0.996,0.976,0.849,0.785
17,4,val,5988,8.5712,1.0,16.649,0.0,0.7707,5.9721,1.3222,4.65,3.1375,50,0.133,0.0042,0.612,0.188,0.0,0.327,0.835,0.174,0.399,0.706,0.894,0.774,0.77,0.728,0.974,0.903,0.802,0.778,0.992,0.967,0.818,0.809
17,5,code,19960,8.0533,1.083,14.7794,0.0,0.7894,5.9638,1.2679,4.6959,3.2315,62,0.56,0.004,0.658,0.017,0.0,0.145,0.835,0.059,0.25,0.171,0.93,0.838,0.885,0.222,0.982,0.954,0.889,0.278,0.995,0.983,0.898,0.342
17,5,dialogue,19960,8.3203,1.119,14.7794,0.0,0.7894,5.9638,1.2679,4.6959,3.2315,62,0.56,0.004,0.538,0.03,0.0,0.065,0.817,0.12,0.225,0.29,0.944,0.889,0.924,0.313,0.99,0.973,0.928,0.347,0.997,0.992,0.936,0.397
17,5,fiction,19960,8.4952,1.143,14.7794,0.0,0.7894,5.9638,1.2679,4.6959,3.2315,62,0.56,0.0038,0.584,0.017,0.0,0.166,0.837,0.091,0.346,0.332,0.927,0.83,0.864,0.385,0.987,0.957,0.875,0.434,0.997,0.987,0.885,0.479
17,5,math,19960,7.8736,1.059,14.7794,0.0,0.7894,5.9638,1.2679,4.6959,3.2315,62,0.56,0.004,0.662,0.134,0.0,0.211,0.844,0.107,0.367,0.347,0.918,0.822,0.838,0.41,0.983,0.947,0.853,0.465,0.995,0.982,0.868,0.514
17,5,news,19960,7.8578,1.057,14.7794,0.0,0.7894,5.9638,1.2679,4.6959,3.2315,62,0.56,0.004,0.519,0.067,0.0,0.16,0.884,0.201,0.394,0.256,0.936,0.856,0.873,0.312,0.991,0.966,0.894,0.362,0.999,0.993,0.905,0.415
17,5,val,5988,7.4351,1.0,14.7794,0.0,0.7894,5.9638,1.2679,4.6959,3.2315,62,0.56,0.0042,0.612,0.188,0.0,0.236,0.873,0.172,0.376,0.303,0.913,0.828,0.826,0.38,0.982,0.95,0.853,0.44,0.996,0.987,0.871,0.495
17,6,code,19960,7.2049,1.128,8.1903,0.0,0.2526,5.8583,4.0831,1.7752,1.4827,32,0.452,0.004,0.65,0.037,0.0,0.489,0.26,0.274,1.38,0.054,0.768,0.603,0.675,0.077,0.865,0.698,0.731,0.142,0.941,0.786,0.788,0.269
17,6,dialogue,19960,6.2647,0.981,8.1903,0.0,0.2526,5.8583,4.0831,1.7752,1.4827,32,0.452,0.004,0.538,0.03,0.0,0.381,0.278,0.256,1.187,0.043,0.848,0.682,0.753,0.051,0.913,0.755,0.795,0.099,0.958,0.861,0.871,0.228
17,6,fiction,19960,6.5599,1.027,8.1903,0.0,0.2526,5.8583,4.0831,1.7752,1.4827,32,0.452,0.0039,0.577,0.029,0.0,0.395,0.379,0.385,1.259,0.043,0.844,0.631,0.712,0.045,0.922,0.757,0.803,0.094,0.965,0.856,0.894,0.228
17,6,math,19960,6.8065,1.066,8.1903,0.0,0.2526,5.8583,4.0831,1.7752,1.4827,32,0.452,0.0039,0.654,0.124,0.0,0.629,0.19,0.184,1.359,0.069,0.732,0.525,0.557,0.106,0.848,0.591,0.614,0.192,0.933,0.695,0.685,0.326
17,6,news,19960,7.0849,1.109,8.1903,0.0,0.2526,5.8583,4.0831,1.7752,1.4827,32,0.452,0.004,0.519,0.067,0.0,0.479,0.493,0.424,1.247,0.111,0.865,0.645,0.656,0.135,0.946,0.766,0.722,0.244,0.982,0.881,0.815,0.373
17,6,val,5988,6.3875,1.0,8.1903,0.0,0.2526,5.8583,4.0831,1.7752,1.4827,32,0.452,0.0042,0.612,0.188,0.0,0.622,0.591,0.665,1.486,0.078,0.776,0.557,0.548,0.083,0.881,0.713,0.742,0.149,0.951,0.832,0.82,0.269
17,7,code,19960,7.0944,1.058,8.3972,0.0,0.6557,5.9167,2.0401,3.8766,2.2726,63,0.256,0.004,0.658,0.017,0.0,0.721,0.571,0.046,0.527,0.286,0.694,0.608,0.646,0.338,0.831,0.712,0.671,0.435,0.92,0.825,0.718,0.557
17,7,dialogue,19960,6.764,1.009,8.3972,0.0,0.6557,5.9167,2.0401,3.8766,2.2726,63,0.256,0.0076,0.285,0.343,0.0,0.658,0.608,0.035,0.488,0.321,0.715,0.636,0.661,0.362,0.855,0.741,0.68,0.485,0.938,0.856,0.726,0.634
17,7,fiction,19960,7.0367,1.05,8.3972,0.0,0.6557,5.9167,2.0401,3.8766,2.2726,63,0.256,0.0052,0.689,0.171,0.0,0.652,0.61,0.04,0.502,0.36,0.714,0.622,0.652,0.399,0.846,0.726,0.674,0.497,0.927,0.841,0.714,0.611
17,7,math,19960,7.0105,1.046,8.3972,0.0,0.6557,5.9167,2.0401,3.8766,2.2726,63,0.256,0.0046,0.593,0.21,0.0,0.701,0.617,0.045,0.404,0.359,0.701,0.622,0.637,0.422,0.842,0.73,0.661,0.526,0.928,0.834,0.703,0.635
17,7,news,19960,7.3975,1.104,8.3972,0.0,0.6557,5.9167,2.0401,3.8766,2.2726,63,0.256,0.0041,0.512,0.071,0.0,0.621,0.572,0.054,0.785,0.446,0.758,0.628,0.637,0.466,0.913,0.767,0.656,0.583,0.976,0.886,0.708,0.669
17,7,val,5988,6.7031,1.0,8.3972,0.0,0.6557,5.9167,2.0401,3.8766,2.2726,63,0.256,0.0042,0.612,0.188,0.0,0.707,0.521,0.071,0.778,0.349,0.714,0.611,0.612,0.379,0.852,0.723,0.643,0.485,0.933,0.824,0.693,0.596
17,8,code,19960,8.0186,1.119,6.9695,0.0,0.2735,5.9075,4.0168,1.8906,1.3165,36,0.635,0.004,0.658,0.017,0.0,0.415,0.224,0.065,1.302,0.117,0.796,0.698,0.732,0.135,0.873,0.773,0.768,0.207,0.935,0.813,0.776,0.313
17,8,dialogue,19960,7.5546,1.054,6.9695,0.0,0.2735,5.9075,4.0168,1.8906,1.3165,36,0.635,0.0048,0.453,0.097,0.0,0.612,0.213,0.046,1.845,0.098,0.757,0.669,0.688,0.096,0.842,0.737,0.714,0.168,0.913,0.794,0.814,0.282
17,8,fiction,19960,7.8245,1.092,6.9695,0.0,0.2735,5.9075,4.0168,1.8906,1.3165,36,0.635,0.006,0.57,0.232,0.0,0.385,0.309,0.091,1.975,0.097,0.794,0.701,0.727,0.084,0.861,0.775,0.755,0.145,0.923,0.834,0.845,0.254
17,8,math,19960,7.6182,1.063,6.9695,0.0,0.2735,5.9075,4.0168,1.8906,1.3165,36,0.635,0.004,0.63,0.15,0.0,0.52,0.38,0.119,1.784,0.141,0.75,0.639,0.652,0.139,0.84,0.723,0.685,0.215,0.916,0.802,0.798,0.328
17,8,news,19960,7.9145,1.104,6.9695,0.0,0.2735,5.9075,4.0168,1.8906,1.3165,36,0.635,0.004,0.519,0.067,0.0,0.222,0.396,0.227,1.833,0.158,0.885,0.793,0.804,0.118,0.934,0.858,0.841,0.175,0.966,0.895,0.877,0.242
17,8,val,5988,7.1685,1.0,6.9695,0.0,0.2735,5.9075,4.0168,1.8906,1.3165,36,0.635,0.0042,0.612,0.188,0.0,0.299,0.354,0.199,2.098,0.164,0.834,0.735,0.738,0.11,0.889,0.793,0.775,0.167,0.938,0.851,0.834,0.238
17,9,code,19960,8.2689,1.176,7.8354,0.0,0.2051,5.9241,4.3492,1.5749,1.2863,38,0.595,0.004,0.658,0.017,0.0,0.431,0.448,0.413,1.796,0.05,0.824,0.669,0.694,0.06,0.904,0.777,0.78,0.107,0.956,0.825,0.829,0.202
17,9,dialogue,19960,7.8089,1.111,7.8354,0.0,0.2051,5.9241,4.3492,1.5749,1.2863,38,0.595,0.004,0.538,0.03,0.0,0.639,0.421,0.377,1.64,0.049,0.759,0.607,0.623,0.061,0.861,0.711,0.7,0.104,0.935,0.793,0.78,0.2
17,9,fiction,19960,7.7438,1.102,7.8354,0.0,0.2051,5.9241,4.3492,1.5749,1.2863,38,0.595,0.0038,0.584,0.017,0.0,0.471,0.542,0.367,1.623,0.054,0.801,0.667,0.686,0.066,0.884,0.78,0.766,0.118,0.946,0.848,0.828,0.212
17,9,math,19960,7.8438,1.116,7.8354,0.0,0.2051,5.9241,4.3492,1.5749,1.2863,38,0.595,0.0039,0.654,0.124,0.0,0.629,0.603,0.542,1.686,0.066,0.754,0.548,0.559,0.093,0.862,0.716,0.705,0.163,0.938,0.809,0.802,0.275
17,9,news,19960,7.641,1.087,7.8354,0.0,0.2051,5.9241,4.3492,1.5749,1.2863,38,0.595,0.004,0.519,0.067,0.0,0.243,0.512,0.397,1.639,0.055,0.883,0.791,0.802,0.055,0.936,0.863,0.857,0.095,0.971,0.906,0.899,0.161
17,9,val,5988,7.0297,1.0,7.8354,0.0,0.2051,5.9241,4.3492,1.5749,1.2863,38,0.595,0.0042,0.612,0.188,0.0,0.579,0.544,0.419,1.714,0.07,0.77,0.613,0.616,0.071,0.864,0.727,0.714,0.121,0.934,0.83,0.814,0.208
17,10,code,19960,7.8163,1.086,8.9473,0.0,0.2373,5.8682,4.1936,1.6746,1.425,59,0.497,0.004,0.658,0.017,0.0,0.54,0.402,0.438,1.816,0.055,0.774,0.612,0.63,0.078,0.878,0.722,0.745,0.151,0.948,0.8,0.791,0.278
17,10,dialogue,19960,7.3912,1.027,8.9473,0.0,0.2373,5.8682,4.1936,1.6746,1.425,59,0.497,0.004,0.538,0.03,0.0,0.625,0.311,0.237,1.536,0.046,0.763,0.616,0.643,0.07,0.862,0.706,0.707,0.121,0.935,0.783,0.75,0.239
17,10,fiction,19960,7.5096,1.043,8.9473,0.0,0.2373,5.8682,4.1936,1.6746,1.425,59,0.497,0.0038,0.584,0.017,0.0,0.501,0.343,0.317,1.481,0.044,0.791,0.625,0.661,0.067,0.878,0.734,0.734,0.129,0.942,0.805,0.774,0.242
17,10,math,19960,7.5975,1.055,8.9473,0.0,0.2373,5.8682,4.1936,1.6746,1.425,59,0.497,0.0039,0.654,0.124,0.0,0.781,0.278,0.279,1.733,0.071,0.681,0.474,0.476,0.118,0.815,0.572,0.593,0.209,0.914,0.672,0.644,0.348
17,10,news,19960,7.7616,1.078,8.9473,0.0,0.2373,5.8682,4.1936,1.6746,1.425,59,0.497,0.004,0.519,0.067,0.0,0.473,0.266,0.204,1.758,0.063,0.827,0.685,0.687,0.085,0.912,0.75,0.745,0.153,0.963,0.811,0.787,0.259
17,10,val,5988,7.1997,1.0,8.9473,0.0,0.2373,5.8682,4.1936,1.6746,1.425,59,0.497,0.0042,0.612,0.188,0.0,0.702,0.409,0.377,1.842,0.064,0.731,0.531,0.53,0.08,0.842,0.649,0.648,0.143,0.924,0.757,0.734,0.257
17,11,code,19960,8.422,1.067,8.747,0.0,0.2661,5.9129,4.2512,1.6617,1.215,43,0.542,0.004,0.658,0.017,0.0,0.603,0.222,0.156,1.873,0.078,0.736,0.634,0.632,0.105,0.845,0.686,0.675,0.181,0.93,0.749,0.736,0.298
17,11,dialogue,19960,8.2922,1.051,8.747,0.0,0.2661,5.9129,4.2512,1.6617,1.215,43,0.542,0.004,0.538,0.03,0.0,0.605,0.168,0.369,1.843,0.055,0.736,0.638,0.636,0.096,0.842,0.677,0.656,0.158,0.927,0.733,0.751,0.278
17,11,fiction,19960,8.3821,1.062,8.747,0.0,0.2661,5.9129,4.2512,1.6617,1.215,43,0.542,0.0038,0.584,0.017,0.0,0.575,0.133,0.185,1.831,0.059,0.736,0.617,0.616,0.099,0.842,0.653,0.632,0.17,0.926,0.709,0.716,0.287
17,11,math,19960,8.3855,1.062,8.747,0.0,0.2661,5.9129,4.2512,1.6617,1.215,43,0.542,0.0039,0.654,0.124,0.0,0.794,0.205,0.187,1.911,0.101,0.652,0.478,0.477,0.15,0.793,0.548,0.516,0.249,0.905,0.635,0.607,0.387
17,11,news,19960,8.6722,1.099,8.747,0.0,0.2661,5.9129,4.2512,1.6617,1.215,43,0.542,0.004,0.519,0.067,0.0,0.449,0.251,0.184,2.037,0.083,0.819,0.703,0.702,0.093,0.903,0.75,0.742,0.155,0.959,0.809,0.78,0.253
17,11,val,5988,7.8925,1.0,8.747,0.0,0.2661,5.9129,4.2512,1.6617,1.215,43,0.542,0.0042,0.612,0.188,0.0,0.655,0.298,0.238,2.045,0.082,0.72,0.564,0.563,0.092,0.829,0.641,0.629,0.158,0.916,0.743,0.72,0.264
17,12,code,19960,7.9907,1.11,8.0833,0.0,0.3899,5.8777,3.7059,2.1718,1.473,27,0.517,0.004,0.658,0.017,0.0,0.779,0.264,0.082,1.37,0.312,0.681,0.528,0.532,0.324,0.826,0.595,0.559,0.442,0.922,0.705,0.605,0.566
17,12,dialogue,19960,7.0636,0.981,8.0833,0.0,0.3899,5.8777,3.7059,2.1718,1.473,27,0.517,0.004,0.538,0.03,0.0,0.329,0.259,0.175,1.249,0.097,0.812,0.753,0.759,0.102,0.877,0.792,0.792,0.157,0.933,0.837,0.816,0.256
17,12,fiction,19960,7.1677,0.995,8.0833,0.0,0.3899,5.8777,3.7059,2.1718,1.473,27,0.517,0.0046,0.656,0.15,0.0,0.222,0.263,0.193,1.438,0.095,0.863,0.769,0.797,0.092,0.911,0.824,0.827,0.147,0.952,0.866,0.853,0.259
17,12,math,19960,7.5573,1.049,8.0833,0.0,0.3899,5.8777,3.7059,2.1718,1.473,27,0.517,0.0039,0.654,0.124,0.0,0.76,0.275,0.111,1.381,0.265,0.694,0.528,0.53,0.283,0.821,0.603,0.572,0.387,0.912,0.701,0.629,0.505
17,12,news,19960,7.7998,1.083,8.0833,0.0,0.3899,5.8777,3.7059,2.1718,1.473,27,0.517,0.004,0.519,0.067,0.0,0.348,0.282,0.129,1.777,0.218,0.864,0.747,0.745,0.157,0.924,0.793,0.774,0.221,0.963,0.85,0.804,0.297
17,12,val,5988,7.2021,1.0,8.0833,0.0,0.3899,5.8777,3.7059,2.1718,1.473,27,0.517,0.0042,0.612,0.188,0.0,0.618,0.319,0.143,1.864,0.197,0.763,0.608,0.607,0.145,0.848,0.684,0.66,0.221,0.917,0.77,0.724,0.329
17,13,code,19960,7.318,1.051,9.5009,0.0,0.4484,5.9439,2.8507,3.0932,2.5393,18,0.295,0.004,0.658,0.017,0.0,0.068,0.376,0.068,0.756,0.05,0.93,0.779,0.906,0.071,0.962,0.878,0.91,0.131,0.982,0.949,0.918,0.219
17,13,dialogue,19960,7.6093,1.093,9.5009,0.0,0.4484,5.9439,2.8507,3.0932,2.5393,18,0.295,0.004,0.538,0.03,0.0,0.759,0.434,0.078,0.645,0.173,0.657,0.507,0.549,0.265,0.802,0.605,0.579,0.409,0.905,0.787,0.615,0.538
17,13,fiction,19960,7.6525,1.1,9.5009,0.0,0.4484,5.9439,2.8507,3.0932,2.5393,18,0.295,0.0038,0.584,0.017,0.0,0.787,0.403,0.09,0.784,0.154,0.681,0.497,0.545,0.247,0.828,0.604,0.578,0.4,0.926,0.794,0.625,0.539
17,13,math,19960,7.3212,1.052,9.5009,0.0,0.4484,5.9439,2.8507,3.0932,2.5393,18,0.295,0.0039,0.654,0.124,0.0,0.513,0.437,0.088,0.697,0.15,0.77,0.61,0.665,0.228,0.879,0.705,0.674,0.351,0.946,0.856,0.729,0.459
17,13,news,19960,7.6151,1.094,9.5009,0.0,0.4484,5.9439,2.8507,3.0932,2.5393,18,0.295,0.004,0.519,0.067,0.0,0.743,0.423,0.183,0.894,0.22,0.726,0.549,0.565,0.285,0.886,0.667,0.634,0.446,0.969,0.863,0.676,0.571
17,13,val,5988,6.96,1.0,9.5009,0.0,0.4484,5.9439,2.8507,3.0932,2.5393,18,0.295,0.0042,0.612,0.188,0.0,0.919,0.569,0.505,0.921,0.158,0.608,0.411,0.396,0.211,0.781,0.595,0.588,0.361,0.909,0.791,0.681,0.535
17,14,code,19960,8.6035,0.987,15.1409,0.0,0.2427,5.968,2.279,3.6889,3.9172,44,0.703,0.004,0.662,0.039,0.0,0.059,0.554,0.122,2.048,0.239,0.953,0.935,0.933,0.206,0.991,0.959,0.939,0.218,0.998,0.982,0.946,0.247
17,14,dialogue,19960,9.0738,1.041,15.1409,0.0,0.2427,5.968,2.279,3.6889,3.9172,44,0.703,0.004,0.538,0.03,0.0,0.015,0.735,0.437,2.033,0.133,0.979,0.972,0.97,0.114,0.997,0.985,0.975,0.121,1.0,0.994,0.98,0.143
17,14,fiction,19960,9.1358,1.048,15.1409,0.0,0.2427,5.968,2.279,3.6889,3.9172,44,0.703,0.0038,0.584,0.017,0.0,0.076,0.561,0.107,2.03,0.231,0.968,0.933,0.931,0.199,0.995,0.958,0.937,0.212,0.999,0.983,0.944,0.238
17,14,math,19960,8.7256,1.001,15.1409,0.0,0.2427,5.968,2.279,3.6889,3.9172,44,0.703,0.0039,0.654,0.124,0.0,0.096,0.595,0.15,2.032,0.301,0.958,0.921,0.919,0.263,0.992,0.952,0.926,0.275,0.998,0.98,0.937,0.304
17,14,news,19960,8.9365,1.025,15.1409,0.0,0.2427,5.968,2.279,3.6889,3.9172,44,0.703,0.004,0.519,0.067,0.0,0.082,0.602,0.2,2.022,0.247,0.961,0.933,0.931,0.208,0.996,0.961,0.938,0.221,0.999,0.986,0.949,0.244
17,14,val,5988,8.7149,1.0,15.1409,0.0,0.2427,5.968,2.279,3.6889,3.9172,44,0.703,0.0042,0.612,0.188,0.0,0.132,0.603,0.194,2.036,0.319,0.951,0.903,0.901,0.267,0.993,0.943,0.912,0.286,0.999,0.979,0.928,0.316
17,15,code,19960,6.4579,1.129,7.1037,0.0,0.2452,5.8966,4.1498,1.7468,1.4388,58,0.517,0.004,0.658,0.017,0.0,0.633,0.169,0.091,1.572,0.066,0.723,0.587,0.602,0.087,0.827,0.647,0.628,0.151,0.913,0.711,0.717,0.27
17,15,dialogue,19960,6.4029,1.12,7.1037,0.0,0.2452,5.8966,4.1498,1.7468,1.4388,58,0.517,0.004,0.538,0.03,0.0,0.82,0.472,0.372,1.406,0.067,0.671,0.483,0.486,0.093,0.809,0.629,0.612,0.162,0.915,0.739,0.696,0.305
17,15,fiction,19960,6.4283,1.124,7.1037,0.0,0.2452,5.8966,4.1498,1.7468,1.4388,58,0.517,0.0038,0.584,0.017,0.0,0.606,0.565,0.433,1.387,0.06,0.744,0.611,0.615,0.078,0.847,0.733,0.722,0.14,0.927,0.822,0.778,0.258
17,15,math,19960,6.3706,1.114,7.1037,0.0,0.2452,5.8966,4.1498,1.7468,1.4388,58,0.517,0.0039,0.654,0.124,0.0,0.816,0.406,0.322,1.455,0.09,0.655,0.421,0.425,0.13,0.797,0.562,0.545,0.222,0.907,0.69,0.647,0.371
17,15,news,19960,6.4591,1.13,7.1037,0.0,0.2452,5.8966,4.1498,1.7468,1.4388,58,0.517,0.004,0.519,0.067,0.0,0.476,0.251,0.176,1.43,0.072,0.813,0.681,0.688,0.081,0.895,0.741,0.724,0.142,0.952,0.808,0.787,0.24
17,15,val,5988,5.7179,1.0,7.1037,0.0,0.2452,5.8966,4.1498,1.7468,1.4388,58,0.517,0.0042,0.612,0.188,0.0,0.708,0.525,0.474,1.488,0.08,0.705,0.534,0.536,0.082,0.819,0.665,0.663,0.143,0.91,0.776,0.75,0.245
18,0,code,19960,7.7348,1.164,8.1013,0.0,0.242,5.9362,4.0693,1.8669,1.6333,40,0.462,0.004,0.658,0.017,0.0,0.721,0.223,0.257,1.793,0.056,0.714,0.508,0.537,0.092,0.841,0.595,0.615,0.168,0.932,0.68,0.691,0.3
18,0,dialogue,19960,6.7758,1.02,8.1013,0.0,0.242,5.9362,4.0693,1.8669,1.6333,40,0.462,0.004,0.538,0.03,0.0,0.687,0.163,0.104,1.671,0.041,0.711,0.548,0.57,0.072,0.831,0.615,0.607,0.137,0.923,0.695,0.679,0.258
18,0,fiction,19960,6.9002,1.038,8.1013,0.0,0.242,5.9362,4.0693,1.8669,1.6333,40,0.462,0.0038,0.584,0.017,0.0,0.495,0.182,0.054,1.652,0.039,0.794,0.623,0.652,0.058,0.878,0.691,0.674,0.109,0.942,0.758,0.715,0.217
18,0,math,19960,7.219,1.086,8.1013,0.0,0.242,5.9362,4.0693,1.8669,1.6333,40,0.462,0.0039,0.654,0.124,0.0,0.785,0.199,0.199,1.711,0.064,0.678,0.451,0.461,0.113,0.813,0.527,0.538,0.198,0.915,0.632,0.613,0.339
18,0,news,19960,7.2268,1.088,8.1013,0.0,0.242,5.9362,4.0693,1.8669,1.6333,40,0.462,0.004,0.519,0.067,0.0,0.466,0.224,0.206,1.711,0.055,0.813,0.685,0.696,0.078,0.895,0.748,0.746,0.137,0.953,0.809,0.795,0.233
18,0,val,5988,6.6445,1.0,8.1013,0.0,0.242,5.9362,4.0693,1.8669,1.6333,40,0.462,0.0042,0.612,0.188,0.0,0.789,0.405,0.392,1.839,0.061,0.69,0.46,0.462,0.078,0.818,0.59,0.561,0.144,0.914,0.727,0.697,0.262
18,1,code,19960,7.4389,1.163,6.5725,0.0,0.3156,5.9425,4.4085,1.5339,0.931,21,0.261,0.004,0.667,0.05,0.0,0.554,0.156,0.115,1.266,0.072,0.785,0.422,0.625,0.105,0.887,0.666,0.666,0.167,0.955,0.708,0.674,0.268
18,1,dialogue,19960,6.7064,1.048,6.5725,0.0,0.3156,5.9425,4.4085,1.5339,0.931,21,0.261,0.004,0.538,0.03,0.0,0.518,0.17,0.127,1.155,0.048,0.805,0.448,0.657,0.066,0.893,0.687,0.686,0.115,0.951,0.757,0.718,0.195
18,1,fiction,19960,6.6326,1.037,6.5725,0.0,0.3156,5.9425,4.4085,1.5339,0.931,21,0.261,0.004,0.6,0.06,0.0,0.527,0.533,0.516,1.119,0.059,0.831,0.405,0.627,0.067,0.916,0.763,0.766,0.113,0.967,0.834,0.808,0.203
18,1,math,19960,7.1023,1.11,6.5725,0.0,0.3156,5.9425,4.4085,1.5339,0.931,21,0.261,0.0039,0.654,0.124,0.0,0.706,0.231,0.195,1.185,0.105,0.741,0.351,0.491,0.142,0.864,0.564,0.569,0.225,0.945,0.638,0.591,0.349
18,1,news,19960,6.8891,1.077,6.5725,0.0,0.3156,5.9425,4.4085,1.5339,0.931,21,0.261,0.0046,0.571,0.164,0.0,0.468,0.629,0.616,1.171,0.093,0.858,0.518,0.685,0.08,0.94,0.813,0.825,0.127,0.981,0.885,0.862,0.207
18,1,val,5988,6.3974,1.0,6.5725,0.0,0.3156,5.9425,4.4085,1.5339,0.931,21,0.261,0.0042,0.612,0.188,0.0,0.873,0.754,0.723,1.265,0.099,0.749,0.349,0.306,0.099,0.891,0.682,0.686,0.18,0.963,0.832,0.814,0.306
18,2,code,19960,8.6731,1.221,9.1045,0.0,0.331,5.9294,3.8603,2.0691,1.5047,19,0.421,0.0044,0.652,0.069,0.0,0.84,0.215,0.4,0.829,0.107,0.629,0.381,0.434,0.19,0.804,0.468,0.461,0.305,0.928,0.6,0.616,0.476
18,2,dialogue,19960,7.3444,1.034,9.1045,0.0,0.331,5.9294,3.8603,2.0691,1.5047,19,0.421,0.0044,0.563,0.032,0.0,0.717,0.189,0.202,0.739,0.074,0.753,0.498,0.563,0.104,0.868,0.634,0.63,0.179,0.938,0.727,0.674,0.324
18,2,fiction,19960,7.5153,1.058,9.1045,0.0,0.331,5.9294,3.8603,2.0691,1.5047,19,0.421,0.0047,0.596,0.098,0.0,0.476,0.211,0.212,0.752,0.08,0.792,0.601,0.693,0.096,0.876,0.73,0.725,0.155,0.937,0.805,0.761,0.257
18,2,math,19960,7.7563,1.092,9.1045,0.0,0.331,5.9294,3.8603,2.0691,1.5047,19,0.421,0.0042,0.639,0.149,0.0,0.841,0.231,0.334,0.799,0.101,0.63,0.35,0.4,0.15,0.785,0.478,0.467,0.258,0.906,0.63,0.634,0.423
18,2,news,19960,7.7852,1.096,9.1045,0.0,0.331,5.9294,3.8603,2.0691,1.5047,19,0.421,0.007,0.723,0.316,0.0,0.429,0.471,0.465,0.803,0.101,0.846,0.659,0.718,0.116,0.929,0.797,0.787,0.192,0.975,0.881,0.833,0.309
18,2,val,5988,7.1017,1.0,9.1045,0.0,0.331,5.9294,3.8603,2.0691,1.5047,19,0.421,0.0078,0.79,0.382,0.0,0.749,0.853,0.847,0.911,0.084,0.789,0.481,0.478,0.107,0.904,0.807,0.803,0.201,0.964,0.905,0.873,0.361
18,3,code,19241,7.7179,1.134,19.3416,0.0,0.1375,5.8993,4.4279,1.4715,1.4423,9,0.993,0.004,0.658,0.017,0.0,0.058,0.203,0.226,2.559,0.014,0.996,0.943,0.943,0.011,0.999,0.951,0.955,0.027,1.0,0.963,0.967,0.064
18,3,dialogue,19404,7.3432,1.079,19.3416,0.0,0.1375,5.8993,4.4279,1.4715,1.4423,9,0.993,0.004,0.538,0.03,0.0,0.047,0.192,0.001,2.531,0.014,0.998,0.954,0.954,0.017,1.0,0.961,0.954,0.028,1.0,0.966,0.97,0.065
18,3,fiction,18203,7.3138,1.074,19.3416,0.0,0.1375,5.8993,4.4279,1.4715,1.4423,9,0.993,0.0038,0.584,0.017,0.0,0.003,0.22,0.203,2.568,0.01,1.0,0.997,0.997,0.006,1.0,0.997,0.997,0.019,1.0,0.998,0.999,0.059
18,3,math,16608,7.3483,1.079,19.3416,0.0,0.1375,5.8993,4.4279,1.4715,1.4423,9,0.993,0.0039,0.654,0.124,0.0,0.019,0.207,0.138,2.719,0.013,0.998,0.982,0.982,0.008,1.0,0.984,0.984,0.019,1.0,0.988,0.988,0.053
18,3,news,18662,7.0842,1.041,19.3416,0.0,0.1375,5.8993,4.4279,1.4715,1.4423,9,0.993,0.004,0.519,0.067,0.0,0.003,0.25,0.344,2.593,0.011,1.0,0.997,0.997,0.005,1.0,0.997,0.997,0.012,1.0,0.998,0.999,0.038
18,3,val,5131,6.8073,1.0,19.3416,0.0,0.1375,5.8993,4.4279,1.4715,1.4423,9,0.993,0.0042,0.612,0.188,0.0,0.012,0.597,0.903,2.814,0.013,1.0,0.988,0.988,0.006,1.0,0.994,0.996,0.014,1.0,0.998,1.0,0.039
18,4,code,19960,6.1462,1.089,6.8951,0.0,0.3235,5.8556,4.0883,1.7672,1.257,33,0.456,0.004,0.658,0.017,0.0,0.136,0.239,0.178,1.298,0.043,0.889,0.831,0.85,0.054,0.935,0.862,0.872,0.096,0.969,0.902,0.883,0.198
18,4,dialogue,19960,5.8136,1.03,6.8951,0.0,0.3235,5.8556,4.0883,1.7672,1.257,33,0.456,0.004,0.538,0.03,0.0,0.685,0.148,0.081,1.647,0.066,0.722,0.62,0.636,0.098,0.828,0.671,0.674,0.17,0.911,0.736,0.7,0.299
18,4,fiction,19960,6.3258,1.121,6.8951,0.0,0.3235,5.8556,4.0883,1.7672,1.257,33,0.456,0.0046,0.527,0.102,0.0,0.94,0.245,0.069,1.741,0.111,0.582,0.21,0.211,0.231,0.77,0.325,0.254,0.394,0.913,0.471,0.43,0.596
18,4,math,19960,5.867,1.04,6.8951,0.0,0.3235,5.8556,4.0883,1.7672,1.257,33,0.456,0.0039,0.654,0.124,0.0,0.389,0.219,0.102,1.24,0.075,0.794,0.686,0.697,0.1,0.871,0.727,0.724,0.169,0.935,0.799,0.749,0.283
18,4,news,19960,6.1198,1.084,6.8951,0.0,0.3235,5.8556,4.0883,1.7672,1.257,33,0.456,0.004,0.519,0.067,0.0,0.39,0.421,0.302,1.259,0.081,0.835,0.731,0.735,0.104,0.914,0.793,0.792,0.173,0.967,0.869,0.816,0.272
18,4,val,5988,5.6431,1.0,6.8951,0.0,0.3235,5.8556,4.0883,1.7672,1.257,33,0.456,0.0042,0.612,0.188,0.0,0.822,0.391,0.305,1.547,0.106,0.654,0.452,0.45,0.141,0.791,0.574,0.557,0.244,0.899,0.706,0.646,0.388
18,5,code,19960,7.9955,1.11,6.733,0.0,0.3705,5.9343,3.8653,2.0689,1.1774,29,0.567,0.004,0.658,0.017,0.0,0.594,0.226,0.187,1.634,0.194,0.763,0.657,0.657,0.167,0.85,0.703,0.708,0.24,0.917,0.755,0.727,0.328
18,5,dialogue,19960,7.5237,1.044,6.733,0.0,0.3705,5.9343,3.8653,2.0689,1.1774,29,0.567,0.0043,0.5,0.044,0.0,0.587,0.334,0.135,1.838,0.138,0.767,0.68,0.68,0.11,0.849,0.742,0.735,0.171,0.917,0.798,0.752,0.271
18,5,fiction,19960,7.8562,1.09,6.733,0.0,0.3705,5.9343,3.8653,2.0689,1.1774,29,0.567,0.0052,0.692,0.171,0.0,0.706,0.313,0.195,1.725,0.167,0.734,0.622,0.622,0.127,0.829,0.698,0.691,0.198,0.905,0.759,0.718,0.314
18,5,math,19960,7.3972,1.027,6.733,0.0,0.3705,5.9343,3.8653,2.0689,1.1774,29,0.567,0.004,0.654,0.13,0.0,0.538,0.406,0.212,1.568,0.196,0.764,0.645,0.645,0.166,0.85,0.726,0.717,0.247,0.92,0.791,0.741,0.342
18,5,news,19960,7.59,1.053,6.733,0.0,0.3705,5.9343,3.8653,2.0689,1.1774,29,0.567,0.004,0.519,0.067,0.0,0.393,0.373,0.147,1.582,0.206,0.837,0.73,0.73,0.137,0.897,0.789,0.772,0.198,0.943,0.844,0.803,0.277
18,5,val,5988,7.2053,1.0,6.733,0.0,0.3705,5.9343,3.8653,2.0689,1.1774,29,0.567,0.0042,0.612,0.188,0.0,0.454,0.392,0.23,1.73,0.208,0.811,0.686,0.686,0.147,0.875,0.759,0.749,0.208,0.929,0.824,0.793,0.298
18,6,code,19960,7.4412,1.063,9.3741,0.0,0.8274,5.968,1.0446,4.9234,3.4968,46,0.653,0.004,0.658,0.017,0.0,0.076,0.437,0.073,0.638,0.06,0.92,0.851,0.896,0.073,0.951,0.917,0.905,0.119,0.974,0.95,0.912,0.192
18,6,dialogue,19960,6.9471,0.993,9.3741,0.0,0.8274,5.968,1.0446,4.9234,3.4968,46,0.653,0.0041,0.524,0.037,0.0,0.047,0.513,0.207,0.399,0.064,0.965,0.907,0.948,0.071,0.98,0.961,0.956,0.113,0.989,0.981,0.96,0.179
18,6,fiction,19960,7.5735,1.082,9.3741,0.0,0.8274,5.968,1.0446,4.9234,3.4968,46,0.653,0.0052,0.695,0.169,0.0,0.084,0.447,0.161,0.282,0.106,0.94,0.871,0.917,0.119,0.963,0.936,0.928,0.17,0.98,0.958,0.937,0.271
18,6,math,19960,7.2279,1.033,9.3741,0.0,0.8274,5.968,1.0446,4.9234,3.4968,46,0.653,0.004,0.654,0.119,0.0,0.246,0.404,0.137,0.556,0.106,0.885,0.783,0.804,0.146,0.931,0.843,0.829,0.216,0.964,0.92,0.846,0.3
18,6,news,19960,7.3706,1.053,9.3741,0.0,0.8274,5.968,1.0446,4.9234,3.4968,46,0.653,0.004,0.519,0.067,0.0,0.063,0.685,0.444,0.294,0.163,0.955,0.915,0.927,0.175,0.982,0.958,0.943,0.217,0.993,0.981,0.951,0.282
18,6,val,5988,6.9979,1.0,9.3741,0.0,0.8274,5.968,1.0446,4.9234,3.4968,46,0.653,0.0042,0.612,0.188,0.0,0.158,0.68,0.308,0.308,0.209,0.905,0.866,0.865,0.227,0.95,0.914,0.892,0.283,0.977,0.956,0.914,0.363
18,7,code,19960,6.8821,1.226,6.9665,0.0,0.4487,5.89,3.3503,2.5397,1.7182,32,0.78,0.004,0.658,0.017,0.0,0.14,0.382,0.441,1.507,0.052,0.902,0.846,0.867,0.058,0.939,0.894,0.891,0.092,0.967,0.922,0.917,0.158
18,7,dialogue,19960,6.5768,1.172,6.9665,0.0,0.4487,5.89,3.3503,2.5397,1.7182,32,0.78,0.004,0.538,0.03,0.0,0.121,0.385,0.611,1.276,0.043,0.916,0.882,0.895,0.048,0.942,0.915,0.918,0.074,0.965,0.935,0.94,0.129
18,7,fiction,19960,6.4134,1.143,6.9665,0.0,0.4487,5.89,3.3503,2.5397,1.7182,32,0.78,0.0042,0.614,0.104,0.0,0.108,0.273,0.197,1.256,0.052,0.926,0.874,0.894,0.057,0.951,0.909,0.906,0.087,0.973,0.931,0.926,0.149
18,7,math,19960,6.419,1.144,6.9665,0.0,0.4487,5.89,3.3503,2.5397,1.7182,32,0.78,0.0039,0.654,0.124,0.0,0.21,0.367,0.389,1.229,0.069,0.874,0.802,0.809,0.086,0.919,0.848,0.848,0.132,0.957,0.894,0.883,0.207
18,7,news,19960,6.3996,1.14,6.9665,0.0,0.4487,5.89,3.3503,2.5397,1.7182,32,0.78,0.004,0.519,0.067,0.0,0.123,0.499,0.349,1.098,0.079,0.935,0.891,0.893,0.084,0.969,0.925,0.915,0.128,0.988,0.957,0.942,0.195
18,7,val,5988,5.6126,1.0,6.9665,0.0,0.4487,5.89,3.3503,2.5397,1.7182,32,0.78,0.0042,0.612,0.188,0.0,0.162,0.602,0.558,1.492,0.065,0.903,0.847,0.843,0.071,0.943,0.894,0.888,0.117,0.975,0.943,0.942,0.193
18,8,code,19960,8.7097,1.123,9.8314,0.0,0.2129,5.8779,4.2077,1.6702,1.4502,40,0.453,0.004,0.658,0.017,0.0,0.638,0.274,0.332,2.16,0.053,0.755,0.546,0.569,0.084,0.871,0.648,0.67,0.159,0.949,0.733,0.734,0.292
18,8,dialogue,19960,7.7412,0.998,9.8314,0.0,0.2129,5.8779,4.2077,1.6702,1.4502,40,0.453,0.004,0.538,0.03,0.0,0.688,0.198,0.163,1.85,0.042,0.757,0.525,0.558,0.065,0.866,0.619,0.595,0.119,0.942,0.694,0.692,0.24
18,8,fiction,19960,7.9204,1.021,9.8314,0.0,0.2129,5.8779,4.2077,1.6702,1.4502,40,0.453,0.0038,0.584,0.017,0.0,0.537,0.217,0.116,1.829,0.04,0.793,0.581,0.625,0.058,0.885,0.686,0.67,0.117,0.947,0.753,0.72,0.245
18,8,math,19960,8.3021,1.071,9.8314,0.0,0.2129,5.8779,4.2077,1.6702,1.4502,40,0.453,0.004,0.63,0.118,0.0,0.833,0.211,0.178,2.005,0.066,0.68,0.405,0.416,0.118,0.83,0.496,0.491,0.218,0.932,0.614,0.596,0.367
18,8,news,19960,8.4604,1.091,9.8314,0.0,0.2129,5.8779,4.2077,1.6702,1.4502,40,0.453,0.004,0.519,0.067,0.0,0.526,0.207,0.148,2.067,0.059,0.804,0.652,0.657,0.075,0.895,0.708,0.701,0.137,0.955,0.78,0.766,0.244
18,8,val,5988,7.7546,1.0,9.8314,0.0,0.2129,5.8779,4.2077,1.6702,1.4502,40,0.453,0.0042,0.612,0.188,0.0,0.777,0.362,0.312,2.132,0.062,0.712,0.466,0.465,0.083,0.838,0.578,0.571,0.144,0.927,0.708,0.673,0.255
18,9,code,19960,7.5738,1.059,8.2686,0.0,0.639,5.944,2.2036,3.7404,2.2539,2,0.348,0.004,0.658,0.017,0.0,0.444,0.192,0.066,1.066,0.14,0.786,0.691,0.729,0.171,0.877,0.724,0.732,0.244,0.943,0.819,0.779,0.346
18,9,dialogue,19960,7.0245,0.982,8.2686,0.0,0.639,5.944,2.2036,3.7404,2.2539,2,0.348,0.0056,0.381,0.229,0.0,0.387,0.304,0.059,0.872,0.132,0.795,0.72,0.761,0.152,0.868,0.762,0.766,0.221,0.928,0.839,0.814,0.329
18,9,fiction,19960,7.5124,1.051,8.2686,0.0,0.639,5.944,2.2036,3.7404,2.2539,2,0.348,0.0051,0.657,0.169,0.0,0.539,0.183,0.066,0.933,0.136,0.753,0.645,0.683,0.165,0.854,0.686,0.69,0.249,0.933,0.792,0.798,0.371
18,9,math,19960,7.301,1.021,8.2686,0.0,0.639,5.944,2.2036,3.7404,2.2539,2,0.348,0.0041,0.634,0.148,0.0,0.304,0.254,0.139,0.851,0.169,0.823,0.723,0.746,0.186,0.898,0.762,0.748,0.253,0.951,0.84,0.804,0.353
18,9,news,19960,7.5483,1.056,8.2686,0.0,0.639,5.944,2.2036,3.7404,2.2539,2,0.348,0.004,0.519,0.067,0.0,0.424,0.41,0.108,0.728,0.273,0.82,0.71,0.726,0.287,0.92,0.784,0.747,0.374,0.97,0.882,0.784,0.458
18,9,val,5988,7.1509,1.0,8.2686,0.0,0.639,5.944,2.2036,3.7404,2.2539,2,0.348,0.0042,0.612,0.188,0.0,0.64,0.375,0.221,0.832,0.242,0.734,0.628,0.627,0.252,0.846,0.707,0.675,0.343,0.928,0.818,0.766,0.458
18,10,code,19960,6.9379,1.238,6.7626,0.0,0.1654,5.8812,4.3339,1.5473,1.3794,28,0.255,0.002,1.0,0.098,0.0,0.992,0.734,0.724,1.5,0.064,0.703,0.181,0.065,0.099,0.832,0.499,0.518,0.178,0.925,0.631,0.582,0.306
18,10,dialogue,19960,5.9109,1.055,6.7626,0.0,0.1654,5.8812,4.3339,1.5473,1.3794,28,0.255,0.0035,0.986,0.123,0.0,0.985,0.444,0.382,1.434,0.057,0.606,0.141,0.103,0.127,0.768,0.343,0.331,0.23,0.896,0.498,0.402,0.404
18,10,fiction,19960,5.9239,1.057,6.7626,0.0,0.1654,5.8812,4.3339,1.5473,1.3794,28,0.255,0.008,0.95,0.151,0.0,0.97,0.589,0.579,1.502,0.05,0.685,0.203,0.159,0.099,0.832,0.528,0.535,0.195,0.928,0.636,0.581,0.368
18,10,math,19960,6.3731,1.137,6.7626,0.0,0.1654,5.8812,4.3339,1.5473,1.3794,28,0.255,0.0084,0.97,0.137,0.0,0.986,0.472,0.434,1.41,0.092,0.598,0.161,0.108,0.134,0.755,0.35,0.341,0.243,0.883,0.492,0.443,0.415
18,10,news,19960,6.4072,1.143,6.7626,0.0,0.1654,5.8812,4.3339,1.5473,1.3794,28,0.255,0.0078,0.968,0.148,0.0,0.987,0.662,0.59,1.298,0.091,0.655,0.201,0.116,0.104,0.809,0.463,0.456,0.194,0.922,0.685,0.649,0.351
18,10,val,5988,5.6039,1.0,6.7626,0.0,0.1654,5.8812,4.3339,1.5473,1.3794,28,0.255,0.025,0.996,0.182,0.0,0.906,0.616,0.586,1.474,0.071,0.656,0.322,0.317,0.092,0.807,0.571,0.544,0.18,0.912,0.744,0.725,0.335
18,11,code,19960,7.7905,1.064,9.2316,0.0,0.3846,5.9542,3.6106,2.3437,1.6896,17,0.531,0.004,0.658,0.017,0.0,0.418,0.459,0.486,1.452,0.05,0.836,0.675,0.705,0.073,0.922,0.79,0.808,0.142,0.972,0.862,0.838,0.253
18,11,dialogue,19960,7.2001,0.983,9.2316,0.0,0.3846,5.9542,3.6106,2.3437,1.6896,17,0.531,0.004,0.538,0.03,0.0,0.654,0.626,0.428,1.059,0.076,0.747,0.577,0.597,0.114,0.862,0.739,0.697,0.201,0.94,0.846,0.79,0.345
18,11,fiction,19960,7.4072,1.011,9.2316,0.0,0.3846,5.9542,3.6106,2.3437,1.6896,17,0.531,0.004,0.562,0.043,0.0,0.597,0.545,0.369,1.087,0.076,0.756,0.594,0.622,0.12,0.861,0.732,0.704,0.205,0.937,0.843,0.806,0.325
18,11,math,19960,7.53,1.028,9.2316,0.0,0.3846,5.9542,3.6106,2.3437,1.6896,17,0.531,0.004,0.646,0.122,0.0,0.623,0.525,0.498,1.235,0.073,0.75,0.561,0.568,0.112,0.864,0.709,0.715,0.203,0.945,0.825,0.806,0.333
18,11,news,19960,7.6897,1.05,9.2316,0.0,0.3846,5.9542,3.6106,2.3437,1.6896,17,0.531,0.004,0.519,0.067,0.0,0.528,0.604,0.32,1.236,0.117,0.811,0.659,0.658,0.16,0.919,0.802,0.741,0.268,0.975,0.884,0.802,0.387
18,11,val,5988,7.3234,1.0,9.2316,0.0,0.3846,5.9542,3.6106,2.3437,1.6896,17,0.531,0.0042,0.612,0.188,0.0,0.59,0.555,0.485,1.377,0.101,0.773,0.616,0.606,0.13,0.883,0.752,0.744,0.221,0.953,0.859,0.812,0.341
18,12,code,19960,7.457,1.154,8.3669,0.0,0.2343,5.8651,4.0931,1.772,1.5598,30,0.559,0.004,0.658,0.017,0.0,0.574,0.576,0.482,1.658,0.052,0.779,0.59,0.611,0.082,0.883,0.742,0.739,0.152,0.952,0.823,0.772,0.287
18,12,dialogue,19960,6.5367,1.012,8.3669,0.0,0.2343,5.8651,4.0931,1.772,1.5598,30,0.559,0.004,0.538,0.03,0.0,0.614,0.508,0.344,1.52,0.045,0.755,0.61,0.633,0.069,0.859,0.73,0.706,0.12,0.936,0.824,0.773,0.241
18,12,fiction,19960,6.5579,1.015,8.3669,0.0,0.2343,5.8651,4.0931,1.772,1.5598,30,0.559,0.0038,0.584,0.017,0.0,0.526,0.51,0.372,1.41,0.043,0.781,0.628,0.655,0.066,0.872,0.746,0.728,0.125,0.94,0.825,0.792,0.253
18,12,math,19960,7.0733,1.095,8.3669,0.0,0.2343,5.8651,4.0931,1.772,1.5598,30,0.559,0.0039,0.654,0.124,0.0,0.771,0.584,0.439,1.586,0.068,0.704,0.455,0.456,0.122,0.841,0.642,0.612,0.219,0.935,0.771,0.691,0.377
18,12,news,19960,6.9429,1.074,8.3669,0.0,0.2343,5.8651,4.0931,1.772,1.5598,30,0.559,0.004,0.519,0.067,0.0,0.429,0.502,0.292,1.532,0.059,0.83,0.719,0.721,0.079,0.908,0.808,0.787,0.14,0.961,0.878,0.828,0.231
18,12,val,5988,6.4618,1.0,8.3669,0.0,0.2343,5.8651,4.0931,1.772,1.5598,30,0.559,0.0042,0.612,0.188,0.0,0.713,0.561,0.491,1.638,0.063,0.726,0.538,0.531,0.086,0.847,0.681,0.67,0.157,0.932,0.815,0.773,0.272
18,13,code,19960,8.2165,1.194,8.0593,0.0,0.2299,5.895,4.2309,1.6641,1.3956,57,0.541,0.004,0.658,0.017,0.0,0.817,0.29,0.411,1.852,0.087,0.634,0.448,0.467,0.138,0.785,0.536,0.534,0.239,0.904,0.67,0.701,0.386
18,13,dialogue,19960,7.0415,1.023,8.0593,0.0,0.2299,5.895,4.2309,1.6641,1.3956,57,0.541,0.004,0.538,0.03,0.0,0.682,0.346,0.214,1.805,0.047,0.728,0.585,0.608,0.077,0.841,0.654,0.643,0.131,0.925,0.773,0.768,0.248
18,13,fiction,19960,7.0716,1.027,8.0593,0.0,0.2299,5.895,4.2309,1.6641,1.3956,57,0.541,0.0038,0.584,0.017,0.0,0.471,0.27,0.303,1.767,0.042,0.797,0.658,0.687,0.06,0.878,0.7,0.709,0.112,0.939,0.806,0.81,0.214
18,13,math,19960,7.6926,1.118,8.0593,0.0,0.2299,5.895,4.2309,1.6641,1.3956,57,0.541,0.0039,0.654,0.124,0.0,0.86,0.379,0.312,1.768,0.086,0.614,0.389,0.398,0.137,0.771,0.514,0.493,0.242,0.897,0.663,0.631,0.394
18,13,news,19960,7.4097,1.077,8.0593,0.0,0.2299,5.895,4.2309,1.6641,1.3956,57,0.541,0.004,0.519,0.067,0.0,0.375,0.376,0.382,1.843,0.059,0.839,0.734,0.742,0.073,0.911,0.793,0.784,0.129,0.961,0.866,0.855,0.218
18,13,val,5988,6.8825,1.0,8.0593,0.0,0.2299,5.895,4.2309,1.6641,1.3956,57,0.541,0.0042,0.612,0.188,0.0,0.689,0.412,0.345,1.919,0.066,0.717,0.554,0.556,0.079,0.829,0.651,0.644,0.14,0.918,0.778,0.766,0.248
18,14,code,19960,7.0973,1.154,7.67,0.0,0.227,5.8919,4.1529,1.739,1.5289,32,0.426,0.004,0.658,0.017,0.0,0.65,0.189,0.24,1.738,0.06,0.725,0.523,0.569,0.094,0.84,0.616,0.651,0.166,0.926,0.687,0.705,0.295
18,14,dialogue,19960,6.2094,1.01,7.67,0.0,0.227,5.8919,4.1529,1.739,1.5289,32,0.426,0.004,0.538,0.03,0.0,0.683,0.235,0.264,1.475,0.047,0.729,0.535,0.595,0.084,0.837,0.651,0.67,0.151,0.922,0.712,0.74,0.297
18,14,fiction,19960,6.2263,1.013,7.67,0.0,0.227,5.8919,4.1529,1.739,1.5289,32,0.426,0.0038,0.584,0.017,0.0,0.528,0.144,0.126,1.568,0.042,0.775,0.581,0.64,0.063,0.861,0.676,0.68,0.122,0.931,0.723,0.734,0.243
18,14,math,19960,6.6602,1.083,7.67,0.0,0.227,5.8919,4.1529,1.739,1.5289,32,0.426,0.0039,0.654,0.124,0.0,0.824,0.238,0.251,1.648,0.08,0.652,0.407,0.42,0.142,0.798,0.503,0.54,0.242,0.909,0.599,0.615,0.388
18,14,news,19960,6.7606,1.099,7.67,0.0,0.227,5.8919,4.1529,1.739,1.5289,32,0.426,0.004,0.519,0.067,0.0,0.426,0.3,0.269,1.79,0.057,0.821,0.683,0.707,0.07,0.897,0.762,0.752,0.127,0.951,0.825,0.818,0.219
18,14,val,5988,6.149,1.0,7.67,0.0,0.227,5.8919,4.1529,1.739,1.5289,32,0.426,0.0042,0.612,0.188,0.0,0.813,0.367,0.286,1.904,0.071,0.661,0.434,0.436,0.086,0.791,0.561,0.537,0.155,0.895,0.69,0.674,0.276
18,15,code,19960,6.7954,1.108,8.0249,0.0,0.3104,5.8158,4.3157,1.5,1.0209,21,0.364,0.0042,0.679,0.092,0.0,0.216,0.423,0.485,1.949,0.039,0.908,0.796,0.838,0.059,0.951,0.882,0.891,0.098,0.981,0.904,0.899,0.178
18,15,dialogue,19960,6.9112,1.127,8.0249,0.0,0.3104,5.8158,4.3157,1.5,1.0209,21,0.364,0.004,0.538,0.03,0.0,0.722,0.353,0.297,1.874,0.084,0.674,0.418,0.423,0.163,0.811,0.537,0.525,0.263,0.921,0.631,0.594,0.413
18,15,fiction,19960,6.6288,1.081,8.0249,0.0,0.3104,5.8158,4.3157,1.5,1.0209,21,0.364,0.0038,0.584,0.017,0.0,0.714,0.464,0.488,1.832,0.086,0.679,0.441,0.448,0.176,0.816,0.592,0.601,0.291,0.923,0.696,0.662,0.451
18,15,math,19960,6.6821,1.09,8.0249,0.0,0.3104,5.8158,4.3157,1.5,1.0209,21,0.364,0.0041,0.646,0.16,0.0,0.606,0.361,0.34,1.704,0.073,0.742,0.5,0.51,0.133,0.85,0.615,0.613,0.221,0.937,0.7,0.678,0.351
18,15,news,19960,6.764,1.103,8.0249,0.0,0.3104,5.8158,4.3157,1.5,1.0209,21,0.364,0.0041,0.524,0.079,0.0,0.413,0.37,0.349,1.761,0.066,0.833,0.668,0.693,0.092,0.91,0.766,0.768,0.157,0.963,0.829,0.819,0.258
18,15,val,5988,6.1308,1.0,8.0249,0.0,0.3104,5.8158,4.3157,1.5,1.0209,21,0.364,0.0042,0.612,0.188,0.0,0.696,0.373,0.361,1.855,0.086,0.708,0.416,0.421,0.146,0.835,0.553,0.562,0.239,0.933,0.687,0.65,0.374
19,0,code,19960,7.6316,1.13,7.7602,0.0,0.3569,5.8611,4.0072,1.8539,1.1464,46,0.582,0.004,0.658,0.017,0.0,0.141,0.354,0.324,1.883,0.042,0.92,0.846,0.869,0.055,0.955,0.896,0.902,0.091,0.98,0.917,0.922,0.163
19,0,dialogue,19960,6.9147,1.024,7.7602,0.0,0.3569,5.8611,4.0072,1.8539,1.1464,46,0.582,0.004,0.538,0.03,0.0,0.306,0.323,0.211,1.873,0.052,0.873,0.767,0.78,0.059,0.934,0.827,0.829,0.109,0.97,0.878,0.896,0.198
19,0,fiction,19960,7.1971,1.066,7.7602,0.0,0.3569,5.8611,4.0072,1.8539,1.1464,46,0.582,0.0038,0.584,0.017,0.0,0.287,0.391,0.389,1.893,0.046,0.89,0.754,0.762,0.093,0.948,0.821,0.833,0.158,0.979,0.88,0.896,0.275
19,0,math,19960,6.9768,1.033,7.7602,0.0,0.3569,5.8611,4.0072,1.8539,1.1464,46,0.582,0.004,0.662,0.142,0.0,0.344,0.402,0.503,1.812,0.063,0.845,0.713,0.722,0.091,0.908,0.793,0.81,0.151,0.955,0.849,0.861,0.248
19,0,news,19960,7.2402,1.072,7.7602,0.0,0.3569,5.8611,4.0072,1.8539,1.1464,46,0.582,0.004,0.519,0.067,0.0,0.227,0.332,0.239,1.631,0.09,0.885,0.799,0.813,0.09,0.936,0.853,0.852,0.137,0.972,0.889,0.879,0.204
19,0,val,5988,6.7544,1.0,7.7602,0.0,0.3569,5.8611,4.0072,1.8539,1.1464,46,0.582,0.0042,0.612,0.188,0.0,0.298,0.495,0.23,1.825,0.089,0.863,0.757,0.758,0.099,0.919,0.828,0.801,0.149,0.961,0.883,0.868,0.223
19,1,code,19960,7.926,1.07,8.1084,0.0,0.6128,5.8928,2.0336,3.8592,2.7646,59,0.632,0.004,0.658,0.017,0.0,0.148,0.665,0.096,0.312,0.211,0.88,0.797,0.845,0.227,0.932,0.896,0.86,0.278,0.966,0.931,0.874,0.356
19,1,dialogue,19960,7.4815,1.01,8.1084,0.0,0.6128,5.8928,2.0336,3.8592,2.7646,59,0.632,0.004,0.538,0.03,0.0,0.287,0.665,0.075,0.919,0.11,0.807,0.741,0.779,0.124,0.868,0.833,0.802,0.188,0.921,0.88,0.82,0.281
19,1,fiction,19960,8.0236,1.083,8.1084,0.0,0.6128,5.8928,2.0336,3.8592,2.7646,59,0.632,0.0046,0.648,0.134,0.0,0.434,0.611,0.065,0.811,0.13,0.768,0.68,0.719,0.155,0.843,0.788,0.75,0.232,0.91,0.852,0.778,0.338
19,1,math,19960,7.4523,1.006,8.1084,0.0,0.6128,5.8928,2.0336,3.8592,2.7646,59,0.632,0.0039,0.654,0.124,0.0,0.271,0.669,0.18,0.584,0.175,0.824,0.742,0.762,0.198,0.887,0.834,0.798,0.261,0.939,0.889,0.829,0.35
19,1,news,19960,7.994,1.079,8.1084,0.0,0.6128,5.8928,2.0336,3.8592,2.7646,59,0.632,0.004,0.519,0.067,0.0,0.141,0.66,0.278,0.616,0.179,0.909,0.84,0.854,0.184,0.952,0.911,0.879,0.234,0.977,0.944,0.897,0.3
19,1,val,5988,7.4057,1.0,8.1084,0.0,0.6128,5.8928,2.0336,3.8592,2.7646,59,0.632,0.0042,0.612,0.188,0.0,0.306,0.65,0.214,0.743,0.207,0.838,0.768,0.762,0.216,0.9,0.842,0.806,0.274,0.947,0.9,0.843,0.364
19,2,code,19960,7.8861,1.254,7.761,0.0,0.2985,5.9603,4.1019,1.8584,1.3487,30,0.183,0.0091,1.0,0.302,0.0,0.972,0.454,0.498,1.453,0.213,0.64,0.169,0.136,0.2,0.773,0.339,0.452,0.3,0.882,0.554,0.518,0.421
19,2,dialogue,19960,7.7327,1.23,7.761,0.0,0.2985,5.9603,4.1019,1.8584,1.3487,30,0.183,0.0198,0.997,0.312,0.0,0.85,0.355,0.157,1.094,0.327,0.707,0.375,0.363,0.433,0.836,0.486,0.433,0.538,0.927,0.641,0.519,0.654
19,2,fiction,19960,7.7056,1.226,7.761,0.0,0.2985,5.9603,4.1019,1.8584,1.3487,30,0.183,0.0106,0.853,0.257,0.0,0.916,0.48,0.319,1.216,0.292,0.686,0.363,0.297,0.341,0.829,0.51,0.431,0.476,0.923,0.671,0.554,0.634
19,2,math,19960,7.093,1.128,7.761,0.0,0.2985,5.9603,4.1019,1.8584,1.3487,30,0.183,0.0206,0.934,0.275,0.0,0.901,0.429,0.29,1.283,0.297,0.662,0.354,0.313,0.351,0.812,0.491,0.436,0.496,0.913,0.651,0.544,0.648
19,2,news,19960,7.0129,1.116,7.761,0.0,0.2985,5.9603,4.1019,1.8584,1.3487,30,0.183,0.0147,0.929,0.302,0.0,0.837,0.503,0.355,1.116,0.366,0.774,0.397,0.341,0.401,0.894,0.558,0.528,0.538,0.96,0.747,0.633,0.677
19,2,val,5988,6.2863,1.0,7.761,0.0,0.2985,5.9603,4.1019,1.8584,1.3487,30,0.183,0.0161,0.984,0.264,0.0,0.912,0.647,0.499,1.504,0.213,0.666,0.36,0.29,0.206,0.811,0.582,0.507,0.327,0.907,0.74,0.677,0.499
19,3,code,19960,7.4991,1.024,10.8464,0.0,0.5993,5.9315,2.2711,3.6604,2.7802,28,0.3,0.004,0.658,0.017,0.0,0.418,0.259,0.24,1.282,0.111,0.791,0.662,0.721,0.179,0.888,0.756,0.776,0.268,0.955,0.823,0.786,0.373
19,3,dialogue,19960,8.0792,1.103,10.8464,0.0,0.5993,5.9315,2.2711,3.6604,2.7802,28,0.3,0.004,0.538,0.03,0.0,0.718,0.639,0.096,0.647,0.335,0.687,0.563,0.568,0.424,0.818,0.734,0.614,0.525,0.903,0.826,0.663,0.617
19,3,fiction,19960,7.8588,1.073,10.8464,0.0,0.5993,5.9315,2.2711,3.6604,2.7802,28,0.3,0.0038,0.584,0.017,0.0,0.662,0.774,0.086,0.602,0.362,0.75,0.568,0.576,0.459,0.884,0.787,0.609,0.591,0.954,0.894,0.656,0.692
19,3,math,19960,7.2898,0.996,10.8464,0.0,0.5993,5.9315,2.2711,3.6604,2.7802,28,0.3,0.0039,0.654,0.124,0.0,0.706,0.605,0.151,0.745,0.256,0.685,0.529,0.534,0.343,0.822,0.69,0.599,0.473,0.917,0.81,0.643,0.582
19,3,news,19960,7.6648,1.047,10.8464,0.0,0.5993,5.9315,2.2711,3.6604,2.7802,28,0.3,0.004,0.519,0.067,0.0,0.532,0.774,0.093,0.704,0.372,0.817,0.645,0.648,0.442,0.931,0.842,0.677,0.57,0.979,0.933,0.713,0.649
19,3,val,5988,7.3218,1.0,10.8464,0.0,0.5993,5.9315,2.2711,3.6604,2.7802,28,0.3,0.0042,0.612,0.188,0.0,0.673,0.706,0.11,0.806,0.303,0.723,0.562,0.551,0.363,0.847,0.739,0.597,0.49,0.925,0.846,0.645,0.6
19,4,code,19960,6.9364,1.116,7.7241,0.0,0.2975,5.92,3.9996,1.9205,1.4835,43,0.49,0.004,0.658,0.017,0.0,0.523,0.377,0.333,1.712,0.051,0.802,0.559,0.622,0.089,0.899,0.713,0.713,0.165,0.961,0.797,0.781,0.292
19,4,dialogue,19960,6.2116,0.999,7.7241,0.0,0.2975,5.92,3.9996,1.9205,1.4835,43,0.49,0.004,0.538,0.03,0.0,0.67,0.36,0.438,1.524,0.047,0.739,0.548,0.59,0.102,0.85,0.681,0.7,0.175,0.933,0.767,0.752,0.294
19,4,fiction,19960,6.4373,1.036,7.7241,0.0,0.2975,5.92,3.9996,1.9205,1.4835,43,0.49,0.0038,0.584,0.017,0.0,0.45,0.389,0.401,1.426,0.038,0.817,0.636,0.689,0.077,0.899,0.762,0.78,0.13,0.958,0.824,0.813,0.236
19,4,math,19960,6.5647,1.056,7.7241,0.0,0.2975,5.92,3.9996,1.9205,1.4835,43,0.49,0.0039,0.654,0.124,0.0,0.756,0.395,0.395,1.513,0.068,0.718,0.407,0.438,0.154,0.85,0.584,0.604,0.251,0.942,0.712,0.672,0.397
19,4,news,19960,6.605,1.063,7.7241,0.0,0.2975,5.92,3.9996,1.9205,1.4835,43,0.49,0.004,0.519,0.067,0.0,0.325,0.362,0.326,1.598,0.051,0.888,0.745,0.766,0.084,0.948,0.83,0.821,0.146,0.979,0.881,0.851,0.226
19,4,val,5988,6.2154,1.0,7.7241,0.0,0.2975,5.92,3.9996,1.9205,1.4835,43,0.49,0.0042,0.612,0.188,0.0,0.753,0.361,0.376,1.727,0.063,0.727,0.47,0.474,0.097,0.845,0.598,0.595,0.166,0.93,0.723,0.714,0.28
19,5,code,19960,7.67,1.051,7.0409,0.0,0.3451,5.9351,3.9214,2.0137,1.2148,59,0.602,0.004,0.658,0.017,0.0,0.741,0.244,0.167,1.975,0.173,0.704,0.565,0.574,0.191,0.824,0.64,0.642,0.29,0.914,0.704,0.687,0.413
19,5,dialogue,19960,7.3942,1.013,7.0409,0.0,0.3451,5.9351,3.9214,2.0137,1.2148,59,0.602,0.0048,0.453,0.091,0.0,0.569,0.218,0.047,2.154,0.146,0.807,0.646,0.657,0.122,0.884,0.707,0.687,0.183,0.937,0.767,0.741,0.307
19,5,fiction,19960,7.747,1.061,7.0409,0.0,0.3451,5.9351,3.9214,2.0137,1.2148,59,0.602,0.005,0.677,0.161,0.0,0.434,0.269,0.05,2.327,0.152,0.828,0.7,0.71,0.098,0.896,0.759,0.737,0.157,0.943,0.821,0.794,0.261
19,5,math,19960,7.3241,1.003,7.0409,0.0,0.3451,5.9351,3.9214,2.0137,1.2148,59,0.602,0.004,0.642,0.135,0.0,0.524,0.294,0.166,1.806,0.169,0.765,0.651,0.657,0.157,0.849,0.72,0.714,0.233,0.918,0.785,0.769,0.333
19,5,news,19960,7.6776,1.052,7.0409,0.0,0.3451,5.9351,3.9214,2.0137,1.2148,59,0.602,0.004,0.519,0.067,0.0,0.242,0.307,0.149,1.863,0.2,0.895,0.789,0.797,0.138,0.938,0.84,0.826,0.189,0.967,0.879,0.851,0.251
19,5,val,5988,7.2996,1.0,7.0409,0.0,0.3451,5.9351,3.9214,2.0137,1.2148,59,0.602,0.0042,0.612,0.188,0.0,0.334,0.311,0.17,2.013,0.198,0.855,0.737,0.737,0.134,0.908,0.791,0.781,0.193,0.949,0.847,0.828,0.263
19,6,code,19960,6.8635,1.163,7.2233,0.0,0.2166,5.901,4.4336,1.4674,1.1915,13,0.409,0.004,0.658,0.017,0.0,0.382,0.103,0.116,1.554,0.047,0.885,0.634,0.702,0.07,0.948,0.726,0.711,0.126,0.982,0.781,0.782,0.227
19,6,dialogue,19960,6.3178,1.07,7.2233,0.0,0.2166,5.901,4.4336,1.4674,1.1915,13,0.409,0.004,0.538,0.03,0.0,0.636,0.11,0.091,1.677,0.056,0.8,0.456,0.479,0.09,0.896,0.527,0.525,0.155,0.957,0.628,0.586,0.267
19,6,fiction,19960,6.3467,1.075,7.2233,0.0,0.2166,5.901,4.4336,1.4674,1.1915,13,0.409,0.0038,0.584,0.017,0.0,0.41,0.186,0.187,1.541,0.043,0.849,0.635,0.676,0.07,0.919,0.726,0.709,0.12,0.965,0.788,0.83,0.21
19,6,math,19960,6.3557,1.077,7.2233,0.0,0.2166,5.901,4.4336,1.4674,1.1915,13,0.409,0.0039,0.654,0.124,0.0,0.629,0.303,0.236,1.465,0.072,0.814,0.466,0.487,0.123,0.908,0.606,0.54,0.206,0.966,0.727,0.743,0.322
19,6,news,19960,6.4851,1.099,7.2233,0.0,0.2166,5.901,4.4336,1.4674,1.1915,13,0.409,0.0042,0.536,0.107,0.0,0.524,0.46,0.36,1.491,0.064,0.909,0.563,0.589,0.064,0.973,0.736,0.616,0.116,0.992,0.855,0.875,0.198
19,6,val,5988,5.902,1.0,7.2233,0.0,0.2166,5.901,4.4336,1.4674,1.1915,13,0.409,0.0042,0.612,0.188,0.0,0.648,0.49,0.453,1.553,0.082,0.735,0.494,0.5,0.093,0.847,0.654,0.635,0.156,0.931,0.769,0.742,0.265
19,7,code,19960,7.2433,1.104,8.1965,0.0,0.2788,5.9326,3.9757,1.9569,1.6189,12,0.482,0.004,0.658,0.017,0.0,0.485,0.34,0.278,1.665,0.05,0.79,0.646,0.661,0.074,0.883,0.726,0.716,0.139,0.95,0.793,0.78,0.263
19,7,dialogue,19960,6.7842,1.034,8.1965,0.0,0.2788,5.9326,3.9757,1.9569,1.6189,12,0.482,0.004,0.538,0.03,0.0,0.687,0.413,0.36,1.431,0.053,0.715,0.585,0.589,0.087,0.832,0.684,0.672,0.158,0.924,0.773,0.758,0.303
19,7,fiction,19960,7.0719,1.077,8.1965,0.0,0.2788,5.9326,3.9757,1.9569,1.6189,12,0.482,0.0038,0.584,0.017,0.0,0.568,0.39,0.36,1.364,0.049,0.778,0.613,0.616,0.074,0.878,0.703,0.704,0.141,0.947,0.784,0.742,0.281
19,7,math,19960,6.9599,1.06,8.1965,0.0,0.2788,5.9326,3.9757,1.9569,1.6189,12,0.482,0.0039,0.654,0.124,0.0,0.717,0.412,0.342,1.42,0.072,0.695,0.5,0.505,0.115,0.826,0.619,0.601,0.209,0.925,0.742,0.725,0.358
19,7,news,19960,7.0389,1.072,8.1965,0.0,0.2788,5.9326,3.9757,1.9569,1.6189,12,0.482,0.004,0.519,0.067,0.0,0.4,0.466,0.331,1.504,0.059,0.836,0.724,0.733,0.071,0.912,0.808,0.794,0.129,0.963,0.873,0.842,0.226
19,7,val,5988,6.5634,1.0,8.1965,0.0,0.2788,5.9326,3.9757,1.9569,1.6189,12,0.482,0.0042,0.612,0.188,0.0,0.699,0.516,0.464,1.612,0.069,0.714,0.534,0.536,0.085,0.831,0.663,0.657,0.151,0.922,0.789,0.775,0.26
19,8,code,19960,7.3123,1.128,8.4556,0.0,0.2784,5.8603,3.9624,1.898,1.5981,17,0.471,0.004,0.658,0.017,0.0,0.469,0.227,0.233,1.607,0.045,0.817,0.602,0.668,0.074,0.91,0.719,0.73,0.149,0.965,0.787,0.829,0.276
19,8,dialogue,19960,6.5023,1.003,8.4556,0.0,0.2784,5.8603,3.9624,1.898,1.5981,17,0.471,0.004,0.538,0.03,0.0,0.478,0.209,0.107,1.469,0.038,0.82,0.651,0.686,0.062,0.899,0.728,0.719,0.125,0.952,0.796,0.853,0.249
19,8,fiction,19960,6.6968,1.033,8.4556,0.0,0.2784,5.8603,3.9624,1.898,1.5981,17,0.471,0.0038,0.584,0.017,0.0,0.419,0.184,0.053,1.449,0.034,0.84,0.651,0.693,0.052,0.911,0.724,0.709,0.105,0.958,0.806,0.854,0.223
19,8,math,19960,6.8842,1.062,8.4556,0.0,0.2784,5.8603,3.9624,1.898,1.5981,17,0.471,0.0039,0.654,0.124,0.0,0.714,0.259,0.272,1.548,0.057,0.724,0.487,0.506,0.103,0.852,0.59,0.608,0.188,0.938,0.682,0.716,0.324
19,8,news,19960,7.0844,1.093,8.4556,0.0,0.2784,5.8603,3.9624,1.898,1.5981,17,0.471,0.004,0.519,0.067,0.0,0.433,0.371,0.312,1.554,0.056,0.838,0.692,0.707,0.076,0.918,0.777,0.766,0.136,0.967,0.853,0.832,0.246
19,8,val,5988,6.4835,1.0,8.4556,0.0,0.2784,5.8603,3.9624,1.898,1.5981,17,0.471,0.0042,0.612,0.188,0.0,0.703,0.415,0.392,1.693,0.06,0.726,0.534,0.532,0.084,0.842,0.65,0.65,0.152,0.927,0.763,0.748,0.266
19,9,code,19960,7.5278,1.048,9.7797,0.0,0.3817,5.963,3.4815,2.4814,2.006,34,0.38,0.0042,0.627,0.068,0.0,0.552,0.56,0.563,1.001,0.072,0.775,0.543,0.609,0.093,0.883,0.723,0.753,0.175,0.954,0.853,0.827,0.325
19,9,dialogue,19960,7.0838,0.986,9.7797,0.0,0.3817,5.963,3.4815,2.4814,2.006,34,0.38,0.004,0.538,0.03,0.0,0.847,0.633,0.412,0.825,0.142,0.616,0.387,0.405,0.174,0.776,0.603,0.541,0.296,0.899,0.767,0.655,0.489
19,9,fiction,19960,7.2909,1.015,9.7797,0.0,0.3817,5.963,3.4815,2.4814,2.006,34,0.38,0.0038,0.584,0.017,0.0,0.786,0.477,0.355,0.874,0.14,0.666,0.439,0.5,0.172,0.809,0.607,0.612,0.279,0.915,0.778,0.705,0.438
19,9,math,19960,7.3501,1.023,9.7797,0.0,0.3817,5.963,3.4815,2.4814,2.006,34,0.38,0.0039,0.654,0.124,0.0,0.755,0.445,0.371,0.92,0.103,0.688,0.457,0.481,0.149,0.828,0.607,0.626,0.255,0.929,0.775,0.699,0.408
19,9,news,19960,7.5789,1.055,9.7797,0.0,0.3817,5.963,3.4815,2.4814,2.006,34,0.38,0.004,0.519,0.067,0.0,0.687,0.73,0.398,0.957,0.171,0.766,0.548,0.548,0.212,0.894,0.765,0.65,0.349,0.967,0.88,0.769,0.495
19,9,val,5988,7.1825,1.0,9.7797,0.0,0.3817,5.963,3.4815,2.4814,2.006,34,0.38,0.0042,0.612,0.188,0.0,0.791,0.66,0.473,1.077,0.153,0.693,0.461,0.45,0.171,0.834,0.679,0.627,0.293,0.931,0.828,0.751,0.45
19,10,code,19960,6.707,1.01,10.186,0.0,0.6272,5.9339,2.1694,3.7646,2.7309,29,0.346,0.004,0.65,0.02,0.0,0.122,0.43,0.257,0.796,0.067,0.912,0.806,0.881,0.087,0.95,0.91,0.908,0.153,0.977,0.939,0.919,0.24
19,10,dialogue,19960,6.1526,0.927,10.186,0.0,0.6272,5.9339,2.1694,3.7646,2.7309,29,0.346,0.0069,0.732,0.47,0.0,0.881,0.535,0.417,0.886,0.136,0.535,0.379,0.388,0.215,0.687,0.544,0.535,0.341,0.827,0.713,0.621,0.516
19,10,fiction,19960,6.2464,0.941,10.186,0.0,0.6272,5.9339,2.1694,3.7646,2.7309,29,0.346,0.0038,0.584,0.017,0.0,0.825,0.663,0.447,0.658,0.167,0.591,0.432,0.441,0.236,0.741,0.622,0.596,0.371,0.865,0.789,0.683,0.517
19,10,math,19960,6.317,0.951,10.186,0.0,0.6272,5.9339,2.1694,3.7646,2.7309,29,0.346,0.0041,0.671,0.128,0.0,0.345,0.567,0.37,0.589,0.131,0.824,0.717,0.739,0.188,0.895,0.822,0.809,0.278,0.949,0.891,0.84,0.372
19,10,news,19960,7.1053,1.07,10.186,0.0,0.6272,5.9339,2.1694,3.7646,2.7309,29,0.346,0.004,0.519,0.067,0.0,0.54,0.632,0.153,0.469,0.336,0.78,0.649,0.647,0.406,0.91,0.783,0.687,0.524,0.972,0.902,0.724,0.618
19,10,val,5988,6.6399,1.0,10.186,0.0,0.6272,5.9339,2.1694,3.7646,2.7309,29,0.346,0.0042,0.612,0.188,0.0,0.774,0.677,0.445,0.692,0.249,0.651,0.502,0.481,0.311,0.791,0.672,0.636,0.431,0.896,0.818,0.712,0.551
19,11,code,19960,6.5002,1.213,6.5439,0.0,0.2879,5.9281,4.1215,1.8066,1.4404,44,0.462,0.0043,0.651,0.136,0.0,0.56,0.205,0.148,1.31,0.143,0.775,0.553,0.597,0.12,0.866,0.65,0.646,0.198,0.937,0.715,0.694,0.321
19,11,dialogue,19960,6.5846,1.229,6.5439,0.0,0.2879,5.9281,4.1215,1.8066,1.4404,44,0.462,0.0212,0.913,0.689,0.0,0.799,0.292,0.204,1.295,0.133,0.615,0.409,0.427,0.181,0.749,0.526,0.508,0.279,0.871,0.642,0.594,0.47
19,11,fiction,19960,6.3043,1.177,6.5439,0.0,0.2879,5.9281,4.1215,1.8066,1.4404,44,0.462,0.004,0.57,0.059,0.0,0.629,0.329,0.293,1.302,0.091,0.701,0.499,0.542,0.114,0.806,0.632,0.626,0.19,0.898,0.725,0.702,0.309
19,11,math,19960,5.8468,1.091,6.5439,0.0,0.2879,5.9281,4.1215,1.8066,1.4404,44,0.462,0.004,0.646,0.145,0.0,0.778,0.468,0.387,1.219,0.105,0.633,0.397,0.406,0.143,0.77,0.571,0.535,0.246,0.89,0.707,0.647,0.401
19,11,news,19960,5.9887,1.118,6.5439,0.0,0.2879,5.9281,4.1215,1.8066,1.4404,44,0.462,0.004,0.519,0.067,0.0,0.407,0.32,0.233,1.177,0.081,0.817,0.688,0.713,0.107,0.895,0.777,0.761,0.174,0.952,0.84,0.807,0.272
19,11,val,5988,5.3579,1.0,6.5439,0.0,0.2879,5.9281,4.1215,1.8066,1.4404,44,0.462,0.0042,0.612,0.188,0.0,0.677,0.54,0.494,1.451,0.079,0.69,0.513,0.506,0.097,0.802,0.661,0.63,0.171,0.9,0.772,0.742,0.286
19,12,code,19960,6.7929,1.129,8.1148,0.0,0.2821,5.8421,3.8291,2.013,1.7589,42,0.449,0.004,0.65,0.029,0.0,0.682,0.344,0.341,1.487,0.068,0.702,0.466,0.517,0.125,0.832,0.621,0.651,0.225,0.93,0.716,0.69,0.38
19,12,dialogue,19960,5.8156,0.967,8.1148,0.0,0.2821,5.8421,3.8291,2.013,1.7589,42,0.449,0.004,0.538,0.03,0.0,0.791,0.38,0.298,1.241,0.055,0.654,0.471,0.506,0.115,0.793,0.62,0.624,0.204,0.904,0.717,0.702,0.366
19,12,fiction,19960,6.0338,1.003,8.1148,0.0,0.2821,5.8421,3.8291,2.013,1.7589,42,0.449,0.0039,0.577,0.029,0.0,0.571,0.301,0.189,1.273,0.043,0.763,0.55,0.614,0.074,0.858,0.678,0.662,0.141,0.933,0.767,0.752,0.28
19,12,math,19960,6.2428,1.038,8.1148,0.0,0.2821,5.8421,3.8291,2.013,1.7589,42,0.449,0.004,0.646,0.137,0.0,0.865,0.406,0.335,1.414,0.081,0.603,0.356,0.363,0.157,0.764,0.518,0.516,0.282,0.896,0.651,0.605,0.46
19,12,news,19960,6.4005,1.064,8.1148,0.0,0.2821,5.8421,3.8291,2.013,1.7589,42,0.449,0.004,0.519,0.067,0.0,0.483,0.347,0.231,1.502,0.063,0.813,0.663,0.688,0.095,0.901,0.768,0.754,0.167,0.958,0.837,0.805,0.28
19,12,val,5988,6.0167,1.0,8.1148,0.0,0.2821,5.8421,3.8291,2.013,1.7589,42,0.449,0.0042,0.612,0.188,0.0,0.794,0.406,0.359,1.612,0.069,0.661,0.464,0.455,0.107,0.794,0.59,0.58,0.194,0.901,0.725,0.707,0.324
19,13,code,19960,7.8512,1.126,7.3551,0.0,0.3686,5.9024,3.748,2.1544,1.3437,54,0.551,0.004,0.658,0.017,0.0,0.523,0.181,0.182,1.209,0.132,0.763,0.652,0.695,0.149,0.849,0.728,0.741,0.222,0.918,0.777,0.771,0.318
19,13,dialogue,19960,7.371,1.057,7.3551,0.0,0.3686,5.9024,3.748,2.1544,1.3437,54,0.551,0.004,0.538,0.03,0.0,0.326,0.354,0.366,1.074,0.078,0.822,0.724,0.761,0.094,0.882,0.801,0.804,0.147,0.934,0.858,0.866,0.229
19,13,fiction,19960,7.931,1.137,7.3551,0.0,0.3686,5.9024,3.748,2.1544,1.3437,54,0.551,0.005,0.683,0.167,0.0,0.488,0.221,0.102,1.068,0.142,0.762,0.666,0.696,0.16,0.843,0.737,0.733,0.234,0.914,0.796,0.778,0.349
19,13,math,19960,7.373,1.057,7.3551,0.0,0.3686,5.9024,3.748,2.1544,1.3437,54,0.551,0.004,0.658,0.124,0.0,0.641,0.264,0.182,1.29,0.151,0.717,0.592,0.607,0.171,0.818,0.671,0.671,0.259,0.903,0.747,0.737,0.374
19,13,news,19960,7.8737,1.129,7.3551,0.0,0.3686,5.9024,3.748,2.1544,1.3437,54,0.551,0.004,0.519,0.067,0.0,0.267,0.346,0.385,1.224,0.142,0.867,0.772,0.789,0.139,0.926,0.834,0.835,0.196,0.965,0.883,0.868,0.273
19,13,val,5988,6.9749,1.0,7.3551,0.0,0.3686,5.9024,3.748,2.1544,1.3437,54,0.551,0.0042,0.612,0.188,0.0,0.509,0.433,0.383,1.529,0.14,0.791,0.661,0.661,0.126,0.87,0.753,0.736,0.191,0.932,0.825,0.808,0.288
19,14,code,19960,6.3612,1.119,7.4664,0.0,0.4787,5.9363,3.0497,2.8866,1.6792,54,0.657,0.004,0.658,0.017,0.0,0.211,0.109,0.075,0.648,0.081,0.853,0.789,0.824,0.093,0.907,0.835,0.839,0.144,0.951,0.86,0.85,0.221
19,14,dialogue,19960,6.0724,1.068,7.4664,0.0,0.4787,5.9363,3.0497,2.8866,1.6792,54,0.657,0.004,0.538,0.03,0.0,0.548,0.487,0.311,1.138,0.072,0.719,0.641,0.66,0.078,0.803,0.734,0.718,0.136,0.882,0.815,0.781,0.234
19,14,fiction,19960,6.4433,1.134,7.4664,0.0,0.4787,5.9363,3.0497,2.8866,1.6792,54,0.657,0.0039,0.59,0.025,0.0,0.429,0.479,0.191,1.244,0.071,0.773,0.67,0.696,0.074,0.85,0.77,0.743,0.126,0.915,0.85,0.82,0.225
19,14,math,19960,6.6395,1.168,7.4664,0.0,0.4787,5.9363,3.0497,2.8866,1.6792,54,0.657,0.0039,0.654,0.124,0.0,0.743,0.197,0.068,0.738,0.255,0.643,0.535,0.541,0.273,0.774,0.596,0.578,0.371,0.88,0.688,0.631,0.495
19,14,news,19960,6.2119,1.093,7.4664,0.0,0.4787,5.9363,3.0497,2.8866,1.6792,54,0.657,0.004,0.519,0.067,0.0,0.161,0.409,0.214,0.866,0.094,0.897,0.846,0.857,0.093,0.943,0.891,0.882,0.138,0.974,0.929,0.906,0.2
19,14,val,5988,5.6833,1.0,7.4664,0.0,0.4787,5.9363,3.0497,2.8866,1.6792,54,0.657,0.0042,0.612,0.188,0.0,0.359,0.657,0.348,1.184,0.103,0.808,0.726,0.725,0.101,0.883,0.817,0.78,0.163,0.945,0.895,0.851,0.247
19,15,code,19960,6.324,1.056,7.4762,0.0,0.3619,5.8174,3.6914,2.126,1.577,19,0.293,0.004,0.658,0.017,0.0,0.715,0.192,0.083,1.887,0.078,0.678,0.476,0.497,0.155,0.812,0.542,0.535,0.262,0.915,0.661,0.604,0.412
19,15,dialogue,19960,5.9003,0.986,7.4762,0.0,0.3619,5.8174,3.6914,2.126,1.577,19,0.293,0.004,0.538,0.03,0.0,0.876,0.273,0.075,1.409,0.108,0.586,0.411,0.435,0.195,0.747,0.505,0.489,0.299,0.881,0.648,0.586,0.477
19,15,fiction,19960,5.9926,1.001,7.4762,0.0,0.3619,5.8174,3.6914,2.126,1.577,19,0.293,0.0038,0.584,0.017,0.0,0.761,0.251,0.052,1.419,0.103,0.66,0.477,0.513,0.187,0.803,0.561,0.548,0.3,0.915,0.689,0.628,0.469
19,15,math,19960,6.1632,1.029,7.4762,0.0,0.3619,5.8174,3.6914,2.126,1.577,19,0.293,0.0039,0.654,0.124,0.0,0.885,0.239,0.114,1.598,0.127,0.582,0.352,0.358,0.238,0.751,0.445,0.424,0.37,0.887,0.568,0.501,0.538
19,15,news,19960,6.4372,1.075,7.4762,0.0,0.3619,5.8174,3.6914,2.126,1.577,19,0.293,0.004,0.519,0.067,0.0,0.727,0.341,0.076,1.591,0.168,0.713,0.533,0.542,0.223,0.851,0.632,0.579,0.347,0.94,0.761,0.648,0.489
19,15,val,5988,5.987,1.0,7.4762,0.0,0.3619,5.8174,3.6914,2.126,1.577,19,0.293,0.0042,0.612,0.188,0.0,0.861,0.312,0.188,1.773,0.136,0.624,0.402,0.4,0.186,0.774,0.509,0.479,0.299,0.892,0.651,0.597,0.45
20,0,code,19955,7.3676,1.129,7.9827,0.0,0.5177,5.7425,2.9812,2.7612,1.7323,8,0.814,0.004,0.658,0.017,0.0,0.051,0.303,0.347,1.07,0.058,0.979,0.906,0.956,0.066,0.991,0.965,0.967,0.109,0.997,0.975,0.972,0.19
20,0,dialogue,19960,6.2289,0.955,7.9827,0.0,0.5177,5.7425,2.9812,2.7612,1.7323,8,0.814,0.004,0.538,0.03,0.0,0.017,0.506,0.47,0.954,0.033,0.997,0.937,0.986,0.044,0.999,0.992,0.991,0.091,1.0,0.994,0.995,0.163
20,0,fiction,19960,6.4103,0.983,7.9827,0.0,0.5177,5.7425,2.9812,2.7612,1.7323,8,0.814,0.0052,0.689,0.163,0.0,0.07,0.371,0.372,1.033,0.033,0.983,0.886,0.931,0.05,0.993,0.949,0.954,0.111,0.998,0.965,0.961,0.232
20,0,math,19960,6.5228,1.0,7.9827,0.0,0.5177,5.7425,2.9812,2.7612,1.7323,8,0.814,0.004,0.658,0.124,0.0,0.151,0.508,0.743,0.904,0.067,0.956,0.855,0.873,0.09,0.979,0.916,0.937,0.149,0.992,0.941,0.95,0.24
20,0,news,19960,7.0173,1.076,7.9827,0.0,0.5177,5.7425,2.9812,2.7612,1.7323,8,0.814,0.004,0.519,0.067,0.0,0.185,0.335,0.193,1.409,0.154,0.95,0.842,0.854,0.152,0.984,0.891,0.875,0.207,0.997,0.929,0.907,0.273
20,0,val,5988,6.5229,1.0,7.9827,0.0,0.5177,5.7425,2.9812,2.7612,1.7323,8,0.814,0.0042,0.612,0.188,0.0,0.184,0.423,0.391,1.301,0.101,0.952,0.859,0.854,0.112,0.983,0.904,0.892,0.169,0.996,0.942,0.926,0.246
20,1,code,19960,7.2874,1.042,9.0398,0.0,0.3059,5.9353,3.9703,1.965,1.6014,28,0.333,0.004,0.658,0.017,0.0,0.553,0.275,0.189,1.497,0.08,0.759,0.568,0.597,0.126,0.87,0.666,0.655,0.218,0.95,0.749,0.727,0.354
20,1,dialogue,19960,7.0226,1.004,9.0398,0.0,0.3059,5.9353,3.9703,1.965,1.6014,28,0.333,0.004,0.538,0.03,0.0,0.85,0.266,0.207,1.338,0.116,0.605,0.375,0.378,0.169,0.766,0.462,0.433,0.29,0.897,0.618,0.557,0.466
20,1,fiction,19960,7.2666,1.039,9.0398,0.0,0.3059,5.9353,3.9703,1.965,1.6014,28,0.333,0.004,0.568,0.021,0.0,0.744,0.245,0.182,1.436,0.094,0.676,0.466,0.493,0.133,0.806,0.551,0.525,0.224,0.91,0.679,0.629,0.375
20,1,math,19960,7.1811,1.027,9.0398,0.0,0.3059,5.9353,3.9703,1.965,1.6014,28,0.333,0.0039,0.654,0.124,0.0,0.729,0.237,0.149,1.409,0.122,0.682,0.469,0.476,0.201,0.825,0.551,0.527,0.322,0.931,0.668,0.66,0.468
20,1,news,19960,7.6551,1.094,9.0398,0.0,0.3059,5.9353,3.9703,1.965,1.6014,28,0.333,0.004,0.519,0.067,0.0,0.674,0.393,0.212,1.474,0.189,0.726,0.522,0.532,0.197,0.859,0.645,0.602,0.316,0.951,0.782,0.668,0.456
20,1,val,5988,6.9947,1.0,9.0398,0.0,0.3059,5.9353,3.9703,1.965,1.6014,28,0.333,0.0042,0.612,0.188,0.0,0.762,0.351,0.25,1.654,0.158,0.656,0.473,0.473,0.17,0.794,0.579,0.562,0.267,0.905,0.715,0.664,0.397
20,2,code,19960,7.1716,1.117,7.9472,0.0,0.2954,5.8927,3.9306,1.9621,1.5746,49,0.464,0.004,0.658,0.017,0.0,0.689,0.268,0.235,1.442,0.066,0.712,0.496,0.535,0.108,0.843,0.615,0.591,0.198,0.938,0.75,0.711,0.353
20,2,dialogue,19960,6.6089,1.029,7.9472,0.0,0.2954,5.8927,3.9306,1.9621,1.5746,49,0.464,0.004,0.538,0.03,0.0,0.795,0.583,0.306,1.071,0.059,0.679,0.474,0.503,0.115,0.827,0.669,0.62,0.21,0.933,0.813,0.732,0.387
20,2,fiction,19960,7.0999,1.106,7.9472,0.0,0.2954,5.8927,3.9306,1.9621,1.5746,49,0.464,0.0038,0.584,0.017,0.0,0.552,0.484,0.179,1.177,0.048,0.776,0.602,0.634,0.083,0.875,0.732,0.698,0.154,0.947,0.851,0.805,0.278
20,2,math,19960,6.7301,1.048,7.9472,0.0,0.2954,5.8927,3.9306,1.9621,1.5746,49,0.464,0.0039,0.654,0.124,0.0,0.838,0.486,0.333,1.307,0.078,0.667,0.374,0.39,0.149,0.82,0.57,0.521,0.273,0.928,0.746,0.665,0.456
20,2,news,19960,6.9916,1.089,7.9472,0.0,0.2954,5.8927,3.9306,1.9621,1.5746,49,0.464,0.004,0.519,0.067,0.0,0.412,0.371,0.186,1.381,0.059,0.845,0.713,0.729,0.083,0.922,0.795,0.777,0.146,0.969,0.871,0.839,0.243
20,2,val,5988,6.4206,1.0,7.9472,0.0,0.2954,5.8927,3.9306,1.9621,1.5746,49,0.464,0.0042,0.612,0.188,0.0,0.738,0.522,0.367,1.421,0.067,0.711,0.494,0.499,0.096,0.836,0.657,0.628,0.168,0.927,0.785,0.737,0.291
20,3,code,19949,6.6317,1.045,8.8,0.0,0.3634,5.8366,3.4779,2.3587,1.9123,18,0.79,0.004,0.658,0.017,0.0,0.085,0.389,0.399,1.526,0.051,0.986,0.92,0.928,0.047,0.995,0.948,0.951,0.076,0.998,0.966,0.96,0.136
20,3,dialogue,19960,7.4096,1.168,8.8,0.0,0.3634,5.8366,3.4779,2.3587,1.9123,18,0.79,0.004,0.538,0.03,0.0,0.06,0.214,0.213,1.349,0.029,0.994,0.942,0.949,0.028,0.999,0.959,0.954,0.052,1.0,0.965,0.962,0.112
20,3,fiction,19956,7.4063,1.167,8.8,0.0,0.3634,5.8366,3.4779,2.3587,1.9123,18,0.79,0.0038,0.584,0.017,0.0,0.092,0.325,0.605,1.395,0.035,0.984,0.902,0.914,0.032,0.993,0.933,0.951,0.055,0.998,0.955,0.963,0.115
20,3,math,19957,6.4872,1.022,8.8,0.0,0.3634,5.8366,3.4779,2.3587,1.9123,18,0.79,0.0039,0.654,0.124,0.0,0.22,0.529,0.589,1.374,0.064,0.972,0.804,0.803,0.075,0.992,0.876,0.907,0.126,0.998,0.926,0.926,0.212
20,3,news,19957,7.0525,1.111,8.8,0.0,0.3634,5.8366,3.4779,2.3587,1.9123,18,0.79,0.004,0.519,0.067,0.0,0.263,0.569,0.561,1.381,0.095,0.986,0.769,0.771,0.083,0.998,0.869,0.888,0.134,1.0,0.95,0.919,0.221
20,3,val,5988,6.3456,1.0,8.8,0.0,0.3634,5.8366,3.4779,2.3587,1.9123,18,0.79,0.0042,0.612,0.188,0.0,0.154,0.748,0.78,1.487,0.073,0.983,0.863,0.86,0.066,0.996,0.942,0.942,0.115,0.999,0.978,0.971,0.198
20,4,code,19960,7.7536,0.997,10.1863,0.0,0.444,5.9324,3.2355,2.6969,1.9154,59,0.404,0.004,0.658,0.017,0.0,0.291,0.358,0.212,1.505,0.085,0.862,0.748,0.789,0.089,0.921,0.817,0.824,0.144,0.964,0.879,0.838,0.231
20,4,dialogue,19960,8.397,1.08,10.1863,0.0,0.444,5.9324,3.2355,2.6969,1.9154,59,0.404,0.004,0.538,0.03,0.0,0.335,0.393,0.213,1.106,0.159,0.841,0.748,0.772,0.16,0.902,0.814,0.81,0.206,0.948,0.871,0.828,0.279
20,4,fiction,19960,8.7309,1.123,10.1863,0.0,0.444,5.9324,3.2355,2.6969,1.9154,59,0.404,0.0038,0.584,0.017,0.0,0.332,0.359,0.161,1.356,0.229,0.857,0.721,0.75,0.221,0.914,0.791,0.78,0.276,0.955,0.854,0.801,0.348
20,4,math,19960,7.8989,1.016,10.1863,0.0,0.444,5.9324,3.2355,2.6969,1.9154,59,0.404,0.0039,0.654,0.124,0.0,0.521,0.372,0.152,1.27,0.18,0.749,0.602,0.615,0.193,0.842,0.69,0.663,0.272,0.919,0.774,0.692,0.375
20,4,news,19960,8.1897,1.053,10.1863,0.0,0.444,5.9324,3.2355,2.6969,1.9154,59,0.404,0.004,0.519,0.067,0.0,0.341,0.429,0.2,1.419,0.257,0.867,0.744,0.758,0.238,0.93,0.822,0.797,0.302,0.967,0.881,0.821,0.375
20,4,val,5988,7.7745,1.0,10.1863,0.0,0.444,5.9324,3.2355,2.6969,1.9154,59,0.404,0.0042,0.612,0.188,0.0,0.574,0.364,0.264,1.542,0.236,0.751,0.588,0.584,0.226,0.845,0.674,0.648,0.313,0.919,0.765,0.713,0.415
20,5,code,19960,6.9883,1.084,6.9383,0.0,0.4125,5.8752,3.8412,2.034,1.2561,21,0.698,0.004,0.658,0.017,0.0,0.097,0.298,0.164,1.488,0.095,0.967,0.911,0.918,0.072,0.983,0.934,0.931,0.1,0.992,0.952,0.939,0.171
20,5,dialogue,19960,6.3821,0.99,6.9383,0.0,0.4125,5.8752,3.8412,2.034,1.2561,21,0.698,0.004,0.538,0.03,0.0,0.113,0.319,0.151,1.473,0.07,0.95,0.912,0.913,0.066,0.972,0.931,0.925,0.097,0.987,0.951,0.936,0.171
20,5,fiction,19960,6.9373,1.076,6.9383,0.0,0.4125,5.8752,3.8412,2.034,1.2561,21,0.698,0.0051,0.686,0.171,0.0,0.2,0.265,0.264,1.611,0.116,0.914,0.836,0.838,0.089,0.946,0.868,0.874,0.13,0.973,0.898,0.89,0.231
20,5,math,19960,6.6449,1.031,6.9383,0.0,0.4125,5.8752,3.8412,2.034,1.2561,21,0.698,0.004,0.662,0.133,0.0,0.183,0.348,0.471,1.483,0.091,0.928,0.843,0.847,0.089,0.958,0.886,0.9,0.129,0.98,0.914,0.913,0.204
20,5,news,19960,7.0851,1.099,6.9383,0.0,0.4125,5.8752,3.8412,2.034,1.2561,21,0.698,0.0041,0.512,0.067,0.0,0.152,0.368,0.287,1.779,0.14,0.953,0.875,0.876,0.098,0.979,0.906,0.905,0.13,0.992,0.937,0.921,0.19
20,5,val,5988,6.4459,1.0,6.9383,0.0,0.4125,5.8752,3.8412,2.034,1.2561,21,0.698,0.0042,0.612,0.188,0.0,0.221,0.385,0.326,1.854,0.121,0.916,0.822,0.822,0.107,0.957,0.871,0.871,0.154,0.983,0.917,0.902,0.233
20,6,code,19960,8.2405,1.256,9.898,0.0,0.5943,5.9731,1.9861,3.987,3.5329,20,0.404,0.004,0.658,0.017,0.0,0.327,0.799,0.092,0.346,0.335,0.851,0.752,0.779,0.375,0.949,0.903,0.794,0.443,0.982,0.956,0.814,0.503
20,6,dialogue,19960,7.0475,1.075,9.898,0.0,0.5943,5.9731,1.9861,3.987,3.5329,20,0.404,0.004,0.543,0.045,0.0,0.397,0.892,0.089,0.345,0.364,0.835,0.716,0.73,0.445,0.945,0.903,0.747,0.524,0.978,0.956,0.772,0.575
20,6,fiction,19960,7.3412,1.119,9.898,0.0,0.5943,5.9731,1.9861,3.987,3.5329,20,0.404,0.0039,0.59,0.017,0.0,0.509,0.834,0.089,0.601,0.279,0.8,0.649,0.667,0.366,0.922,0.857,0.689,0.489,0.972,0.928,0.723,0.562
20,6,math,19960,7.0533,1.075,9.898,0.0,0.5943,5.9731,1.9861,3.987,3.5329,20,0.404,0.0039,0.654,0.124,0.0,0.436,0.887,0.107,0.38,0.341,0.824,0.7,0.706,0.428,0.941,0.889,0.729,0.526,0.981,0.956,0.759,0.593
20,6,news,19960,6.948,1.059,9.898,0.0,0.5943,5.9731,1.9861,3.987,3.5329,20,0.404,0.004,0.519,0.067,0.0,0.47,0.861,0.104,0.568,0.293,0.813,0.692,0.698,0.371,0.943,0.885,0.719,0.484,0.984,0.955,0.75,0.551
20,6,val,5988,6.5585,1.0,9.898,0.0,0.5943,5.9731,1.9861,3.987,3.5329,20,0.404,0.0042,0.612,0.188,0.0,0.521,0.858,0.11,0.603,0.32,0.8,0.676,0.671,0.387,0.926,0.859,0.698,0.494,0.973,0.937,0.733,0.566
20,7,code,19953,7.8086,1.092,12.7669,0.0,0.4078,5.9368,3.3995,2.5373,2.0692,51,0.719,0.0046,0.696,0.141,0.0,0.339,0.22,0.134,1.86,0.036,0.96,0.644,0.699,0.065,0.988,0.747,0.736,0.126,0.997,0.804,0.789,0.255
20,7,dialogue,19933,7.5312,1.053,12.7669,0.0,0.4078,5.9368,3.3995,2.5373,2.0692,51,0.719,0.004,0.538,0.03,0.0,0.258,0.45,0.413,1.348,0.033,0.974,0.748,0.781,0.059,0.992,0.851,0.865,0.1,0.998,0.91,0.931,0.187
20,7,fiction,19808,7.8659,1.1,12.7669,0.0,0.4078,5.9368,3.3995,2.5373,2.0692,51,0.719,0.0038,0.584,0.017,0.0,0.162,0.356,0.208,1.252,0.029,0.987,0.781,0.853,0.038,0.997,0.88,0.874,0.075,0.999,0.93,0.916,0.163
20,7,math,19909,7.5293,1.053,12.7669,0.0,0.4078,5.9368,3.3995,2.5373,2.0692,51,0.719,0.0042,0.663,0.148,0.0,0.383,0.265,0.156,1.473,0.045,0.958,0.62,0.654,0.077,0.989,0.719,0.703,0.145,0.998,0.796,0.761,0.281
20,7,news,19894,7.667,1.072,12.7669,0.0,0.4078,5.9368,3.3995,2.5373,2.0692,51,0.719,0.004,0.519,0.067,0.0,0.11,0.529,0.358,1.429,0.038,0.993,0.873,0.904,0.05,0.999,0.94,0.936,0.089,1.0,0.973,0.955,0.163
20,7,val,5970,7.1521,1.0,12.7669,0.0,0.4078,5.9368,3.3995,2.5373,2.0692,51,0.719,0.0042,0.612,0.188,0.0,0.306,0.408,0.326,1.611,0.05,0.966,0.728,0.728,0.075,0.991,0.817,0.796,0.134,0.998,0.884,0.864,0.225
20,8,code,19787,6.9868,1.055,7.9736,0.0,0.4766,5.9057,3.0342,2.8715,2.2265,48,0.81,0.004,0.658,0.017,0.0,0.035,0.34,0.531,1.149,0.029,0.992,0.921,0.97,0.04,0.996,0.977,0.982,0.071,0.999,0.983,0.986,0.144
20,8,dialogue,19954,6.9515,1.05,7.9736,0.0,0.4766,5.9057,3.0342,2.8715,2.2265,48,0.81,0.004,0.538,0.03,0.0,0.025,0.65,0.64,0.988,0.028,0.995,0.935,0.98,0.033,0.997,0.992,0.992,0.067,0.998,0.994,0.994,0.15
20,8,fiction,19956,6.855,1.035,7.9736,0.0,0.4766,5.9057,3.0342,2.8715,2.2265,48,0.81,0.005,0.68,0.16,0.0,0.096,0.333,0.747,1.238,0.042,0.989,0.86,0.912,0.045,0.996,0.934,0.974,0.094,0.998,0.955,0.978,0.203
20,8,math,19884,6.6107,0.998,7.9736,0.0,0.4766,5.9057,3.0342,2.8715,2.2265,48,0.81,0.004,0.662,0.133,0.0,0.152,0.467,0.784,0.976,0.043,0.983,0.845,0.863,0.061,0.996,0.915,0.964,0.115,0.999,0.945,0.97,0.208
20,8,news,19954,7.0917,1.071,7.9736,0.0,0.4766,5.9057,3.0342,2.8715,2.2265,48,0.81,0.004,0.519,0.067,0.0,0.088,0.53,0.424,1.222,0.081,0.985,0.908,0.926,0.075,0.996,0.959,0.953,0.117,0.999,0.974,0.969,0.172
20,8,val,5985,6.6228,1.0,7.9736,0.0,0.4766,5.9057,3.0342,2.8715,2.2265,48,0.81,0.0042,0.612,0.188,0.0,0.159,0.623,0.43,1.188,0.067,0.983,0.872,0.86,0.076,0.995,0.935,0.91,0.123,0.998,0.976,0.978,0.213
20,9,code,19960,6.916,1.039,6.8228,0.0,0.4289,5.9338,3.6706,2.2631,0.9965,36,0.796,0.004,0.658,0.017,0.0,0.124,0.598,0.887,1.197,0.036,0.988,0.85,0.893,0.038,0.995,0.943,0.908,0.081,0.998,0.97,0.988,0.166
20,9,dialogue,19960,6.5058,0.978,6.8228,0.0,0.4289,5.9338,3.6706,2.2631,0.9965,36,0.796,0.004,0.538,0.03,0.0,0.023,0.77,0.706,1.064,0.027,0.997,0.937,0.982,0.03,0.999,0.994,0.993,0.06,0.999,0.996,0.996,0.102
20,9,fiction,19960,6.8781,1.034,6.8228,0.0,0.4289,5.9338,3.6706,2.2631,0.9965,36,0.796,0.005,0.677,0.161,0.0,0.097,0.58,0.886,1.369,0.029,0.98,0.871,0.915,0.038,0.99,0.949,0.971,0.073,0.995,0.973,0.982,0.143
20,9,math,19960,6.6214,0.995,6.8228,0.0,0.4289,5.9338,3.6706,2.2631,0.9965,36,0.796,0.0039,0.654,0.124,0.0,0.182,0.571,0.746,1.125,0.055,0.96,0.815,0.835,0.061,0.983,0.897,0.929,0.098,0.994,0.941,0.957,0.167
20,9,news,19960,7.0707,1.063,6.8228,0.0,0.4289,5.9338,3.6706,2.2631,0.9965,36,0.796,0.004,0.519,0.067,0.0,0.127,0.605,0.652,1.137,0.088,0.976,0.864,0.894,0.081,0.994,0.94,0.953,0.122,0.999,0.967,0.97,0.177
20,9,val,5988,6.6532,1.0,6.8228,0.0,0.4289,5.9338,3.6706,2.2631,0.9965,36,0.796,0.0042,0.612,0.188,0.0,0.239,0.516,0.456,1.317,0.126,0.94,0.811,0.804,0.117,0.975,0.877,0.874,0.166,0.992,0.918,0.91,0.23
20,10,code,19960,6.8672,1.046,7.2323,0.0,0.418,5.8568,3.647,2.2098,1.4251,36,0.717,0.004,0.658,0.017,0.0,0.057,0.354,0.486,1.011,0.045,0.983,0.886,0.949,0.054,0.994,0.963,0.97,0.096,0.998,0.969,0.975,0.227
20,10,dialogue,19960,6.2279,0.949,7.2323,0.0,0.418,5.8568,3.647,2.2098,1.4251,36,0.717,0.004,0.538,0.03,0.0,0.034,0.727,0.543,0.954,0.032,0.992,0.902,0.972,0.031,0.997,0.989,0.986,0.066,0.999,0.993,0.991,0.178
20,10,fiction,19960,6.8841,1.049,7.2323,0.0,0.418,5.8568,3.647,2.2098,1.4251,36,0.717,0.005,0.683,0.167,0.0,0.104,0.41,0.668,0.933,0.051,0.97,0.836,0.908,0.05,0.986,0.934,0.955,0.113,0.994,0.947,0.963,0.28
20,10,math,19960,6.5746,1.002,7.2323,0.0,0.418,5.8568,3.647,2.2098,1.4251,36,0.717,0.004,0.658,0.124,0.0,0.148,0.505,0.648,0.937,0.051,0.964,0.843,0.868,0.067,0.986,0.918,0.938,0.125,0.996,0.932,0.955,0.254
20,10,news,19960,7.0062,1.067,7.2323,0.0,0.418,5.8568,3.647,2.2098,1.4251,36,0.717,0.004,0.519,0.067,0.0,0.185,0.457,0.336,1.55,0.114,0.95,0.817,0.851,0.116,0.983,0.903,0.898,0.179,0.996,0.931,0.907,0.261
20,10,val,5988,6.5641,1.0,7.2323,0.0,0.418,5.8568,3.647,2.2098,1.4251,36,0.717,0.0042,0.612,0.188,0.0,0.242,0.562,0.565,1.579,0.119,0.931,0.803,0.805,0.129,0.972,0.887,0.881,0.186,0.991,0.923,0.915,0.266
20,11,code,19960,6.8816,1.045,7.2544,0.0,0.3626,5.8947,4.0183,1.8764,1.1827,63,0.349,0.004,0.658,0.017,0.0,0.071,0.232,0.135,1.011,0.032,0.981,0.728,0.939,0.033,0.993,0.929,0.945,0.057,0.998,0.96,0.958,0.109
20,11,dialogue,19960,5.9826,0.909,7.2544,0.0,0.3626,5.8947,4.0183,1.8764,1.1827,63,0.349,0.004,0.538,0.03,0.0,0.148,0.483,0.359,0.84,0.033,0.976,0.705,0.875,0.041,0.994,0.901,0.912,0.063,0.999,0.949,0.948,0.115
20,11,fiction,19960,6.9026,1.049,7.2544,0.0,0.3626,5.8947,4.0183,1.8764,1.1827,63,0.349,0.0038,0.584,0.017,0.0,0.17,0.571,0.4,0.909,0.037,0.977,0.658,0.851,0.039,0.992,0.853,0.905,0.073,0.997,0.954,0.959,0.151
20,11,math,19960,6.5083,0.989,7.2544,0.0,0.3626,5.8947,4.0183,1.8764,1.1827,63,0.349,0.0039,0.654,0.124,0.0,0.326,0.478,0.379,0.889,0.062,0.942,0.589,0.726,0.074,0.981,0.816,0.81,0.126,0.995,0.892,0.885,0.211
20,11,news,19960,7.1452,1.086,7.2544,0.0,0.3626,5.8947,4.0183,1.8764,1.1827,63,0.349,0.004,0.519,0.067,0.0,0.547,0.608,0.489,0.846,0.109,0.924,0.469,0.556,0.088,0.984,0.749,0.73,0.154,0.998,0.885,0.902,0.253
20,11,val,5988,6.5823,1.0,7.2544,0.0,0.3626,5.8947,4.0183,1.8764,1.1827,63,0.349,0.0042,0.612,0.188,0.0,0.731,0.901,0.861,0.977,0.103,0.954,0.382,0.345,0.095,0.991,0.866,0.797,0.17,0.998,0.964,0.956,0.31
20,12,code,19960,7.7035,1.384,6.3028,0.0,0.2441,5.9188,4.4512,1.4675,1.1053,27,0.672,0.004,0.658,0.017,0.0,0.076,0.132,0.137,1.772,0.036,0.974,0.925,0.932,0.03,0.988,0.94,0.936,0.048,0.996,0.947,0.951,0.079
20,12,dialogue,19960,6.2336,1.12,6.3028,0.0,0.2441,5.9188,4.4512,1.4675,1.1053,27,0.672,0.004,0.538,0.03,0.0,0.096,0.425,0.428,1.625,0.037,0.973,0.913,0.922,0.028,0.989,0.947,0.945,0.044,0.997,0.961,0.96,0.081
20,12,fiction,19960,7.1712,1.289,6.3028,0.0,0.2441,5.9188,4.4512,1.4675,1.1053,27,0.672,0.0047,0.66,0.146,0.0,0.244,0.232,0.254,1.728,0.028,0.947,0.747,0.774,0.035,0.981,0.815,0.815,0.066,0.995,0.829,0.831,0.138
20,12,math,19960,6.4826,1.165,6.3028,0.0,0.2441,5.9188,4.4512,1.4675,1.1053,27,0.672,0.004,0.658,0.124,0.0,0.3,0.518,0.602,1.7,0.061,0.94,0.747,0.748,0.053,0.974,0.855,0.878,0.087,0.991,0.9,0.902,0.155
20,12,news,19960,6.4078,1.152,6.3028,0.0,0.2441,5.9188,4.4512,1.4675,1.1053,27,0.672,0.0041,0.524,0.088,0.0,0.564,0.798,0.861,1.718,0.083,0.928,0.544,0.544,0.073,0.981,0.838,0.904,0.129,0.995,0.929,0.927,0.241
20,12,val,5988,5.5644,1.0,6.3028,0.0,0.2441,5.9188,4.4512,1.4675,1.1053,27,0.672,0.0042,0.612,0.188,0.0,0.31,0.398,0.324,1.715,0.122,0.895,0.749,0.746,0.092,0.949,0.812,0.812,0.14,0.982,0.879,0.857,0.205
20,13,code,19960,7.4996,1.105,8.2151,0.0,0.2176,5.8919,4.1513,1.7406,1.4984,45,0.498,0.004,0.658,0.017,0.0,0.42,0.206,0.115,2.028,0.05,0.809,0.699,0.735,0.07,0.887,0.766,0.747,0.126,0.949,0.811,0.808,0.226
20,13,dialogue,19960,6.8657,1.011,8.2151,0.0,0.2176,5.8919,4.1513,1.7406,1.4984,45,0.498,0.004,0.538,0.03,0.0,0.645,0.2,0.134,1.86,0.049,0.749,0.616,0.631,0.074,0.853,0.674,0.668,0.126,0.933,0.741,0.726,0.238
20,13,fiction,19960,7.1012,1.046,8.2151,0.0,0.2176,5.8919,4.1513,1.7406,1.4984,45,0.498,0.0042,0.542,0.071,0.0,0.502,0.181,0.056,1.849,0.043,0.807,0.632,0.659,0.065,0.888,0.691,0.665,0.121,0.949,0.761,0.744,0.231
20,13,math,19960,7.1645,1.055,8.2151,0.0,0.2176,5.8919,4.1513,1.7406,1.4984,45,0.498,0.0039,0.654,0.124,0.0,0.723,0.237,0.066,1.996,0.071,0.712,0.507,0.519,0.117,0.839,0.577,0.536,0.205,0.932,0.683,0.657,0.336
20,13,news,19960,7.4972,1.104,8.2151,0.0,0.2176,5.8919,4.1513,1.7406,1.4984,45,0.498,0.004,0.519,0.067,0.0,0.435,0.235,0.121,1.997,0.067,0.834,0.706,0.72,0.071,0.909,0.759,0.736,0.123,0.961,0.823,0.794,0.207
20,13,val,5988,6.7888,1.0,8.2151,0.0,0.2176,5.8919,4.1513,1.7406,1.4984,45,0.498,0.0042,0.612,0.188,0.0,0.703,0.338,0.234,2.108,0.074,0.719,0.543,0.543,0.085,0.831,0.636,0.612,0.147,0.919,0.748,0.715,0.247
20,14,code,19960,8.7613,1.191,10.0315,0.0,0.1052,5.9014,4.9536,0.9479,0.8686,46,0.398,0.004,0.658,0.017,0.0,0.528,0.446,0.444,1.148,0.07,0.763,0.65,0.651,0.052,0.847,0.732,0.739,0.085,0.917,0.758,0.769,0.141
20,14,dialogue,19960,7.8229,1.063,10.0315,0.0,0.1052,5.9014,4.9536,0.9479,0.8686,46,0.398,0.004,0.538,0.03,0.0,0.774,0.507,0.515,1.171,0.049,0.635,0.474,0.475,0.045,0.745,0.575,0.576,0.09,0.844,0.634,0.633,0.175
20,14,fiction,19960,7.9683,1.083,10.0315,0.0,0.1052,5.9014,4.9536,0.9479,0.8686,46,0.398,0.004,0.595,0.054,0.0,0.827,0.692,0.694,1.133,0.06,0.65,0.423,0.424,0.056,0.771,0.615,0.627,0.104,0.865,0.682,0.675,0.192
20,14,math,19960,7.9271,1.077,10.0315,0.0,0.1052,5.9014,4.9536,0.9479,0.8686,46,0.398,0.0039,0.654,0.124,0.0,0.801,0.639,0.64,1.124,0.076,0.631,0.437,0.437,0.063,0.744,0.593,0.599,0.111,0.847,0.657,0.653,0.2
20,14,news,19960,8.0906,1.1,10.0315,0.0,0.1052,5.9014,4.9536,0.9479,0.8686,46,0.398,0.004,0.519,0.067,0.0,0.724,0.723,0.72,1.288,0.101,0.721,0.522,0.522,0.061,0.831,0.707,0.716,0.11,0.907,0.772,0.775,0.195
20,14,val,5988,7.3582,1.0,10.0315,0.0,0.1052,5.9014,4.9536,0.9479,0.8686,46,0.398,0.0042,0.612,0.188,0.0,0.785,0.635,0.645,1.29,0.097,0.64,0.467,0.468,0.061,0.76,0.611,0.611,0.107,0.864,0.716,0.705,0.182
20,15,code,19960,6.6228,1.077,8.1225,0.0,0.3186,5.9438,3.7664,2.1774,1.7489,40,0.471,0.004,0.658,0.017,0.0,0.513,0.235,0.191,1.43,0.055,0.748,0.6,0.66,0.084,0.847,0.696,0.702,0.161,0.927,0.766,0.779,0.284
20,15,dialogue,19960,5.9869,0.973,8.1225,0.0,0.3186,5.9438,3.7664,2.1774,1.7489,40,0.471,0.004,0.538,0.03,0.0,0.657,0.311,0.367,1.007,0.053,0.683,0.533,0.559,0.087,0.798,0.607,0.604,0.167,0.894,0.727,0.728,0.32
20,15,fiction,19960,6.4022,1.041,8.1225,0.0,0.3186,5.9438,3.7664,2.1774,1.7489,40,0.471,0.004,0.556,0.032,0.0,0.554,0.288,0.476,1.159,0.044,0.745,0.552,0.594,0.07,0.849,0.631,0.638,0.141,0.926,0.759,0.772,0.274
20,15,math,19960,6.3147,1.027,8.1225,0.0,0.3186,5.9438,3.7664,2.1774,1.7489,40,0.471,0.0039,0.654,0.124,0.0,0.743,0.248,0.226,1.3,0.074,0.658,0.481,0.499,0.133,0.795,0.565,0.565,0.236,0.906,0.671,0.679,0.383
20,15,news,19960,6.7897,1.104,8.1225,0.0,0.3186,5.9438,3.7664,2.1774,1.7489,40,0.471,0.004,0.519,0.067,0.0,0.554,0.502,0.285,1.266,0.077,0.769,0.638,0.65,0.101,0.873,0.751,0.724,0.188,0.947,0.855,0.781,0.32
20,15,val,5988,6.1513,1.0,8.1225,0.0,0.3186,5.9438,3.7664,2.1774,1.7489,40,0.471,0.0042,0.612,0.188,0.0,0.727,0.478,0.364,1.374,0.078,0.669,0.521,0.515,0.108,0.791,0.64,0.625,0.191,0.894,0.77,0.732,0.325
21,0,code,19960,6.4805,1.134,8.3078,0.0,0.3094,5.9014,3.5613,2.3401,2.1165,24,0.617,0.004,0.658,0.017,0.0,0.104,0.236,0.141,1.358,0.047,0.978,0.859,0.914,0.049,0.992,0.922,0.923,0.088,0.997,0.948,0.932,0.161
21,0,dialogue,19960,5.7746,1.011,8.3078,0.0,0.3094,5.9014,3.5613,2.3401,2.1165,24,0.617,0.004,0.543,0.045,0.0,0.168,0.366,0.359,1.463,0.058,0.926,0.815,0.875,0.067,0.958,0.89,0.893,0.111,0.981,0.938,0.922,0.187
21,0,fiction,19960,7.1648,1.254,8.3078,0.0,0.3094,5.9014,3.5613,2.3401,2.1165,24,0.617,0.005,0.68,0.168,0.0,0.174,0.487,0.931,1.703,0.028,0.986,0.766,0.856,0.06,0.997,0.914,0.976,0.129,0.999,0.94,0.984,0.267
21,0,math,19960,5.8061,1.016,8.3078,0.0,0.3094,5.9014,3.5613,2.3401,2.1165,24,0.617,0.0039,0.654,0.124,0.0,0.264,0.502,0.613,1.432,0.073,0.926,0.763,0.782,0.095,0.966,0.859,0.884,0.158,0.987,0.911,0.912,0.251
21,0,news,19960,6.5986,1.155,8.3078,0.0,0.3094,5.9014,3.5613,2.3401,2.1165,24,0.617,0.004,0.519,0.067,0.0,0.49,0.339,0.149,1.361,0.221,0.87,0.624,0.63,0.255,0.952,0.702,0.67,0.383,0.988,0.834,0.72,0.49
21,0,val,5988,5.7144,1.0,8.3078,0.0,0.3094,5.9014,3.5613,2.3401,2.1165,24,0.617,0.0042,0.612,0.188,0.0,0.282,0.595,0.489,1.489,0.093,0.902,0.789,0.78,0.106,0.949,0.87,0.844,0.169,0.98,0.928,0.904,0.252
21,1,code,19960,6.4768,1.09,8.1881,0.0,0.3257,5.9119,3.8018,2.1101,1.7817,32,0.413,0.004,0.658,0.017,0.0,0.532,0.431,0.365,1.226,0.051,0.784,0.557,0.627,0.089,0.883,0.69,0.705,0.172,0.95,0.814,0.794,0.303
21,1,dialogue,19960,5.7321,0.964,8.1881,0.0,0.3257,5.9119,3.8018,2.1101,1.7817,32,0.413,0.004,0.538,0.03,0.0,0.732,0.506,0.358,0.832,0.051,0.714,0.482,0.519,0.101,0.843,0.638,0.602,0.188,0.932,0.776,0.761,0.339
21,1,fiction,19960,5.9197,0.996,8.1881,0.0,0.3257,5.9119,3.8018,2.1101,1.7817,32,0.413,0.0038,0.584,0.017,0.0,0.657,0.535,0.438,0.996,0.043,0.736,0.469,0.528,0.072,0.851,0.634,0.641,0.145,0.932,0.796,0.748,0.296
21,1,math,19960,6.2984,1.06,8.1881,0.0,0.3257,5.9119,3.8018,2.1101,1.7817,32,0.413,0.0039,0.654,0.124,0.0,0.773,0.393,0.344,1.122,0.067,0.67,0.421,0.444,0.129,0.808,0.553,0.552,0.235,0.913,0.706,0.683,0.391
21,1,news,19960,6.406,1.078,8.1881,0.0,0.3257,5.9119,3.8018,2.1101,1.7817,32,0.413,0.004,0.519,0.067,0.0,0.537,0.473,0.336,1.09,0.062,0.8,0.631,0.655,0.105,0.898,0.749,0.73,0.192,0.96,0.839,0.804,0.32
21,1,val,5988,5.9432,1.0,8.1881,0.0,0.3257,5.9119,3.8018,2.1101,1.7817,32,0.413,0.0042,0.612,0.188,0.0,0.778,0.487,0.396,1.306,0.063,0.686,0.47,0.469,0.096,0.814,0.622,0.602,0.179,0.911,0.759,0.733,0.308
21,2,code,19960,11.7249,1.031,20.6215,0.0,0.345,5.9606,2.2152,3.7454,3.9435,47,0.199,0.004,0.658,0.017,0.0,0.243,0.6,0.105,1.686,0.552,0.95,0.81,0.818,0.454,0.994,0.899,0.831,0.497,0.999,0.967,0.848,0.523
21,2,dialogue,19960,12.2746,1.08,20.6215,0.0,0.345,5.9606,2.2152,3.7454,3.9435,47,0.199,0.004,0.538,0.03,0.0,0.127,0.585,0.141,1.68,0.63,0.955,0.89,0.894,0.583,0.993,0.94,0.903,0.602,0.999,0.98,0.916,0.621
21,2,fiction,19960,12.8296,1.128,20.6215,0.0,0.345,5.9606,2.2152,3.7454,3.9435,47,0.199,0.0038,0.584,0.017,0.0,0.184,0.569,0.11,1.739,0.845,0.964,0.849,0.851,0.786,0.996,0.914,0.861,0.813,1.0,0.972,0.876,0.827
21,2,math,19960,12.0316,1.058,20.6215,0.0,0.345,5.9606,2.2152,3.7454,3.9435,47,0.199,0.0039,0.654,0.124,0.0,0.23,0.606,0.107,1.682,0.764,0.946,0.825,0.826,0.674,0.993,0.905,0.839,0.712,0.999,0.97,0.856,0.735
21,2,news,19960,11.5467,1.015,20.6215,0.0,0.345,5.9606,2.2152,3.7454,3.9435,47,0.199,0.004,0.519,0.067,0.0,0.301,0.6,0.09,1.703,0.82,0.936,0.778,0.777,0.709,0.992,0.876,0.791,0.761,0.999,0.959,0.811,0.785
21,2,val,5988,11.3705,1.0,20.6215,0.0,0.345,5.9606,2.2152,3.7454,3.9435,47,0.199,0.0042,0.612,0.188,0.0,0.302,0.586,0.094,1.687,0.774,0.934,0.781,0.78,0.666,0.99,0.872,0.795,0.72,0.998,0.955,0.816,0.748
21,3,code,19960,6.6077,1.001,8.0477,0.0,0.3221,5.8042,4.2025,1.6018,1.0836,58,0.664,0.004,0.658,0.017,0.0,0.055,0.541,0.562,1.397,0.035,0.979,0.893,0.951,0.035,0.989,0.969,0.972,0.072,0.995,0.979,0.976,0.132
21,3,dialogue,19960,6.4957,0.984,8.0477,0.0,0.3221,5.8042,4.2025,1.6018,1.0836,58,0.664,0.004,0.538,0.03,0.0,0.189,0.461,0.325,1.438,0.071,0.925,0.826,0.864,0.077,0.96,0.907,0.9,0.131,0.982,0.934,0.912,0.207
21,3,fiction,19960,6.5015,0.985,8.0477,0.0,0.3221,5.8042,4.2025,1.6018,1.0836,58,0.664,0.0055,0.682,0.171,0.0,0.186,0.542,0.455,1.567,0.064,0.927,0.818,0.855,0.078,0.963,0.908,0.909,0.136,0.985,0.941,0.921,0.233
21,3,math,19960,6.2709,0.95,8.0477,0.0,0.3221,5.8042,4.2025,1.6018,1.0836,58,0.664,0.004,0.658,0.124,0.0,0.199,0.617,0.697,1.444,0.06,0.939,0.808,0.827,0.076,0.969,0.902,0.923,0.13,0.987,0.939,0.937,0.214
21,3,news,19960,7.1534,1.083,8.0477,0.0,0.3221,5.8042,4.2025,1.6018,1.0836,58,0.664,0.004,0.519,0.067,0.0,0.267,0.427,0.273,1.465,0.191,0.913,0.779,0.796,0.16,0.966,0.864,0.85,0.224,0.99,0.909,0.87,0.296
21,3,val,5988,6.6032,1.0,8.0477,0.0,0.3221,5.8042,4.2025,1.6018,1.0836,58,0.664,0.0042,0.612,0.188,0.0,0.356,0.519,0.462,1.693,0.15,0.881,0.736,0.727,0.141,0.942,0.827,0.829,0.213,0.977,0.882,0.861,0.294
21,4,code,19960,6.9062,1.087,8.1826,0.0,0.3314,5.9178,3.8213,2.0965,1.7232,62,0.462,0.004,0.658,0.017,0.0,0.648,0.448,0.446,1.611,0.058,0.731,0.5,0.548,0.088,0.85,0.665,0.693,0.177,0.936,0.777,0.748,0.33
21,4,dialogue,19960,6.3907,1.006,8.1826,0.0,0.3314,5.9178,3.8213,2.0965,1.7232,62,0.462,0.004,0.538,0.03,0.0,0.698,0.478,0.373,1.234,0.052,0.728,0.54,0.573,0.092,0.844,0.688,0.673,0.175,0.93,0.802,0.761,0.327
21,4,fiction,19960,6.6092,1.04,8.1826,0.0,0.3314,5.9178,3.8213,2.0965,1.7232,62,0.462,0.0038,0.584,0.017,0.0,0.57,0.47,0.274,1.267,0.042,0.762,0.58,0.63,0.074,0.855,0.718,0.697,0.143,0.929,0.814,0.788,0.27
21,4,math,19960,6.5728,1.034,8.1826,0.0,0.3314,5.9178,3.8213,2.0965,1.7232,62,0.462,0.0039,0.654,0.124,0.0,0.8,0.424,0.352,1.443,0.066,0.658,0.408,0.422,0.118,0.803,0.563,0.57,0.223,0.913,0.723,0.665,0.391
21,4,news,19960,6.8866,1.084,8.1826,0.0,0.3314,5.9178,3.8213,2.0965,1.7232,62,0.462,0.004,0.519,0.067,0.0,0.553,0.466,0.289,1.517,0.062,0.784,0.635,0.649,0.096,0.883,0.75,0.721,0.176,0.952,0.844,0.791,0.309
21,4,val,5988,6.3538,1.0,8.1826,0.0,0.3314,5.9178,3.8213,2.0965,1.7232,62,0.462,0.0042,0.612,0.188,0.0,0.768,0.446,0.34,1.641,0.063,0.691,0.504,0.5,0.096,0.815,0.633,0.602,0.177,0.912,0.774,0.734,0.305
21,5,code,19960,7.3603,1.166,8.0765,0.0,0.3475,5.8985,3.9572,1.9413,1.4226,24,0.436,0.004,0.658,0.017,0.0,0.489,0.418,0.487,1.544,0.049,0.79,0.661,0.701,0.071,0.875,0.73,0.772,0.133,0.94,0.82,0.824,0.246
21,5,dialogue,19960,6.2332,0.987,8.0765,0.0,0.3475,5.8985,3.9572,1.9413,1.4226,24,0.436,0.004,0.538,0.03,0.0,0.684,0.149,0.136,1.322,0.042,0.73,0.587,0.614,0.073,0.839,0.631,0.66,0.141,0.922,0.743,0.719,0.269
21,5,fiction,19960,6.2382,0.988,8.0765,0.0,0.3475,5.8985,3.9572,1.9413,1.4226,24,0.436,0.0038,0.584,0.017,0.0,0.527,0.171,0.073,1.458,0.036,0.772,0.614,0.649,0.055,0.862,0.668,0.675,0.108,0.932,0.796,0.732,0.229
21,5,math,19960,6.8455,1.084,8.0765,0.0,0.3475,5.8985,3.9572,1.9413,1.4226,24,0.436,0.0039,0.654,0.124,0.0,0.784,0.31,0.33,1.458,0.066,0.667,0.474,0.486,0.118,0.8,0.56,0.586,0.21,0.905,0.671,0.645,0.373
21,5,news,19960,7.0062,1.11,8.0765,0.0,0.3475,5.8985,3.9572,1.9413,1.4226,24,0.436,0.004,0.519,0.067,0.0,0.506,0.281,0.268,1.473,0.052,0.792,0.673,0.689,0.069,0.88,0.735,0.743,0.128,0.947,0.821,0.791,0.241
21,5,val,5988,6.3136,1.0,8.0765,0.0,0.3475,5.8985,3.9572,1.9413,1.4226,24,0.436,0.0042,0.612,0.188,0.0,0.792,0.458,0.508,1.553,0.063,0.668,0.459,0.463,0.093,0.802,0.593,0.616,0.17,0.903,0.766,0.725,0.302
21,6,code,19960,7.735,0.956,11.8129,0.0,0.3924,5.8941,3.0907,2.8033,2.4063,4,0.735,0.0058,0.607,0.145,0.0,0.121,0.683,0.616,1.19,0.044,0.953,0.889,0.904,0.055,0.978,0.947,0.942,0.104,0.991,0.966,0.959,0.195
21,6,dialogue,19960,8.9724,1.109,11.8129,0.0,0.3924,5.8941,3.0907,2.8033,2.4063,4,0.735,0.0074,0.507,0.24,0.0,0.083,0.754,0.749,0.993,0.049,0.978,0.931,0.939,0.054,0.991,0.971,0.973,0.09,0.995,0.982,0.98,0.203
21,6,fiction,19960,9.3083,1.151,11.8129,0.0,0.3924,5.8941,3.0907,2.8033,2.4063,4,0.735,0.0282,0.461,0.357,0.0,0.109,0.516,0.432,1.137,0.091,0.964,0.902,0.913,0.134,0.982,0.942,0.939,0.218,0.992,0.963,0.949,0.453
21,6,math,19960,8.595,1.063,11.8129,0.0,0.3924,5.8941,3.0907,2.8033,2.4063,4,0.735,0.0102,0.576,0.29,0.0,0.232,0.552,0.518,1.078,0.089,0.927,0.805,0.808,0.108,0.966,0.883,0.874,0.178,0.987,0.925,0.907,0.316
21,6,news,19960,8.4038,1.039,11.8129,0.0,0.3924,5.8941,3.0907,2.8033,2.4063,4,0.735,0.03,0.785,0.412,0.0,0.092,0.649,0.573,1.131,0.077,0.973,0.919,0.922,0.122,0.99,0.959,0.955,0.229,0.997,0.979,0.971,0.482
21,6,val,5988,8.0891,1.0,11.8129,0.0,0.3924,5.8941,3.0907,2.8033,2.4063,4,0.735,0.0262,0.87,0.415,0.0,0.23,0.616,0.507,1.19,0.113,0.93,0.83,0.824,0.141,0.97,0.902,0.892,0.238,0.989,0.945,0.929,0.444
21,7,code,19960,8.2378,1.082,12.0037,0.0,0.7866,5.9809,1.4173,4.5635,2.6396,62,0.2,0.004,0.658,0.017,0.0,0.71,0.629,0.143,0.696,0.357,0.668,0.544,0.564,0.414,0.823,0.714,0.62,0.533,0.921,0.821,0.667,0.629
21,7,dialogue,19960,7.8509,1.031,12.0037,0.0,0.7866,5.9809,1.4173,4.5635,2.6396,62,0.2,0.004,0.538,0.03,0.0,0.585,0.757,0.123,0.203,0.485,0.741,0.657,0.661,0.566,0.871,0.808,0.693,0.642,0.941,0.895,0.719,0.708
21,7,fiction,19960,8.316,1.092,12.0037,0.0,0.7866,5.9809,1.4173,4.5635,2.6396,62,0.2,0.0038,0.584,0.017,0.0,0.525,0.752,0.068,0.381,0.523,0.781,0.67,0.679,0.593,0.9,0.828,0.699,0.673,0.957,0.908,0.723,0.734
21,7,math,19960,7.8364,1.029,12.0037,0.0,0.7866,5.9809,1.4173,4.5635,2.6396,62,0.2,0.0039,0.654,0.124,0.0,0.651,0.696,0.101,0.431,0.493,0.715,0.602,0.601,0.558,0.849,0.757,0.639,0.65,0.93,0.859,0.678,0.732
21,7,news,19960,8.0665,1.059,12.0037,0.0,0.7866,5.9809,1.4173,4.5635,2.6396,62,0.2,0.004,0.519,0.067,0.0,0.423,0.749,0.088,0.426,0.508,0.824,0.723,0.729,0.562,0.936,0.868,0.751,0.635,0.979,0.942,0.777,0.689
21,7,val,5988,7.6159,1.0,12.0037,0.0,0.7866,5.9809,1.4173,4.5635,2.6396,62,0.2,0.0042,0.612,0.188,0.0,0.574,0.7,0.092,0.503,0.478,0.772,0.649,0.646,0.531,0.888,0.797,0.679,0.621,0.951,0.887,0.713,0.699
21,8,code,19954,7.4638,1.078,11.6055,0.0,0.4337,5.8671,3.3403,2.5268,1.9139,37,0.651,0.004,0.662,0.037,0.0,0.354,0.258,0.234,1.396,0.036,0.962,0.655,0.696,0.06,0.992,0.753,0.739,0.125,0.998,0.813,0.784,0.24
21,8,dialogue,19953,6.702,0.968,11.6055,0.0,0.4337,5.8671,3.3403,2.5268,1.9139,37,0.651,0.004,0.538,0.03,0.0,0.229,0.244,0.22,1.03,0.028,0.977,0.781,0.802,0.048,0.995,0.835,0.843,0.091,0.999,0.881,0.874,0.174
21,8,fiction,19944,6.6368,0.958,11.6055,0.0,0.4337,5.8671,3.3403,2.5268,1.9139,37,0.651,0.0038,0.584,0.017,0.0,0.244,0.208,0.117,1.148,0.028,0.983,0.738,0.777,0.04,0.995,0.814,0.801,0.081,0.999,0.847,0.826,0.195
21,8,math,19956,7.2394,1.045,11.6055,0.0,0.4337,5.8671,3.3403,2.5268,1.9139,37,0.651,0.0039,0.654,0.124,0.0,0.458,0.263,0.269,1.162,0.045,0.952,0.586,0.596,0.097,0.988,0.669,0.674,0.173,0.997,0.749,0.72,0.301
21,8,news,19947,7.426,1.072,11.6055,0.0,0.4337,5.8671,3.3403,2.5268,1.9139,37,0.651,0.004,0.519,0.067,0.0,0.228,0.454,0.241,1.14,0.042,0.983,0.794,0.805,0.068,0.998,0.872,0.849,0.128,1.0,0.925,0.894,0.226
21,8,val,5985,6.9261,1.0,11.6055,0.0,0.4337,5.8671,3.3403,2.5268,1.9139,37,0.651,0.0043,0.616,0.189,0.0,0.465,0.29,0.238,1.355,0.061,0.952,0.597,0.588,0.095,0.988,0.678,0.665,0.175,0.998,0.792,0.772,0.309
21,9,code,19958,7.5668,1.093,11.2569,0.0,0.2695,5.6805,3.6459,2.0346,1.9015,29,0.601,0.004,0.658,0.017,0.0,0.354,0.353,0.166,1.618,0.192,0.889,0.692,0.731,0.171,0.948,0.796,0.765,0.245,0.981,0.86,0.796,0.338
21,9,dialogue,19960,6.7566,0.976,11.2569,0.0,0.2695,5.6805,3.6459,2.0346,1.9015,29,0.601,0.004,0.538,0.03,0.0,0.117,0.448,0.271,1.54,0.08,0.971,0.883,0.903,0.069,0.989,0.934,0.921,0.104,0.997,0.96,0.935,0.189
21,9,fiction,19959,6.7507,0.975,11.2569,0.0,0.2695,5.6805,3.6459,2.0346,1.9015,29,0.601,0.0038,0.584,0.017,0.0,0.203,0.345,0.282,1.737,0.08,0.957,0.786,0.826,0.073,0.981,0.87,0.866,0.129,0.993,0.912,0.88,0.224
21,9,math,19959,7.2589,1.048,11.2569,0.0,0.2695,5.6805,3.6459,2.0346,1.9015,29,0.601,0.0039,0.654,0.124,0.0,0.438,0.405,0.285,1.586,0.258,0.883,0.636,0.647,0.226,0.948,0.751,0.72,0.319,0.983,0.846,0.773,0.405
21,9,news,19960,7.4531,1.076,11.2569,0.0,0.2695,5.6805,3.6459,2.0346,1.9015,29,0.601,0.004,0.519,0.067,0.0,0.235,0.429,0.217,1.822,0.168,0.956,0.797,0.812,0.141,0.988,0.873,0.846,0.209,0.997,0.923,0.867,0.28
21,9,val,5988,6.926,1.0,11.2569,0.0,0.2695,5.6805,3.6459,2.0346,1.9015,29,0.601,0.0042,0.612,0.188,0.0,0.344,0.435,0.367,1.807,0.176,0.913,0.727,0.728,0.144,0.962,0.817,0.806,0.22,0.987,0.881,0.846,0.308
21,10,code,19960,9.5149,1.1,13.3321,0.0,0.6263,5.9754,2.4051,3.5703,2.0074,54,0.123,0.004,0.662,0.017,0.0,0.456,0.408,0.258,0.838,0.246,0.878,0.473,0.633,0.25,0.944,0.694,0.697,0.336,0.979,0.828,0.744,0.419
21,10,dialogue,19960,9.6699,1.118,13.3321,0.0,0.6263,5.9754,2.4051,3.5703,2.0074,54,0.123,0.004,0.538,0.03,0.0,0.752,0.492,0.189,0.533,0.337,0.799,0.402,0.367,0.431,0.895,0.577,0.401,0.582,0.956,0.766,0.525,0.695
21,10,fiction,19960,10.1921,1.178,13.3321,0.0,0.6263,5.9754,2.4051,3.5703,2.0074,54,0.123,0.0038,0.584,0.017,0.0,0.681,0.444,0.207,0.814,0.396,0.866,0.427,0.422,0.445,0.942,0.589,0.497,0.584,0.98,0.77,0.579,0.705
21,10,math,19960,9.4771,1.096,13.3321,0.0,0.6263,5.9754,2.4051,3.5703,2.0074,54,0.123,0.004,0.658,0.121,0.0,0.679,0.482,0.252,0.693,0.351,0.84,0.431,0.438,0.4,0.931,0.613,0.502,0.535,0.977,0.785,0.619,0.652
21,10,news,19960,9.0889,1.051,13.3321,0.0,0.6263,5.9754,2.4051,3.5703,2.0074,54,0.123,0.004,0.519,0.067,0.0,0.629,0.62,0.473,0.977,0.297,0.885,0.437,0.479,0.315,0.963,0.706,0.669,0.459,0.992,0.877,0.745,0.6
21,10,val,5988,8.6498,1.0,13.3321,0.0,0.6263,5.9754,2.4051,3.5703,2.0074,54,0.123,0.0042,0.612,0.188,0.0,0.749,0.476,0.282,0.875,0.326,0.777,0.385,0.372,0.344,0.884,0.564,0.478,0.482,0.952,0.732,0.577,0.609
21,11,code,19958,7.1902,1.195,9.4201,0.0,0.1807,5.778,4.3983,1.3797,1.2664,11,0.206,0.004,0.658,0.017,0.0,0.152,0.224,0.101,1.291,0.05,0.961,0.426,0.871,0.045,0.983,0.869,0.881,0.08,0.994,0.912,0.907,0.133
21,11,dialogue,19960,6.421,1.067,9.4201,0.0,0.1807,5.778,4.3983,1.3797,1.2664,11,0.206,0.004,0.538,0.03,0.0,0.728,0.376,0.205,1.093,0.104,0.877,0.293,0.328,0.215,0.952,0.514,0.42,0.326,0.987,0.702,0.608,0.463
21,11,fiction,19960,7.2519,1.206,9.4201,0.0,0.1807,5.778,4.3983,1.3797,1.2664,11,0.206,0.0038,0.584,0.017,0.0,0.847,0.585,0.597,1.232,0.101,0.867,0.256,0.213,0.12,0.949,0.555,0.554,0.232,0.986,0.756,0.722,0.411
21,11,math,19960,6.494,1.08,9.4201,0.0,0.1807,5.778,4.3983,1.3797,1.2664,11,0.206,0.0039,0.654,0.124,0.0,0.672,0.435,0.33,1.159,0.102,0.859,0.299,0.401,0.154,0.943,0.58,0.551,0.258,0.984,0.748,0.719,0.409
21,11,news,19960,7.491,1.245,9.4201,0.0,0.1807,5.778,4.3983,1.3797,1.2664,11,0.206,0.004,0.519,0.067,0.0,0.712,0.495,0.278,1.057,0.165,0.901,0.322,0.393,0.229,0.975,0.591,0.484,0.344,0.997,0.817,0.793,0.496
21,11,val,5988,6.0152,1.0,9.4201,0.0,0.1807,5.778,4.3983,1.3797,1.2664,11,0.206,0.0042,0.612,0.188,0.0,0.798,0.653,0.57,1.259,0.112,0.868,0.334,0.27,0.121,0.946,0.65,0.566,0.226,0.983,0.815,0.791,0.412
21,12,code,19960,8.773,1.213,8.0187,0.0,0.1673,5.9228,4.5494,1.3734,1.2355,32,0.603,0.004,0.65,0.017,0.0,0.662,0.342,0.285,1.714,0.187,0.745,0.603,0.607,0.116,0.85,0.681,0.672,0.181,0.929,0.776,0.737,0.31
21,12,dialogue,19960,7.7661,1.074,8.0187,0.0,0.1673,5.9228,4.5494,1.3734,1.2355,32,0.603,0.0064,0.339,0.225,0.0,0.57,0.194,0.203,1.589,0.14,0.752,0.587,0.604,0.089,0.848,0.629,0.651,0.144,0.924,0.717,0.71,0.248
21,12,fiction,19960,9.265,1.281,8.0187,0.0,0.1673,5.9228,4.5494,1.3734,1.2355,32,0.603,0.0052,0.689,0.172,0.0,0.656,0.212,0.224,1.388,0.126,0.707,0.515,0.546,0.112,0.818,0.573,0.609,0.183,0.911,0.676,0.706,0.302
21,12,math,19960,8.1373,1.125,8.0187,0.0,0.1673,5.9228,4.5494,1.3734,1.2355,32,0.603,0.0044,0.598,0.188,0.0,0.734,0.35,0.366,1.616,0.146,0.678,0.503,0.507,0.109,0.798,0.598,0.613,0.18,0.897,0.701,0.696,0.293
21,12,news,19960,7.9659,1.102,8.0187,0.0,0.1673,5.9228,4.5494,1.3734,1.2355,32,0.603,0.004,0.519,0.067,0.0,0.323,0.486,0.473,1.435,0.119,0.86,0.757,0.759,0.079,0.919,0.826,0.826,0.126,0.96,0.888,0.878,0.199
21,12,val,5988,7.2318,1.0,8.0187,0.0,0.1673,5.9228,4.5494,1.3734,1.2355,32,0.603,0.0042,0.612,0.188,0.0,0.493,0.525,0.473,1.7,0.121,0.789,0.653,0.651,0.084,0.874,0.75,0.737,0.139,0.94,0.839,0.812,0.226
21,13,code,19958,6.6571,1.106,7.7362,0.0,0.2761,5.9135,4.0634,1.8501,1.5885,19,0.614,0.004,0.658,0.017,0.0,0.18,0.318,0.147,1.585,0.039,0.961,0.754,0.854,0.039,0.987,0.848,0.874,0.076,0.996,0.916,0.905,0.144
21,13,dialogue,19960,5.8845,0.978,7.7362,0.0,0.2761,5.9135,4.0634,1.8501,1.5885,19,0.614,0.004,0.538,0.03,0.0,0.184,0.274,0.17,1.345,0.038,0.946,0.792,0.852,0.042,0.972,0.863,0.873,0.071,0.988,0.907,0.901,0.145
21,13,fiction,19960,6.0598,1.007,7.7362,0.0,0.2761,5.9135,4.0634,1.8501,1.5885,19,0.614,0.0039,0.59,0.025,0.0,0.331,0.431,0.259,1.565,0.034,0.943,0.65,0.707,0.035,0.978,0.76,0.776,0.073,0.992,0.882,0.842,0.153
21,13,math,19958,6.1109,1.015,7.7362,0.0,0.2761,5.9135,4.0634,1.8501,1.5885,19,0.614,0.0039,0.654,0.124,0.0,0.377,0.324,0.334,1.441,0.057,0.919,0.643,0.68,0.065,0.967,0.741,0.756,0.118,0.989,0.826,0.831,0.216
21,13,news,19960,6.5045,1.081,7.7362,0.0,0.2761,5.9135,4.0634,1.8501,1.5885,19,0.614,0.004,0.519,0.067,0.0,0.34,0.511,0.378,1.332,0.069,0.941,0.702,0.731,0.088,0.984,0.836,0.813,0.159,0.997,0.91,0.874,0.261
21,13,val,5987,6.0189,1.0,7.7362,0.0,0.2761,5.9135,4.0634,1.8501,1.5885,19,0.614,0.0042,0.612,0.188,0.0,0.524,0.453,0.348,1.645,0.079,0.891,0.585,0.574,0.079,0.961,0.713,0.678,0.147,0.989,0.845,0.831,0.266
21,14,code,19960,6.806,1.096,8.0744,0.0,0.3759,5.8872,3.6345,2.2527,1.8341,31,0.406,0.004,0.658,0.017,0.0,0.555,0.27,0.295,1.197,0.053,0.79,0.546,0.606,0.091,0.892,0.646,0.634,0.177,0.956,0.761,0.733,0.321
21,14,dialogue,19960,6.1322,0.987,8.0744,0.0,0.3759,5.8872,3.6345,2.2527,1.8341,31,0.406,0.004,0.538,0.03,0.0,0.49,0.356,0.195,0.843,0.042,0.836,0.611,0.676,0.079,0.914,0.73,0.706,0.153,0.962,0.829,0.79,0.291
21,14,fiction,19960,6.3812,1.027,8.0744,0.0,0.3759,5.8872,3.6345,2.2527,1.8341,31,0.406,0.0038,0.584,0.017,0.0,0.464,0.234,0.053,0.954,0.038,0.816,0.598,0.669,0.067,0.896,0.695,0.676,0.128,0.952,0.791,0.771,0.251
21,14,math,19960,6.4356,1.036,8.0744,0.0,0.3759,5.8872,3.6345,2.2527,1.8341,31,0.406,0.0039,0.654,0.124,0.0,0.754,0.307,0.171,1.047,0.067,0.716,0.444,0.461,0.133,0.848,0.527,0.477,0.242,0.938,0.683,0.596,0.406
21,14,news,19960,6.8192,1.098,8.0744,0.0,0.3759,5.8872,3.6345,2.2527,1.8341,31,0.406,0.004,0.519,0.067,0.0,0.525,0.348,0.24,1.091,0.06,0.82,0.627,0.649,0.1,0.913,0.718,0.686,0.187,0.967,0.811,0.763,0.322
21,14,val,5988,6.2117,1.0,8.0744,0.0,0.3759,5.8872,3.6345,2.2527,1.8341,31,0.406,0.0042,0.612,0.188,0.0,0.802,0.431,0.347,1.301,0.064,0.73,0.43,0.428,0.096,0.858,0.607,0.575,0.179,0.938,0.739,0.696,0.335
21,15,code,19960,6.582,1.03,7.145,0.0,0.5548,5.9235,2.9822,2.9413,1.6371,41,0.739,0.004,0.658,0.017,0.0,0.1,0.301,0.332,1.198,0.063,0.957,0.904,0.916,0.052,0.976,0.932,0.932,0.08,0.989,0.953,0.953,0.147
21,15,dialogue,19960,6.3352,0.991,7.145,0.0,0.5548,5.9235,2.9822,2.9413,1.6371,41,0.739,0.004,0.538,0.03,0.0,0.041,0.609,0.729,0.972,0.034,0.984,0.961,0.964,0.026,0.992,0.98,0.982,0.048,0.996,0.989,0.989,0.126
21,15,fiction,19960,7.2857,1.14,7.145,0.0,0.5548,5.9235,2.9822,2.9413,1.6371,41,0.739,0.0038,0.584,0.017,0.0,0.138,0.266,0.481,1.198,0.099,0.956,0.856,0.866,0.06,0.974,0.888,0.906,0.085,0.987,0.917,0.922,0.139
21,15,math,19960,6.1908,0.968,7.145,0.0,0.5548,5.9235,2.9822,2.9413,1.6371,41,0.739,0.0039,0.654,0.124,0.0,0.208,0.431,0.626,1.16,0.07,0.914,0.816,0.818,0.072,0.954,0.865,0.885,0.114,0.981,0.919,0.934,0.197
21,15,news,19960,6.9194,1.082,7.145,0.0,0.5548,5.9235,2.9822,2.9413,1.6371,41,0.739,0.004,0.519,0.067,0.0,0.125,0.517,0.543,1.314,0.104,0.96,0.883,0.884,0.078,0.984,0.925,0.933,0.116,0.995,0.962,0.957,0.174
21,15,val,5988,6.3926,1.0,7.145,0.0,0.5548,5.9235,2.9822,2.9413,1.6371,41,0.739,0.0042,0.612,0.188,0.0,0.26,0.452,0.465,1.175,0.135,0.902,0.8,0.795,0.128,0.953,0.859,0.858,0.186,0.983,0.916,0.912,0.268
22,0,code,19956,8.3484,1.096,11.241,0.0,0.4775,5.9392,2.9403,2.9989,2.0716,30,0.597,0.004,0.658,0.017,0.0,0.42,0.25,0.157,1.354,0.051,0.943,0.568,0.64,0.083,0.983,0.686,0.66,0.157,0.997,0.797,0.774,0.296
22,0,dialogue,19959,7.4285,0.975,11.241,0.0,0.4775,5.9392,2.9403,2.9989,2.0716,30,0.597,0.004,0.538,0.03,0.0,0.217,0.246,0.137,0.944,0.035,0.977,0.779,0.823,0.061,0.997,0.837,0.832,0.114,1.0,0.896,0.88,0.215
22,0,fiction,19937,7.6292,1.002,11.241,0.0,0.4775,5.9392,2.9403,2.9989,2.0716,30,0.597,0.0038,0.584,0.017,0.0,0.137,0.333,0.272,0.958,0.027,0.982,0.812,0.875,0.041,0.995,0.881,0.896,0.083,0.999,0.937,0.922,0.182
22,0,math,19958,8.0853,1.061,11.241,0.0,0.4775,5.9392,2.9403,2.9989,2.0716,30,0.597,0.0039,0.654,0.124,0.0,0.595,0.318,0.238,1.023,0.069,0.926,0.471,0.483,0.129,0.979,0.587,0.549,0.23,0.996,0.735,0.674,0.385
22,0,news,19960,7.853,1.031,11.241,0.0,0.4775,5.9392,2.9403,2.9989,2.0716,30,0.597,0.004,0.519,0.067,0.0,0.259,0.434,0.296,0.906,0.051,0.976,0.766,0.783,0.095,0.996,0.844,0.83,0.167,0.999,0.928,0.893,0.264
22,0,val,5988,7.6175,1.0,11.241,0.0,0.4775,5.9392,2.9403,2.9989,2.0716,30,0.597,0.0042,0.612,0.188,0.0,0.486,0.629,0.594,0.982,0.061,0.951,0.594,0.587,0.097,0.989,0.793,0.763,0.188,0.998,0.891,0.909,0.323
22,1,code,19960,9.4914,1.415,9.151,0.0,0.3309,5.8799,3.9868,1.8932,1.37,18,0.389,0.008,0.988,0.284,0.0,0.797,0.333,0.281,0.87,0.29,0.915,0.327,0.261,0.363,0.977,0.458,0.406,0.546,0.996,0.597,0.509,0.716
22,1,dialogue,19960,7.0962,1.058,9.151,0.0,0.3309,5.8799,3.9868,1.8932,1.37,18,0.389,0.0412,0.977,0.306,0.0,0.735,0.695,0.649,1.08,0.139,0.909,0.45,0.398,0.218,0.977,0.728,0.757,0.413,0.997,0.848,0.804,0.648
22,1,fiction,19960,7.883,1.176,9.151,0.0,0.3309,5.8799,3.9868,1.8932,1.37,18,0.389,0.0111,0.466,0.255,0.0,0.861,0.837,0.874,1.237,0.057,0.985,0.238,0.173,0.071,0.998,0.723,0.794,0.13,1.0,0.921,0.922,0.25
22,1,math,19959,8.3651,1.247,9.151,0.0,0.3309,5.8799,3.9868,1.8932,1.37,18,0.389,0.0214,0.895,0.32,0.0,0.778,0.649,0.639,1.051,0.163,0.965,0.356,0.283,0.241,0.994,0.656,0.615,0.404,0.999,0.801,0.774,0.622
22,1,news,19960,8.0496,1.2,9.151,0.0,0.3309,5.8799,3.9868,1.8932,1.37,18,0.389,0.0126,0.869,0.259,0.0,0.787,0.526,0.482,1.083,0.2,0.948,0.338,0.277,0.267,0.992,0.585,0.475,0.482,0.999,0.773,0.671,0.762
22,1,val,5988,6.7056,1.0,9.151,0.0,0.3309,5.8799,3.9868,1.8932,1.37,18,0.389,0.0173,0.991,0.275,0.0,0.73,0.817,0.806,1.135,0.112,0.955,0.408,0.356,0.142,0.993,0.798,0.714,0.285,0.999,0.915,0.906,0.53
22,2,code,19959,15.367,1.074,25.0818,0.0,0.4316,5.9773,2.7394,3.2378,2.8611,2,0.266,0.004,0.658,0.017,0.0,0.435,0.405,0.085,1.466,0.516,0.966,0.602,0.624,0.317,0.995,0.737,0.642,0.433,0.999,0.861,0.679,0.5
22,2,dialogue,19959,16.2798,1.138,25.0818,0.0,0.4316,5.9773,2.7394,3.2378,2.8611,2,0.266,0.004,0.538,0.03,0.0,0.548,0.591,0.344,1.401,0.555,0.97,0.509,0.505,0.391,0.995,0.744,0.627,0.581,1.0,0.889,0.745,0.659
22,2,fiction,19951,15.8096,1.105,25.0818,0.0,0.4316,5.9773,2.7394,3.2378,2.8611,2,0.266,0.0038,0.584,0.017,0.0,0.5,0.555,0.33,1.336,0.481,0.974,0.531,0.54,0.381,0.997,0.746,0.652,0.522,1.0,0.885,0.753,0.631
22,2,math,19959,15.5263,1.086,25.0818,0.0,0.4316,5.9773,2.7394,3.2378,2.8611,2,0.266,0.0039,0.654,0.124,0.0,0.533,0.505,0.132,1.249,0.761,0.973,0.526,0.522,0.517,0.996,0.704,0.567,0.664,1.0,0.867,0.618,0.721
22,2,news,19957,14.1776,0.991,25.0818,0.0,0.4316,5.9773,2.7394,3.2378,2.8611,2,0.266,0.004,0.519,0.067,0.0,0.445,0.481,0.204,1.376,0.486,0.969,0.602,0.612,0.356,0.996,0.757,0.671,0.48,1.0,0.888,0.73,0.565
22,2,val,5988,14.3026,1.0,25.0818,0.0,0.4316,5.9773,2.7394,3.2378,2.8611,2,0.266,0.0042,0.612,0.188,0.0,0.534,0.453,0.191,1.364,0.502,0.955,0.527,0.528,0.34,0.99,0.691,0.596,0.479,0.999,0.838,0.658,0.567
22,3,code,19960,8.4483,1.163,13.1976,0.0,0.679,5.9702,1.5269,4.4433,4.0349,26,0.18,0.004,0.658,0.017,0.0,0.499,0.841,0.051,0.325,0.556,0.821,0.646,0.683,0.611,0.936,0.858,0.702,0.685,0.976,0.946,0.722,0.729
22,3,dialogue,19960,7.7714,1.07,13.1976,0.0,0.679,5.9702,1.5269,4.4433,4.0349,26,0.18,0.004,0.538,0.03,0.0,0.384,0.855,0.053,0.302,0.584,0.869,0.743,0.754,0.623,0.96,0.913,0.768,0.675,0.983,0.964,0.783,0.701
22,3,fiction,19960,7.9857,1.099,13.1976,0.0,0.679,5.9702,1.5269,4.4433,4.0349,26,0.18,0.0038,0.584,0.017,0.0,0.378,0.903,0.048,0.364,0.599,0.884,0.726,0.735,0.646,0.971,0.913,0.749,0.714,0.99,0.977,0.767,0.742
22,3,math,19960,7.995,1.101,13.1976,0.0,0.679,5.9702,1.5269,4.4433,4.0349,26,0.18,0.0039,0.654,0.124,0.0,0.461,0.88,0.05,0.346,0.623,0.866,0.698,0.687,0.675,0.966,0.898,0.703,0.751,0.989,0.971,0.724,0.782
22,3,news,19960,7.6077,1.047,13.1976,0.0,0.679,5.9702,1.5269,4.4433,4.0349,26,0.18,0.004,0.519,0.067,0.0,0.458,0.925,0.044,0.394,0.601,0.87,0.687,0.687,0.655,0.971,0.911,0.702,0.734,0.993,0.98,0.721,0.762
22,3,val,5988,7.2638,1.0,13.1976,0.0,0.679,5.9702,1.5269,4.4433,4.0349,26,0.18,0.0042,0.612,0.188,0.0,0.479,0.885,0.041,0.388,0.602,0.863,0.683,0.669,0.644,0.957,0.892,0.685,0.724,0.985,0.965,0.705,0.76
22,4,code,19960,6.9734,1.133,8.1762,0.0,0.2715,5.9952,4.1132,1.882,1.362,44,0.427,0.004,0.658,0.017,0.0,0.15,0.509,0.41,0.902,0.067,0.962,0.387,0.883,0.076,0.99,0.917,0.904,0.135,0.999,0.966,0.949,0.232
22,4,dialogue,19960,7.0644,1.148,8.1762,0.0,0.2715,5.9952,4.1132,1.882,1.362,44,0.427,0.004,0.538,0.03,0.0,0.365,0.15,0.165,0.938,0.165,0.886,0.461,0.721,0.134,0.942,0.745,0.727,0.189,0.978,0.798,0.793,0.265
22,4,fiction,19953,7.6886,1.249,8.1762,0.0,0.2715,5.9952,4.1132,1.882,1.362,44,0.427,0.0038,0.584,0.017,0.0,0.248,0.194,0.324,1.246,0.116,0.945,0.528,0.793,0.087,0.976,0.813,0.798,0.126,0.992,0.877,0.875,0.181
22,4,math,19959,6.3799,1.037,8.1762,0.0,0.2715,5.9952,4.1132,1.882,1.362,44,0.427,0.0039,0.654,0.124,0.0,0.396,0.532,0.576,1.087,0.099,0.922,0.418,0.667,0.095,0.973,0.793,0.749,0.154,0.992,0.901,0.874,0.25
22,4,news,19960,6.7016,1.089,8.1762,0.0,0.2715,5.9952,4.1132,1.882,1.362,44,0.427,0.004,0.519,0.067,0.0,0.304,0.608,0.635,1.161,0.098,0.965,0.448,0.751,0.072,0.992,0.873,0.873,0.124,0.999,0.938,0.921,0.201
22,4,val,5988,6.1541,1.0,8.1762,0.0,0.2715,5.9952,4.1132,1.882,1.362,44,0.427,0.0042,0.612,0.188,0.0,0.609,0.904,0.922,1.159,0.084,0.973,0.503,0.459,0.076,0.995,0.93,0.934,0.137,0.999,0.978,0.97,0.266
22,5,code,19952,10.3873,0.998,17.1727,0.0,0.5927,5.882,2.3237,3.5583,2.536,51,0.615,0.004,0.658,0.017,0.0,0.138,0.426,0.439,1.19,0.097,0.969,0.839,0.892,0.115,0.991,0.928,0.93,0.166,0.998,0.958,0.936,0.234
22,5,dialogue,19959,13.4558,1.293,17.1727,0.0,0.5927,5.882,2.3237,3.5583,2.536,51,0.615,0.004,0.538,0.03,0.0,0.103,0.682,0.171,0.54,0.228,0.991,0.87,0.91,0.237,0.998,0.963,0.922,0.272,0.999,0.982,0.933,0.31
22,5,fiction,19921,13.6709,1.313,17.1727,0.0,0.5927,5.882,2.3237,3.5583,2.536,51,0.615,0.0041,0.61,0.07,0.0,0.156,0.67,0.223,0.706,0.271,0.989,0.824,0.864,0.294,0.998,0.939,0.889,0.347,1.0,0.972,0.9,0.392
22,5,math,19931,11.2943,1.085,17.1727,0.0,0.5927,5.882,2.3237,3.5583,2.536,51,0.615,0.004,0.658,0.121,0.0,0.254,0.553,0.296,0.844,0.229,0.958,0.764,0.783,0.263,0.986,0.879,0.835,0.334,0.996,0.937,0.858,0.393
22,5,news,19958,10.8128,1.039,17.1727,0.0,0.5927,5.882,2.3237,3.5583,2.536,51,0.615,0.0042,0.53,0.102,0.0,0.215,0.654,0.18,0.902,0.244,0.976,0.799,0.817,0.27,0.996,0.913,0.841,0.35,0.999,0.962,0.863,0.401
22,5,val,5982,10.4097,1.0,17.1727,0.0,0.5927,5.882,2.3237,3.5583,2.536,51,0.615,0.0042,0.612,0.188,0.0,0.274,0.646,0.278,0.931,0.184,0.969,0.768,0.763,0.219,0.992,0.886,0.819,0.318,0.998,0.944,0.845,0.399
22,6,code,19960,15.9822,1.249,20.7978,0.0,0.4876,5.9555,2.7339,3.2216,2.5229,47,0.24,0.0041,0.671,0.017,0.0,0.478,0.485,0.118,1.356,0.688,0.968,0.557,0.57,0.426,0.994,0.73,0.592,0.484,0.999,0.858,0.65,0.626
22,6,dialogue,19960,14.7571,1.153,20.7978,0.0,0.4876,5.9555,2.7339,3.2216,2.5229,47,0.24,0.004,0.538,0.03,0.0,0.565,0.489,0.108,1.181,0.786,0.965,0.498,0.487,0.512,0.992,0.679,0.532,0.586,0.999,0.84,0.563,0.743
22,6,fiction,19945,13.6333,1.065,20.7978,0.0,0.4876,5.9555,2.7339,3.2216,2.5229,47,0.24,0.004,0.605,0.063,0.0,0.544,0.45,0.175,1.415,0.674,0.966,0.507,0.508,0.467,0.993,0.668,0.581,0.549,0.999,0.827,0.623,0.683
22,6,math,19960,14.2446,1.113,20.7978,0.0,0.4876,5.9555,2.7339,3.2216,2.5229,47,0.24,0.0039,0.654,0.124,0.0,0.516,0.503,0.115,1.171,0.8,0.969,0.539,0.533,0.527,0.994,0.718,0.568,0.587,0.999,0.862,0.616,0.745
22,6,news,19960,12.1848,0.952,20.7978,0.0,0.4876,5.9555,2.7339,3.2216,2.5229,47,0.24,0.0042,0.536,0.103,0.0,0.507,0.453,0.169,1.38,0.584,0.957,0.561,0.562,0.424,0.993,0.707,0.606,0.521,0.999,0.855,0.681,0.646
22,6,val,5988,12.7999,1.0,20.7978,0.0,0.4876,5.9555,2.7339,3.2216,2.5229,47,0.24,0.0042,0.612,0.188,0.0,0.518,0.459,0.168,1.361,0.592,0.956,0.554,0.545,0.394,0.99,0.7,0.606,0.474,0.998,0.842,0.659,0.606
22,7,code,19954,7.8334,1.226,8.5569,0.0,0.1592,5.9049,4.4203,1.4846,1.384,40,0.416,0.004,0.658,0.017,0.0,0.417,0.121,0.029,1.42,0.144,0.922,0.607,0.656,0.146,0.978,0.666,0.665,0.21,0.996,0.749,0.746,0.299
22,7,dialogue,19928,6.5333,1.023,8.5569,0.0,0.1592,5.9049,4.4203,1.4846,1.384,40,0.416,0.004,0.538,0.03,0.0,0.253,0.663,0.693,1.386,0.033,0.974,0.727,0.802,0.036,0.995,0.868,0.888,0.06,0.999,0.961,0.963,0.11
22,7,fiction,19902,7.262,1.137,8.5569,0.0,0.1592,5.9049,4.4203,1.4846,1.384,40,0.416,0.0041,0.61,0.038,0.0,0.162,0.178,0.13,1.446,0.033,0.977,0.764,0.856,0.028,0.993,0.835,0.86,0.049,0.998,0.914,0.93,0.093
22,7,math,19897,7.259,1.136,8.5569,0.0,0.1592,5.9049,4.4203,1.4846,1.384,40,0.416,0.0039,0.654,0.124,0.0,0.38,0.223,0.163,1.42,0.102,0.946,0.612,0.669,0.088,0.984,0.705,0.702,0.144,0.996,0.793,0.788,0.23
22,7,news,19871,7.1829,1.124,8.5569,0.0,0.1592,5.9049,4.4203,1.4846,1.384,40,0.416,0.004,0.519,0.067,0.0,0.471,0.389,0.391,1.44,0.093,0.962,0.553,0.607,0.071,0.994,0.714,0.734,0.117,0.999,0.839,0.892,0.189
22,7,val,5961,6.3877,1.0,8.5569,0.0,0.1592,5.9049,4.4203,1.4846,1.384,40,0.416,0.0042,0.612,0.188,0.0,0.564,0.734,0.68,1.45,0.082,0.95,0.508,0.509,0.07,0.99,0.793,0.785,0.121,0.998,0.926,0.92,0.213
22,8,code,19958,15.9727,1.071,24.3259,0.0,0.5555,5.9365,2.6268,3.3097,2.3367,4,0.228,0.004,0.658,0.017,0.0,0.483,0.418,0.2,1.676,0.276,0.951,0.543,0.564,0.284,0.99,0.7,0.643,0.409,0.999,0.819,0.768,0.533
22,8,dialogue,19956,15.891,1.066,24.3259,0.0,0.5555,5.9365,2.6268,3.3097,2.3367,4,0.228,0.004,0.538,0.03,0.0,0.577,0.61,0.236,0.966,0.51,0.972,0.516,0.467,0.576,0.995,0.741,0.587,0.703,1.0,0.853,0.709,0.787
22,8,fiction,19898,16.6166,1.115,24.3259,0.0,0.5555,5.9365,2.6268,3.3097,2.3367,4,0.228,0.004,0.6,0.032,0.0,0.528,0.671,0.27,1.124,0.529,0.978,0.545,0.509,0.563,0.997,0.785,0.635,0.702,1.0,0.895,0.782,0.791
22,8,math,19929,16.3666,1.098,24.3259,0.0,0.5555,5.9365,2.6268,3.3097,2.3367,4,0.228,0.0039,0.654,0.124,0.0,0.54,0.62,0.24,1.024,0.496,0.961,0.54,0.51,0.538,0.993,0.763,0.618,0.676,0.999,0.876,0.743,0.76
22,8,news,19946,15.3738,1.031,24.3259,0.0,0.5555,5.9365,2.6268,3.3097,2.3367,4,0.228,0.004,0.519,0.067,0.0,0.437,0.685,0.22,1.005,0.519,0.981,0.615,0.604,0.507,0.998,0.834,0.687,0.646,1.0,0.924,0.78,0.718
22,8,val,5976,14.9089,1.0,24.3259,0.0,0.5555,5.9365,2.6268,3.3097,2.3367,4,0.228,0.0042,0.612,0.188,0.0,0.502,0.614,0.324,1.065,0.479,0.967,0.574,0.548,0.481,0.995,0.772,0.684,0.605,0.999,0.891,0.769,0.687
22,9,code,19957,8.9172,0.955,13.7095,0.0,0.1798,5.9107,4.0241,1.8866,1.8082,12,0.657,0.004,0.658,0.017,0.0,0.415,0.52,0.356,1.569,0.08,0.933,0.624,0.664,0.099,0.981,0.799,0.775,0.163,0.996,0.896,0.853,0.252
22,9,dialogue,19960,10.053,1.077,13.7095,0.0,0.1798,5.9107,4.0241,1.8866,1.8082,12,0.657,0.004,0.538,0.03,0.0,0.191,0.568,0.325,1.58,0.034,0.981,0.831,0.856,0.038,0.998,0.921,0.902,0.057,1.0,0.971,0.964,0.093
22,9,fiction,19952,9.833,1.054,13.7095,0.0,0.1798,5.9107,4.0241,1.8866,1.8082,12,0.657,0.0038,0.584,0.017,0.0,0.302,0.586,0.323,1.635,0.039,0.974,0.696,0.728,0.03,0.992,0.842,0.808,0.055,0.998,0.939,0.898,0.1
22,9,math,19959,9.5916,1.028,13.7095,0.0,0.1798,5.9107,4.0241,1.8866,1.8082,12,0.657,0.0039,0.654,0.124,0.0,0.504,0.51,0.389,1.653,0.089,0.934,0.554,0.565,0.082,0.98,0.736,0.726,0.14,0.996,0.873,0.803,0.221
22,9,news,19960,9.612,1.03,13.7095,0.0,0.1798,5.9107,4.0241,1.8866,1.8082,12,0.657,0.004,0.519,0.067,0.0,0.234,0.653,0.409,1.542,0.065,0.979,0.789,0.801,0.055,0.995,0.904,0.878,0.097,0.999,0.961,0.905,0.154
22,9,val,5988,9.3329,1.0,13.7095,0.0,0.1798,5.9107,4.0241,1.8866,1.8082,12,0.657,0.0042,0.612,0.188,0.0,0.424,0.62,0.456,1.598,0.094,0.949,0.629,0.632,0.07,0.985,0.806,0.789,0.121,0.996,0.916,0.859,0.195
22,10,code,19945,12.4767,0.882,23.2993,0.0,0.6102,5.9174,2.3246,3.5928,2.2798,60,0.356,0.004,0.654,0.017,0.0,0.423,0.323,0.204,1.416,0.242,0.927,0.617,0.651,0.271,0.981,0.719,0.711,0.386,0.997,0.827,0.734,0.487
22,10,dialogue,19952,16.6211,1.175,23.2993,0.0,0.6102,5.9174,2.3246,3.5928,2.2798,60,0.356,0.004,0.538,0.03,0.0,0.273,0.519,0.236,0.685,0.361,0.967,0.761,0.775,0.371,0.994,0.864,0.811,0.432,1.0,0.924,0.844,0.487
22,10,fiction,19898,17.5209,1.239,23.2993,0.0,0.6102,5.9174,2.3246,3.5928,2.2798,60,0.356,0.004,0.6,0.026,0.0,0.314,0.556,0.109,0.766,0.474,0.967,0.704,0.729,0.497,0.992,0.845,0.745,0.583,0.999,0.912,0.77,0.638
22,10,math,19936,14.004,0.99,23.2993,0.0,0.6102,5.9174,2.3246,3.5928,2.2798,60,0.356,0.004,0.662,0.118,0.0,0.47,0.462,0.177,0.934,0.366,0.93,0.592,0.597,0.398,0.98,0.737,0.645,0.512,0.996,0.842,0.696,0.606
22,10,news,19955,14.2729,1.009,23.2993,0.0,0.6102,5.9174,2.3246,3.5928,2.2798,60,0.356,0.0042,0.53,0.103,0.0,0.307,0.51,0.16,0.998,0.385,0.969,0.726,0.737,0.381,0.994,0.839,0.766,0.465,0.999,0.91,0.799,0.529
22,10,val,5980,14.1425,1.0,23.2993,0.0,0.6102,5.9174,2.3246,3.5928,2.2798,60,0.356,0.0042,0.612,0.188,0.0,0.395,0.467,0.183,0.978,0.38,0.949,0.661,0.659,0.373,0.985,0.787,0.703,0.475,0.997,0.864,0.743,0.551
22,11,code,19960,8.723,1.098,13.8276,0.0,0.811,5.9806,1.0923,4.8883,3.4852,34,0.26,0.004,0.658,0.017,0.0,0.403,0.653,0.085,0.213,0.496,0.815,0.725,0.738,0.525,0.914,0.835,0.755,0.582,0.963,0.909,0.78,0.642
22,11,dialogue,19960,8.6881,1.093,13.8276,0.0,0.811,5.9806,1.0923,4.8883,3.4852,34,0.26,0.004,0.538,0.03,0.0,0.359,0.669,0.221,0.394,0.454,0.845,0.76,0.774,0.459,0.931,0.864,0.814,0.51,0.968,0.927,0.844,0.553
22,11,fiction,19960,9.0887,1.144,13.8276,0.0,0.811,5.9806,1.0923,4.8883,3.4852,34,0.26,0.0038,0.584,0.017,0.0,0.242,0.786,0.151,0.302,0.558,0.911,0.814,0.828,0.573,0.976,0.917,0.849,0.609,0.991,0.97,0.867,0.639
22,11,math,19960,8.3534,1.051,13.8276,0.0,0.811,5.9806,1.0923,4.8883,3.4852,34,0.26,0.0039,0.654,0.124,0.0,0.366,0.735,0.17,0.38,0.581,0.867,0.752,0.753,0.602,0.953,0.868,0.791,0.653,0.982,0.942,0.821,0.693
22,11,news,19960,8.3229,1.047,13.8276,0.0,0.811,5.9806,1.0923,4.8883,3.4852,34,0.26,0.004,0.519,0.067,0.0,0.263,0.829,0.167,0.303,0.563,0.903,0.803,0.806,0.582,0.979,0.919,0.837,0.627,0.995,0.977,0.861,0.661
22,11,val,5988,7.9473,1.0,13.8276,0.0,0.811,5.9806,1.0923,4.8883,3.4852,34,0.26,0.0042,0.612,0.188,0.0,0.325,0.777,0.158,0.321,0.544,0.888,0.767,0.764,0.569,0.963,0.883,0.805,0.623,0.987,0.957,0.832,0.669
22,12,code,19960,8.4898,1.322,8.0584,0.0,0.3987,5.8734,3.3191,2.5543,2.0863,4,0.807,0.004,0.658,0.017,0.0,0.18,0.379,0.148,1.069,0.153,0.952,0.813,0.856,0.181,0.982,0.889,0.871,0.234,0.995,0.924,0.889,0.295
22,12,dialogue,19960,6.7972,1.059,8.0584,0.0,0.3987,5.8734,3.3191,2.5543,2.0863,4,0.807,0.004,0.538,0.03,0.0,0.023,0.738,0.729,1.373,0.028,0.995,0.931,0.981,0.037,0.999,0.993,0.993,0.063,1.0,0.997,0.996,0.121
22,12,fiction,19960,7.3938,1.151,8.0584,0.0,0.3987,5.8734,3.3191,2.5543,2.0863,4,0.807,0.0038,0.584,0.017,0.0,0.086,0.39,0.557,1.768,0.03,0.977,0.859,0.918,0.035,0.99,0.942,0.957,0.062,0.997,0.957,0.96,0.115
22,12,math,19960,8.0969,1.261,8.0584,0.0,0.3987,5.8734,3.3191,2.5543,2.0863,4,0.807,0.0039,0.654,0.124,0.0,0.248,0.387,0.307,1.084,0.125,0.937,0.773,0.791,0.151,0.972,0.846,0.843,0.212,0.991,0.898,0.887,0.291
22,12,news,19958,7.016,1.093,8.0584,0.0,0.3987,5.8734,3.3191,2.5543,2.0863,4,0.807,0.004,0.519,0.067,0.0,0.097,0.526,0.439,1.618,0.071,0.979,0.888,0.92,0.068,0.993,0.954,0.95,0.104,0.998,0.969,0.961,0.165
22,12,val,5988,6.4214,1.0,8.0584,0.0,0.3987,5.8734,3.3191,2.5543,2.0863,4,0.807,0.0042,0.612,0.188,0.0,0.146,0.797,0.844,1.673,0.062,0.974,0.89,0.873,0.073,0.991,0.956,0.958,0.112,0.998,0.977,0.976,0.188
22,13,code,19952,8.4645,1.069,11.8661,0.0,0.3632,5.9441,3.7283,2.2158,1.6385,34,0.611,0.004,0.658,0.017,0.0,0.434,0.213,0.163,1.984,0.044,0.952,0.596,0.621,0.068,0.988,0.685,0.668,0.133,0.998,0.749,0.712,0.249
22,13,dialogue,19937,7.7012,0.972,11.8661,0.0,0.3632,5.9441,3.7283,2.2158,1.6385,34,0.611,0.004,0.538,0.03,0.0,0.394,0.33,0.375,1.285,0.039,0.98,0.629,0.657,0.077,0.998,0.755,0.715,0.137,1.0,0.821,0.813,0.253
22,13,fiction,19876,7.822,0.988,11.8661,0.0,0.3632,5.9441,3.7283,2.2158,1.6385,34,0.611,0.0038,0.584,0.017,0.0,0.146,0.249,0.242,1.379,0.027,0.988,0.815,0.869,0.038,0.997,0.894,0.895,0.07,1.0,0.919,0.915,0.143
22,13,math,19947,8.2083,1.036,11.8661,0.0,0.3632,5.9441,3.7283,2.2158,1.6385,34,0.611,0.004,0.662,0.118,0.0,0.538,0.333,0.274,1.624,0.06,0.953,0.509,0.515,0.118,0.99,0.65,0.625,0.203,0.998,0.742,0.673,0.34
22,13,news,19934,8.1568,1.03,11.8661,0.0,0.3632,5.9441,3.7283,2.2158,1.6385,34,0.611,0.0041,0.524,0.089,0.0,0.246,0.364,0.298,1.567,0.049,0.983,0.774,0.791,0.07,0.998,0.854,0.824,0.12,1.0,0.906,0.885,0.209
22,13,val,5982,7.9207,1.0,11.8661,0.0,0.3632,5.9441,3.7283,2.2158,1.6385,34,0.611,0.0042,0.612,0.188,0.0,0.482,0.329,0.203,1.671,0.065,0.949,0.574,0.576,0.104,0.988,0.682,0.641,0.167,0.998,0.787,0.76,0.276
22,14,code,19925,9.5421,0.985,13.7069,0.0,0.3066,5.9197,3.6411,2.2786,1.9515,29,0.474,0.004,0.658,0.017,0.0,0.068,0.366,0.617,1.81,0.034,0.993,0.889,0.94,0.041,0.998,0.946,0.973,0.066,1.0,0.969,0.976,0.138
22,14,dialogue,19960,11.6013,1.198,13.7069,0.0,0.3066,5.9197,3.6411,2.2786,1.9515,29,0.474,0.004,0.538,0.03,0.0,0.434,0.525,0.114,0.993,0.466,0.972,0.607,0.607,0.532,0.995,0.77,0.637,0.655,1.0,0.896,0.704,0.722
22,14,fiction,19959,12.193,1.259,13.7069,0.0,0.3066,5.9197,3.6411,2.2786,1.9515,29,0.474,0.0038,0.584,0.017,0.0,0.597,0.483,0.131,1.26,0.44,0.956,0.452,0.455,0.492,0.991,0.661,0.505,0.648,0.999,0.834,0.616,0.764
22,14,math,19902,9.895,1.022,13.7069,0.0,0.3066,5.9197,3.6411,2.2786,1.9515,29,0.474,0.0039,0.654,0.124,0.0,0.292,0.444,0.425,1.649,0.134,0.966,0.73,0.739,0.141,0.992,0.823,0.83,0.21,0.999,0.903,0.865,0.295
22,14,news,19959,9.8456,1.017,13.7069,0.0,0.3066,5.9197,3.6411,2.2786,1.9515,29,0.474,0.004,0.519,0.067,0.0,0.424,0.548,0.19,1.487,0.281,0.96,0.611,0.631,0.257,0.993,0.777,0.673,0.372,0.999,0.914,0.735,0.483
22,14,val,5988,9.6837,1.0,13.7069,0.0,0.3066,5.9197,3.6411,2.2786,1.9515,29,0.474,0.0042,0.612,0.188,0.0,0.525,0.521,0.191,1.48,0.328,0.946,0.543,0.535,0.318,0.987,0.72,0.594,0.458,0.998,0.874,0.678,0.58
22,15,code,19933,8.1716,1.02,14.0286,0.0,0.377,5.8771,3.5033,2.3739,1.9284,31,0.573,0.004,0.658,0.017,0.0,0.362,0.229,0.214,1.789,0.04,0.975,0.59,0.678,0.067,0.996,0.726,0.733,0.133,1.0,0.79,0.766,0.273
22,15,dialogue,19926,7.6738,0.958,14.0286,0.0,0.377,5.8771,3.5033,2.3739,1.9284,31,0.573,0.004,0.538,0.03,0.0,0.344,0.376,0.192,1.332,0.036,0.985,0.628,0.697,0.073,0.999,0.786,0.741,0.14,1.0,0.871,0.812,0.29
22,15,fiction,19773,8.2367,1.028,14.0286,0.0,0.377,5.8771,3.5033,2.3739,1.9284,31,0.573,0.0038,0.584,0.017,0.0,0.233,0.363,0.308,1.514,0.029,0.988,0.719,0.789,0.041,0.998,0.844,0.815,0.084,1.0,0.902,0.888,0.184
22,15,math,19935,8.1304,1.015,14.0286,0.0,0.377,5.8771,3.5033,2.3739,1.9284,31,0.573,0.0039,0.654,0.124,0.0,0.515,0.246,0.226,1.562,0.052,0.963,0.502,0.527,0.109,0.993,0.605,0.601,0.199,0.999,0.711,0.693,0.357
22,15,news,19912,8.5517,1.067,14.0286,0.0,0.377,5.8771,3.5033,2.3739,1.9284,31,0.573,0.0041,0.524,0.066,0.0,0.276,0.507,0.241,1.526,0.046,0.985,0.736,0.76,0.078,0.999,0.852,0.799,0.145,1.0,0.93,0.858,0.256
22,15,val,5976,8.0116,1.0,14.0286,0.0,0.377,5.8771,3.5033,2.3739,1.9284,31,0.573,0.0042,0.612,0.188,0.0,0.481,0.424,0.307,1.594,0.055,0.966,0.567,0.567,0.093,0.993,0.709,0.652,0.167,0.999,0.834,0.811,0.285
23,0,code,19947,9.1265,1.051,12.6488,0.0,0.6575,5.9758,1.8187,4.1571,3.3094,41,0.701,0.0074,0.395,0.236,0.0,0.294,0.31,0.352,0.782,0.1,0.919,0.741,0.765,0.114,0.964,0.814,0.824,0.181,0.988,0.869,0.861,0.272
23,0,dialogue,19960,9.9344,1.144,12.6488,0.0,0.6575,5.9758,1.8187,4.1571,3.3094,41,0.701,0.0044,0.517,0.072,0.0,0.226,0.398,0.251,0.699,0.152,0.941,0.796,0.811,0.157,0.975,0.865,0.849,0.215,0.992,0.914,0.868,0.271
23,0,fiction,19804,10.398,1.197,12.6488,0.0,0.6575,5.9758,1.8187,4.1571,3.3094,41,0.701,0.0042,0.529,0.101,0.0,0.124,0.445,0.229,0.732,0.128,0.964,0.88,0.901,0.133,0.983,0.932,0.919,0.177,0.993,0.957,0.929,0.223
23,0,math,19914,9.5063,1.094,12.6488,0.0,0.6575,5.9758,1.8187,4.1571,3.3094,41,0.701,0.0058,0.457,0.237,0.0,0.291,0.388,0.356,0.787,0.126,0.915,0.757,0.765,0.142,0.962,0.828,0.827,0.207,0.987,0.887,0.858,0.288
23,0,news,19960,8.8655,1.021,12.6488,0.0,0.6575,5.9758,1.8187,4.1571,3.3094,41,0.701,0.0046,0.505,0.165,0.0,0.192,0.475,0.256,0.804,0.182,0.934,0.852,0.857,0.184,0.972,0.905,0.886,0.238,0.991,0.943,0.907,0.299
23,0,val,5988,8.6871,1.0,12.6488,0.0,0.6575,5.9758,1.8187,4.1571,3.3094,41,0.701,0.0064,0.685,0.328,0.0,0.239,0.444,0.366,0.782,0.167,0.922,0.816,0.817,0.174,0.964,0.874,0.861,0.234,0.987,0.922,0.899,0.32
23,1,code,19926,8.107,0.931,15.7145,0.0,0.3,5.7939,3.5297,2.2641,2.0743,4,0.557,0.004,0.642,0.032,0.0,0.081,0.272,0.309,2.034,0.057,0.989,0.824,0.934,0.067,0.997,0.949,0.953,0.105,1.0,0.955,0.954,0.214
23,1,dialogue,19953,10.097,1.159,15.7145,0.0,0.3,5.7939,3.5297,2.2641,2.0743,4,0.557,0.0042,0.518,0.03,0.0,0.349,0.39,0.21,2.068,0.244,0.961,0.662,0.69,0.171,0.989,0.772,0.725,0.252,0.998,0.839,0.802,0.352
23,1,fiction,19885,10.9527,1.257,15.7145,0.0,0.3,5.7939,3.5297,2.2641,2.0743,4,0.557,0.0046,0.527,0.072,0.0,0.44,0.297,0.201,2.227,0.341,0.956,0.564,0.599,0.197,0.987,0.68,0.648,0.301,0.997,0.758,0.73,0.413
23,1,math,19847,8.6238,0.99,15.7145,0.0,0.3,5.7939,3.5297,2.2641,2.0743,4,0.557,0.0043,0.593,0.132,0.0,0.378,0.345,0.228,1.996,0.28,0.953,0.622,0.659,0.183,0.983,0.745,0.722,0.289,0.996,0.816,0.769,0.404
23,1,news,19923,8.8085,1.011,15.7145,0.0,0.3,5.7939,3.5297,2.2641,2.0743,4,0.557,0.0041,0.512,0.067,0.0,0.231,0.594,0.201,1.82,0.258,0.989,0.764,0.791,0.167,0.998,0.888,0.818,0.241,1.0,0.944,0.859,0.314
23,1,val,5938,8.7124,1.0,15.7145,0.0,0.3,5.7939,3.5297,2.2641,2.0743,4,0.557,0.0042,0.612,0.188,0.0,0.337,0.618,0.257,1.752,0.293,0.973,0.696,0.691,0.19,0.993,0.835,0.742,0.275,0.999,0.935,0.835,0.37
23,2,code,19960,11.3949,1.129,16.6574,0.0,0.55,5.9672,1.8917,4.0755,3.952,31,0.798,0.004,0.658,0.017,0.0,0.173,0.701,0.077,1.069,0.423,0.987,0.849,0.849,0.302,0.998,0.937,0.857,0.351,1.0,0.977,0.868,0.376
23,2,dialogue,19960,11.6201,1.151,16.6574,0.0,0.55,5.9672,1.8917,4.0755,3.952,31,0.798,0.004,0.538,0.03,0.0,0.093,0.656,0.136,1.04,0.217,0.997,0.917,0.917,0.146,1.0,0.962,0.924,0.186,1.0,0.984,0.931,0.213
23,2,fiction,19960,12.0008,1.189,16.6574,0.0,0.55,5.9672,1.8917,4.0755,3.952,31,0.798,0.0038,0.584,0.017,0.0,0.074,0.549,0.161,1.019,0.181,0.988,0.941,0.941,0.15,0.996,0.967,0.948,0.175,0.999,0.981,0.953,0.206
23,2,math,19960,11.4075,1.13,16.6574,0.0,0.55,5.9672,1.8917,4.0755,3.952,31,0.798,0.0039,0.654,0.124,0.0,0.183,0.654,0.137,1.007,0.335,0.975,0.851,0.851,0.246,0.991,0.93,0.867,0.287,0.997,0.971,0.883,0.316
23,2,news,19960,10.3272,1.023,16.6574,0.0,0.55,5.9672,1.8917,4.0755,3.952,31,0.798,0.004,0.519,0.067,0.0,0.079,0.719,0.251,1.029,0.175,0.984,0.937,0.937,0.142,0.997,0.971,0.948,0.168,0.999,0.989,0.959,0.198
23,2,val,5988,10.0955,1.0,16.6574,0.0,0.55,5.9672,1.8917,4.0755,3.952,31,0.798,0.0042,0.612,0.188,0.0,0.107,0.683,0.301,1.014,0.183,0.98,0.92,0.92,0.148,0.994,0.964,0.94,0.177,0.999,0.985,0.955,0.209
23,3,code,19960,9.4353,1.322,9.1724,0.0,0.5283,5.8925,2.8254,3.0671,2.0778,47,0.736,0.0042,0.627,0.055,0.0,0.254,0.523,0.066,0.875,0.568,0.956,0.778,0.783,0.557,0.985,0.863,0.796,0.61,0.996,0.915,0.805,0.647
23,3,dialogue,19960,7.5832,1.062,9.1724,0.0,0.5283,5.8925,2.8254,3.0671,2.0778,47,0.736,0.004,0.538,0.03,0.0,0.075,0.516,0.382,1.402,0.11,0.973,0.919,0.936,0.103,0.989,0.959,0.953,0.13,0.996,0.974,0.963,0.179
23,3,fiction,19960,7.6535,1.072,9.1724,0.0,0.5283,5.8925,2.8254,3.0671,2.0778,47,0.736,0.0038,0.584,0.017,0.0,0.146,0.241,0.543,1.47,0.069,0.945,0.844,0.877,0.062,0.969,0.897,0.912,0.094,0.986,0.92,0.937,0.147
23,3,math,19960,7.8961,1.106,9.1724,0.0,0.5283,5.8925,2.8254,3.0671,2.0778,47,0.736,0.0039,0.654,0.124,0.0,0.295,0.426,0.224,1.311,0.281,0.912,0.754,0.757,0.266,0.956,0.827,0.793,0.331,0.982,0.886,0.824,0.391
23,3,news,19960,7.8461,1.099,9.1724,0.0,0.5283,5.8925,2.8254,3.0671,2.0778,47,0.736,0.004,0.519,0.067,0.0,0.129,0.464,0.205,0.989,0.155,0.965,0.894,0.897,0.153,0.987,0.93,0.914,0.194,0.996,0.957,0.926,0.249
23,3,val,5988,7.1376,1.0,9.1724,0.0,0.5283,5.8925,2.8254,3.0671,2.0778,47,0.736,0.0042,0.612,0.188,0.0,0.17,0.512,0.425,1.305,0.165,0.956,0.864,0.86,0.156,0.983,0.911,0.902,0.201,0.995,0.951,0.93,0.254
23,4,code,19959,8.7876,1.338,8.3185,0.0,0.2788,5.8095,4.083,1.7265,1.4258,24,0.643,0.004,0.662,0.017,0.0,0.359,0.369,0.379,1.355,0.342,0.922,0.687,0.716,0.257,0.972,0.788,0.778,0.34,0.992,0.842,0.818,0.43
23,4,dialogue,19960,7.9143,1.205,8.3185,0.0,0.2788,5.8095,4.083,1.7265,1.4258,24,0.643,0.004,0.538,0.03,0.0,0.177,0.27,0.13,1.596,0.228,0.989,0.777,0.833,0.105,0.996,0.866,0.848,0.144,0.998,0.896,0.86,0.223
23,4,fiction,19953,7.8409,1.194,8.3185,0.0,0.2788,5.8095,4.083,1.7265,1.4258,24,0.643,0.0038,0.584,0.017,0.0,0.187,0.34,0.322,1.661,0.168,0.975,0.75,0.825,0.082,0.988,0.865,0.868,0.123,0.996,0.896,0.884,0.217
23,4,math,19960,7.5358,1.148,8.3185,0.0,0.2788,5.8095,4.083,1.7265,1.4258,24,0.643,0.0039,0.654,0.124,0.0,0.316,0.503,0.471,1.561,0.231,0.944,0.71,0.725,0.148,0.979,0.828,0.823,0.214,0.994,0.891,0.86,0.313
23,4,news,19960,7.1554,1.09,8.3185,0.0,0.2788,5.8095,4.083,1.7265,1.4258,24,0.643,0.004,0.519,0.067,0.0,0.338,0.381,0.288,1.805,0.283,0.942,0.701,0.709,0.126,0.976,0.791,0.764,0.186,0.992,0.859,0.807,0.274
23,4,val,5988,6.5658,1.0,8.3185,0.0,0.2788,5.8095,4.083,1.7265,1.4258,24,0.643,0.0042,0.612,0.188,0.0,0.336,0.584,0.566,1.834,0.147,0.912,0.74,0.732,0.108,0.96,0.85,0.843,0.168,0.986,0.908,0.882,0.258
23,5,code,19954,13.9389,1.132,23.8606,0.0,0.6599,5.9541,1.9312,4.0229,2.8423,52,0.305,0.004,0.658,0.017,0.0,0.3,0.416,0.1,1.301,0.207,0.972,0.652,0.739,0.231,0.995,0.821,0.758,0.333,0.999,0.877,0.774,0.411
23,5,dialogue,19960,12.3542,1.003,23.8606,0.0,0.6599,5.9541,1.9312,4.0229,2.8423,52,0.305,0.004,0.538,0.03,0.0,0.51,0.704,0.077,0.459,0.341,0.948,0.547,0.549,0.471,0.986,0.81,0.571,0.622,0.997,0.923,0.615,0.702
23,5,fiction,19954,12.1125,0.983,23.8606,0.0,0.6599,5.9541,1.9312,4.0229,2.8423,52,0.305,0.0038,0.584,0.017,0.0,0.518,0.645,0.123,0.587,0.28,0.942,0.525,0.542,0.372,0.988,0.77,0.577,0.518,0.998,0.901,0.655,0.644
23,5,math,19949,12.923,1.049,23.8606,0.0,0.6599,5.9541,1.9312,4.0229,2.8423,52,0.305,0.0039,0.654,0.124,0.0,0.553,0.607,0.11,0.71,0.414,0.947,0.526,0.517,0.509,0.99,0.758,0.546,0.661,0.999,0.871,0.612,0.746
23,5,news,19960,12.3358,1.002,23.8606,0.0,0.6599,5.9541,1.9312,4.0229,2.8423,52,0.305,0.004,0.519,0.067,0.0,0.399,0.67,0.127,0.7,0.304,0.966,0.637,0.657,0.371,0.996,0.846,0.686,0.501,1.0,0.933,0.742,0.588
23,5,val,5988,12.3159,1.0,23.8606,0.0,0.6599,5.9541,1.9312,4.0229,2.8423,52,0.305,0.0042,0.612,0.188,0.0,0.533,0.637,0.139,0.688,0.353,0.949,0.545,0.528,0.438,0.99,0.765,0.568,0.586,0.999,0.893,0.644,0.698
23,6,code,19945,14.5257,1.039,25.2772,0.0,0.8421,5.966,1.0236,4.9424,3.8718,29,0.498,0.0058,0.765,0.178,0.0,0.155,0.478,0.141,0.468,0.191,0.967,0.83,0.877,0.223,0.989,0.927,0.887,0.281,0.997,0.95,0.903,0.348
23,6,dialogue,19928,15.5646,1.113,25.2772,0.0,0.8421,5.966,1.0236,4.9424,3.8718,29,0.498,0.004,0.543,0.045,0.0,0.278,0.571,0.112,0.299,0.243,0.97,0.742,0.758,0.32,0.992,0.873,0.774,0.405,0.998,0.932,0.805,0.474
23,6,fiction,19752,15.8481,1.133,25.2772,0.0,0.8421,5.966,1.0236,4.9424,3.8718,29,0.498,0.0044,0.64,0.154,0.0,0.248,0.501,0.091,0.41,0.273,0.98,0.747,0.778,0.323,0.996,0.869,0.789,0.388,0.999,0.917,0.809,0.465
23,6,math,19884,14.0284,1.003,25.2772,0.0,0.8421,5.966,1.0236,4.9424,3.8718,29,0.498,0.0042,0.675,0.165,0.0,0.255,0.529,0.124,0.349,0.372,0.97,0.769,0.781,0.418,0.993,0.878,0.797,0.479,0.999,0.927,0.823,0.545
23,6,news,19920,13.7943,0.986,25.2772,0.0,0.8421,5.966,1.0236,4.9424,3.8718,29,0.498,0.0044,0.552,0.136,0.0,0.241,0.595,0.097,0.396,0.326,0.984,0.782,0.788,0.379,0.998,0.897,0.799,0.444,1.0,0.942,0.821,0.51
23,6,val,5944,13.9836,1.0,25.2772,0.0,0.8421,5.966,1.0236,4.9424,3.8718,29,0.498,0.0043,0.616,0.199,0.0,0.249,0.581,0.114,0.373,0.336,0.98,0.781,0.778,0.386,0.997,0.892,0.795,0.445,1.0,0.94,0.819,0.518
23,7,code,19960,13.8676,1.336,16.4896,0.0,0.2363,5.8814,4.1098,1.7716,1.6057,48,0.1,0.0008,0.353,0.277,0.0,0.906,0.166,0.037,2.045,0.179,0.898,0.171,0.135,0.213,0.975,0.259,0.155,0.339,0.997,0.398,0.261,0.502
23,7,dialogue,19960,10.5631,1.018,16.4896,0.0,0.2363,5.8814,4.1098,1.7716,1.6057,48,0.1,0.0026,0.0,0.29,0.0,0.856,0.299,0.167,1.77,0.163,0.932,0.24,0.182,0.215,0.985,0.387,0.265,0.352,0.998,0.551,0.39,0.557
23,7,fiction,19959,11.4539,1.104,16.4896,0.0,0.2363,5.8814,4.1098,1.7716,1.6057,48,0.1,0.0003,0.0,0.26,0.0,0.921,0.103,0.024,2.206,0.128,0.918,0.136,0.115,0.19,0.981,0.194,0.128,0.32,0.998,0.336,0.205,0.527
23,7,math,19960,12.1491,1.171,16.4896,0.0,0.2363,5.8814,4.1098,1.7716,1.6057,48,0.1,0.0038,0.0,0.276,0.0,0.855,0.274,0.132,1.779,0.209,0.938,0.263,0.186,0.269,0.988,0.388,0.253,0.455,0.999,0.538,0.366,0.679
23,7,news,19941,12.306,1.186,16.4896,0.0,0.2363,5.8814,4.1098,1.7716,1.6057,48,0.1,0.013,0.023,0.276,0.0,0.756,0.543,0.175,1.53,0.429,0.972,0.443,0.285,0.404,0.996,0.635,0.37,0.613,1.0,0.811,0.573,0.784
23,7,val,5987,10.3791,1.0,16.4896,0.0,0.2363,5.8814,4.1098,1.7716,1.6057,48,0.1,0.0119,0.004,0.284,0.0,0.821,0.583,0.348,1.778,0.269,0.95,0.423,0.222,0.258,0.989,0.636,0.429,0.421,0.998,0.796,0.636,0.614
23,8,code,19885,16.6654,1.071,22.6899,0.0,0.3473,5.9269,3.5321,2.3948,1.926,26,0.324,0.0061,0.779,0.198,0.0,0.403,0.398,0.401,1.545,0.227,0.971,0.558,0.631,0.175,0.995,0.749,0.723,0.273,1.0,0.848,0.79,0.382
23,8,dialogue,19907,16.3279,1.049,22.6899,0.0,0.3473,5.9269,3.5321,2.3948,1.926,26,0.324,0.004,0.538,0.03,0.0,0.555,0.662,0.299,1.154,0.249,0.983,0.488,0.474,0.28,0.998,0.748,0.615,0.443,1.0,0.891,0.865,0.567
23,8,fiction,19616,16.8302,1.082,22.6899,0.0,0.3473,5.9269,3.5321,2.3948,1.926,26,0.324,0.0051,0.686,0.15,0.0,0.517,0.593,0.312,1.328,0.212,0.984,0.487,0.508,0.2,0.999,0.733,0.647,0.303,1.0,0.87,0.862,0.43
23,8,math,19705,16.0671,1.033,22.6899,0.0,0.3473,5.9269,3.5321,2.3948,1.926,26,0.324,0.0048,0.719,0.249,0.0,0.557,0.567,0.385,1.26,0.323,0.976,0.461,0.473,0.297,0.997,0.724,0.617,0.441,1.0,0.853,0.768,0.573
23,8,news,19764,16.7787,1.078,22.6899,0.0,0.3473,5.9269,3.5321,2.3948,1.926,26,0.324,0.0041,0.524,0.081,0.0,0.55,0.471,0.185,1.096,0.31,0.989,0.459,0.475,0.256,0.999,0.678,0.554,0.383,1.0,0.79,0.718,0.502
23,8,val,5877,15.5582,1.0,22.6899,0.0,0.3473,5.9269,3.5321,2.3948,1.926,26,0.324,0.0042,0.612,0.188,0.0,0.503,0.712,0.452,1.19,0.256,0.988,0.532,0.522,0.23,0.999,0.806,0.68,0.366,1.0,0.925,0.884,0.493
23,9,code,19960,6.9371,1.142,7.792,0.0,0.3396,5.892,3.6685,2.2234,1.7371,10,0.808,0.004,0.658,0.017,0.0,0.159,0.39,0.262,1.604,0.086,0.948,0.859,0.88,0.079,0.976,0.911,0.907,0.12,0.991,0.94,0.922,0.174
23,9,dialogue,19960,6.1659,1.015,7.792,0.0,0.3396,5.892,3.6685,2.2234,1.7371,10,0.808,0.004,0.538,0.03,0.0,0.083,0.366,0.358,1.66,0.074,0.988,0.891,0.926,0.041,0.996,0.945,0.943,0.066,0.999,0.958,0.951,0.116
23,9,fiction,19955,6.7528,1.112,7.792,0.0,0.3396,5.892,3.6685,2.2234,1.7371,10,0.808,0.0038,0.584,0.017,0.0,0.186,0.529,0.75,1.804,0.041,0.953,0.804,0.841,0.044,0.982,0.895,0.935,0.082,0.993,0.943,0.949,0.158
23,9,math,19960,6.3255,1.042,7.792,0.0,0.3396,5.892,3.6685,2.2234,1.7371,10,0.808,0.004,0.658,0.121,0.0,0.33,0.313,0.356,1.588,0.106,0.891,0.725,0.737,0.114,0.948,0.791,0.811,0.178,0.982,0.851,0.838,0.266
23,9,news,19960,6.563,1.081,7.792,0.0,0.3396,5.892,3.6685,2.2234,1.7371,10,0.808,0.004,0.519,0.067,0.0,0.122,0.488,0.352,1.6,0.096,0.973,0.884,0.898,0.072,0.991,0.934,0.924,0.109,0.997,0.96,0.944,0.167
23,9,val,5987,6.0726,1.0,7.792,0.0,0.3396,5.892,3.6685,2.2234,1.7371,10,0.808,0.0042,0.612,0.188,0.0,0.181,0.566,0.482,1.657,0.101,0.956,0.851,0.848,0.091,0.982,0.909,0.904,0.139,0.994,0.95,0.934,0.203
23,10,code,19914,18.3216,0.99,30.8053,0.0,0.6721,5.9545,1.8684,4.086,2.8381,44,0.146,0.0059,0.771,0.133,0.0,0.475,0.449,0.135,1.376,0.254,0.96,0.417,0.559,0.27,0.991,0.685,0.603,0.376,0.998,0.814,0.667,0.506
23,10,dialogue,19943,19.434,1.05,30.8053,0.0,0.6721,5.9545,1.8684,4.086,2.8381,44,0.146,0.0041,0.549,0.044,0.0,0.58,0.569,0.115,0.781,0.379,0.967,0.503,0.458,0.453,0.994,0.706,0.509,0.593,0.999,0.842,0.565,0.728
23,10,fiction,19821,20.0861,1.085,30.8053,0.0,0.6721,5.9545,1.8684,4.086,2.8381,44,0.146,0.0074,0.776,0.208,0.0,0.532,0.534,0.09,0.837,0.382,0.978,0.47,0.5,0.429,0.997,0.69,0.535,0.565,1.0,0.839,0.582,0.699
23,10,math,19781,18.0229,0.974,30.8053,0.0,0.6721,5.9545,1.8684,4.086,2.8381,44,0.146,0.0043,0.686,0.164,0.0,0.557,0.581,0.125,0.829,0.379,0.976,0.492,0.473,0.435,0.996,0.711,0.527,0.584,1.0,0.858,0.58,0.71
23,10,news,19870,18.7044,1.011,30.8053,0.0,0.6721,5.9545,1.8684,4.086,2.8381,44,0.146,0.0044,0.552,0.116,0.0,0.43,0.736,0.14,0.68,0.496,0.991,0.581,0.596,0.542,1.0,0.834,0.642,0.68,1.0,0.944,0.686,0.756
23,10,val,5942,18.5087,1.0,30.8053,0.0,0.6721,5.9545,1.8684,4.086,2.8381,44,0.146,0.0043,0.616,0.192,0.0,0.49,0.66,0.136,0.738,0.462,0.984,0.553,0.54,0.498,0.998,0.791,0.587,0.651,1.0,0.904,0.65,0.742
23,11,code,19958,13.587,0.976,23.2038,0.0,0.7786,5.9375,1.6924,4.2451,1.9662,48,0.326,0.004,0.658,0.017,0.0,0.275,0.359,0.092,1.325,0.329,0.947,0.738,0.778,0.335,0.983,0.844,0.792,0.404,0.996,0.873,0.808,0.459
23,11,dialogue,19942,16.238,1.167,23.2038,0.0,0.7786,5.9375,1.6924,4.2451,1.9662,48,0.326,0.004,0.538,0.03,0.0,0.162,0.426,0.106,0.584,0.364,0.961,0.834,0.874,0.377,0.985,0.916,0.881,0.41,0.996,0.942,0.896,0.463
23,11,fiction,19811,17.1363,1.231,23.2038,0.0,0.7786,5.9375,1.6924,4.2451,1.9662,48,0.326,0.0038,0.584,0.017,0.0,0.124,0.59,0.115,0.539,0.496,0.99,0.855,0.893,0.508,0.997,0.95,0.899,0.539,0.999,0.963,0.908,0.567
23,11,math,19853,13.9029,0.999,23.2038,0.0,0.7786,5.9375,1.6924,4.2451,1.9662,48,0.326,0.004,0.658,0.121,0.0,0.215,0.583,0.105,0.603,0.486,0.976,0.801,0.818,0.52,0.995,0.911,0.829,0.572,0.999,0.94,0.845,0.618
23,11,news,19949,13.8392,0.994,23.2038,0.0,0.7786,5.9375,1.6924,4.2451,1.9662,48,0.326,0.004,0.519,0.067,0.0,0.201,0.615,0.096,0.69,0.535,0.988,0.811,0.825,0.557,0.999,0.924,0.834,0.609,1.0,0.943,0.849,0.644
23,11,val,5975,13.9168,1.0,23.2038,0.0,0.7786,5.9375,1.6924,4.2451,1.9662,48,0.326,0.0042,0.612,0.188,0.0,0.243,0.624,0.089,0.72,0.483,0.987,0.781,0.784,0.507,0.998,0.903,0.795,0.582,1.0,0.932,0.811,0.625
23,12,code,19960,11.0595,1.108,20.5214,0.0,0.7599,5.9808,1.8643,4.1164,1.9253,45,0.08,0.004,0.658,0.017,0.0,0.348,0.465,0.044,1.046,0.824,0.969,0.68,0.702,0.706,0.994,0.797,0.71,0.751,0.999,0.881,0.727,0.792
23,12,dialogue,19960,12.2179,1.224,20.5214,0.0,0.7599,5.9808,1.8643,4.1164,1.9253,45,0.08,0.004,0.538,0.03,0.0,0.243,0.516,0.048,0.659,0.919,0.99,0.782,0.783,0.762,0.998,0.876,0.789,0.791,1.0,0.917,0.798,0.823
23,12,fiction,19960,11.8159,1.184,20.5214,0.0,0.7599,5.9808,1.8643,4.1164,1.9253,45,0.08,0.0038,0.584,0.017,0.0,0.197,0.708,0.064,0.52,0.888,0.992,0.824,0.829,0.816,0.999,0.933,0.835,0.836,1.0,0.961,0.846,0.846
23,12,math,19960,10.6725,1.069,20.5214,0.0,0.7599,5.9808,1.8643,4.1164,1.9253,45,0.08,0.0039,0.654,0.124,0.0,0.242,0.618,0.053,0.587,0.907,0.987,0.797,0.79,0.813,0.997,0.9,0.798,0.841,1.0,0.941,0.809,0.859
23,12,news,19960,10.413,1.043,20.5214,0.0,0.7599,5.9808,1.8643,4.1164,1.9253,45,0.08,0.004,0.519,0.067,0.0,0.255,0.669,0.058,0.687,0.833,0.986,0.774,0.781,0.778,0.998,0.904,0.789,0.814,1.0,0.939,0.803,0.829
23,12,val,5988,9.9801,1.0,20.5214,0.0,0.7599,5.9808,1.8643,4.1164,1.9253,45,0.08,0.0042,0.612,0.188,0.0,0.285,0.596,0.053,0.776,0.815,0.985,0.756,0.752,0.743,0.998,0.879,0.762,0.801,1.0,0.918,0.778,0.823
23,13,code,19955,15.7497,1.009,28.0883,0.0,0.6069,5.9671,1.7554,4.2117,3.9463,32,0.427,0.004,0.667,0.03,0.0,0.36,0.404,0.097,0.821,0.356,0.95,0.67,0.693,0.363,0.988,0.787,0.716,0.432,0.998,0.861,0.738,0.514
23,13,dialogue,19909,16.9545,1.086,28.0883,0.0,0.6069,5.9671,1.7554,4.2117,3.9463,32,0.427,0.004,0.543,0.045,0.0,0.295,0.438,0.127,0.723,0.278,0.969,0.721,0.738,0.285,0.993,0.823,0.759,0.363,0.999,0.895,0.792,0.438
23,13,fiction,19737,17.131,1.097,28.0883,0.0,0.6069,5.9671,1.7554,4.2117,3.9463,32,0.427,0.0038,0.584,0.017,0.0,0.215,0.53,0.083,0.767,0.372,0.984,0.792,0.813,0.362,0.998,0.89,0.823,0.411,1.0,0.941,0.836,0.46
23,13,math,19651,16.1592,1.035,28.0883,0.0,0.6069,5.9671,1.7554,4.2117,3.9463,32,0.427,0.0039,0.654,0.124,0.0,0.33,0.511,0.075,0.752,0.453,0.972,0.705,0.714,0.441,0.995,0.826,0.729,0.507,0.999,0.898,0.752,0.569
23,13,news,19861,15.4342,0.988,28.0883,0.0,0.6069,5.9671,1.7554,4.2117,3.9463,32,0.427,0.0042,0.536,0.1,0.0,0.194,0.631,0.078,0.771,0.408,0.988,0.824,0.831,0.388,0.999,0.92,0.839,0.431,1.0,0.964,0.855,0.467
23,13,val,5897,15.6157,1.0,28.0883,0.0,0.6069,5.9671,1.7554,4.2117,3.9463,32,0.427,0.0042,0.612,0.188,0.0,0.246,0.63,0.081,0.768,0.448,0.986,0.782,0.785,0.426,0.998,0.9,0.796,0.479,1.0,0.951,0.817,0.517
23,14,code,19960,13.3382,1.115,23.8403,0.0,0.8408,5.9817,1.0173,4.9644,3.6399,50,0.15,0.0046,0.696,0.184,0.0,0.221,0.662,0.078,0.632,0.513,0.97,0.63,0.826,0.526,0.995,0.916,0.833,0.576,0.999,0.955,0.844,0.619
23,14,dialogue,19960,14.2397,1.19,23.8403,0.0,0.8408,5.9817,1.0173,4.9644,3.6399,50,0.15,0.004,0.538,0.03,0.0,0.244,0.864,0.077,0.343,0.694,0.987,0.791,0.791,0.778,0.998,0.963,0.801,0.8,1.0,0.98,0.811,0.817
23,14,fiction,19955,14.6934,1.228,23.8403,0.0,0.8408,5.9817,1.0173,4.9644,3.6399,50,0.15,0.0038,0.584,0.017,0.0,0.295,0.959,0.069,0.216,0.692,0.993,0.807,0.741,0.826,1.0,0.975,0.751,0.872,1.0,0.994,0.766,0.882
23,14,math,19953,12.7143,1.063,23.8403,0.0,0.8408,5.9817,1.0173,4.9644,3.6399,50,0.15,0.004,0.65,0.144,0.0,0.244,0.868,0.083,0.295,0.716,0.985,0.795,0.798,0.782,0.998,0.957,0.808,0.815,1.0,0.983,0.82,0.831
23,14,news,19960,12.4889,1.044,23.8403,0.0,0.8408,5.9817,1.0173,4.9644,3.6399,50,0.15,0.0041,0.524,0.089,0.0,0.282,0.863,0.074,0.248,0.62,0.983,0.737,0.762,0.716,0.999,0.945,0.772,0.782,1.0,0.982,0.787,0.807
23,14,val,5986,11.9641,1.0,23.8403,0.0,0.8408,5.9817,1.0173,4.9644,3.6399,50,0.15,0.0042,0.612,0.188,0.0,0.29,0.923,0.066,0.278,0.644,0.987,0.763,0.757,0.744,0.999,0.958,0.769,0.799,1.0,0.986,0.781,0.815
23,15,code,19957,10.6186,0.977,17.928,0.0,0.669,5.9424,2.254,3.6884,1.74,44,0.024,0.0188,0.439,0.015,0.0,0.591,0.384,0.045,1.692,0.699,0.962,0.585,0.467,0.652,0.993,0.663,0.483,0.828,0.999,0.766,0.515,0.936
23,15,dialogue,19958,11.736,1.08,17.928,0.0,0.669,5.9424,2.254,3.6884,1.74,44,0.024,0.021,0.264,0.014,0.0,0.382,0.589,0.058,0.854,0.857,0.984,0.785,0.649,0.851,0.995,0.847,0.661,0.923,0.999,0.894,0.686,0.951
23,15,fiction,19957,11.9312,1.098,17.928,0.0,0.669,5.9424,2.254,3.6884,1.74,44,0.024,0.0199,0.156,0.018,0.0,0.463,0.52,0.058,1.198,0.753,0.988,0.722,0.571,0.773,0.999,0.783,0.585,0.909,1.0,0.847,0.613,0.968
23,15,math,19956,10.861,0.999,17.928,0.0,0.669,5.9424,2.254,3.6884,1.74,44,0.024,0.0174,0.215,0.016,0.0,0.42,0.499,0.059,1.042,0.785,0.978,0.756,0.623,0.805,0.996,0.804,0.636,0.909,1.0,0.857,0.659,0.966
23,15,news,19954,11.1323,1.024,17.928,0.0,0.669,5.9424,2.254,3.6884,1.74,44,0.024,0.0192,0.143,0.015,0.0,0.388,0.628,0.07,1.015,0.821,0.991,0.805,0.646,0.844,0.999,0.858,0.66,0.95,1.0,0.905,0.686,0.984
23,15,val,5986,10.8668,1.0,17.928,0.0,0.669,5.9424,2.254,3.6884,1.74,44,0.024,0.0179,0.148,0.014,0.0,0.377,0.561,0.067,1.107,0.835,0.993,0.796,0.65,0.848,0.999,0.836,0.664,0.958,1.0,0.881,0.689,0.983
